"Gundam","Zoids","Gundam","Titles","A","B","C","D","E","F","G","H","How_to_Draw","I","J","K","L","M","N","O","P","Q","R","S","T","U","V","W","Web_Rings","X","Y","Z","A","B","C","D","E","F","G","H","I","J","K","L","M","N","O","P","Q","R","S","T","U","V","W","Web_Rings","X","Y","Z","A","B","C","D","E","F","G","H","I","J","K","L","M","N","O","P","Q","R","S","T","U","V","W","Web_Rings","X","Y","Z","Avatars","Cast_and_Crew","Characters","Image_Galleries","Reviews","Cast_and_Crew","Bubblegum_Crash","Bubblegum_Crisis_2032","Bubblegum_Crisis_2040","Soldier_Blue","Cast_and_Crew","Characters","Chats_and_Forums","Fan_Pages","Fan_Works","Image_Galleries","Web_Rings","Articles_and_Interviews","Characters","Fan_Works","Characters","Chats_and_Forums","Fan_Pages","Fan_Works","Multimedia","Roleplaying","Web_Rings","Dirty_Pair_Flash","Characters","Dragon_Ball","Dragon_Ball_GT","Dragon_Ball_Z","Fan_Pages","Image_Galleries","Information","Cast_and_Crew","Characters","Directories","Fan_Pages","Fan_Works","Image_Galleries","Information","Multimedia","Web_Rings","Cast_and_Crew","Characters","Chats_and_Forums","Fan_Pages","Image_Galleries","Roleplaying","Chats_and_Forums","Cast_and_Crew","Characters","Clubs_and_Organizations","Fan_Pages","Fan_Works","Image_Galleries","Information","Multimedia","Web_Rings","Characters","Characters","Chats_and_Forums","Clubs","Fan_Works","G_Gundam","Games","Gundam_0080","Gundam_0083","Gundam_SEED","Gundam_Wing","Gundam_X","Humor","Multimedia","Reference","SD_Gundam","The_08th_MS_Team","Web_Rings","Z_Gundam","Fan_Works","Mailing_Lists","Reviews","Cast_and_Crew","Characters","Fan_Works","News_and_Reviews","Cast_and_Crew","Image_Galleries","Reviews","Translation_Scripts","Characters","Image_Galleries","Mailing_Lists","Reviews","Web_Rings","Characters","Fan_Pages","Image_Galleries","Image_Galleries","Web_Rings","Characters","Reviews","Web_Rings","Image_Galleries","Cast_and_Crew","Characters","Chats_and_Forums","Fan_Pages","Fan_Works","Image_Galleries","Mailing_Lists","Multimedia","Opinions_and_Information","Roleplaying","Web_Rings","Reviews","Reviews","Image_Galleries","Anti-Pokémon","Characters","Fan_Works","Games","Image_Galleries","Information","Movies","Multimedia","Roleplaying","Cast_and_Crew","Reviews","Web_Rings","Fan_Works","Characters","Chats_and_Forums","Directories","Fan_Pages","Fan_Works","Image_Galleries","Information","Roleplaying","Web_Rings","Cast_and_Crew","Characters","Cosplay","Directories","Fan_Pages","Image_Galleries","Music_and_Sound","Roleplaying","Cast_and_Crew","Characters","Chats_and_Forums","Directories","Fan_Pages","Fan_Works","Image_Galleries","Multimedia","Reviews","Roleplaying","Characters","Characters","Chats_and_Forums","Fan_Pages","Fan_Works","Image_Galleries","Mailing_Lists","Multimedia","Reviews","Web_Rings","Cast_and_Crew","Campaigns","Cast_and_Crew","Characters","Chats_and_Forums","Clubs","Directories","Fan_Pages","Fan_Works","Humor","Image_Galleries","Information","Merchandise","Multimedia","Musicals","Roleplaying","Web_Rings","Webpage_Assistance","Fan_Works","Image_Galleries","Multimedia","Campaigns","Characters","Chats_and_Forums","Directories","Fan_Pages","Fan_Works","Multimedia","Fan_Pages","Reviews","Characters","Chats_and_Forums","Fan_Works","Image_Galleries","Web_Rings","Characters","Fan_Pages","Fan_Works","Image_Galleries","Information","Roleplaying","Web_Rings","Arcadia_of_My_Youth","Queen_Millennia","Cast_and_Crew","Reviews","Characters","Chats_and_Forums","Fan_Pages","Fan_Works","Image_Galleries","Magical_Girl_Pretty_Sammy","Multimedia","Web_Rings","Reviews","Cast_and_Crew","Cast_and_Crew","Characters","Fan_Pages","Fan_Works","Image_Galleries","Multimedia","Web_Rings","Image_Galleries","Reviews","Image_Galleries","Reviews","Characters","Directories","Fan_Pages","Fan_Works","Image_Galleries","Reviews","Web_Rings","Fan_Works","Lion_Force_Voltron","Roleplaying","Vehicle_Voltron","Web_Rings","Cast_and_Crew","Characters","Fan_Pages","Characters","Web_Rings","Characters","Characters","Roleplaying","Yahoo_Groups","Campaigns_and_Petitions","Cast_and_Crew","Characters","Chats_and_Forums","Collectibles","Comics","Downloads","Fan_Pages","Fan_Works","Games","Image_Galleries","Resources","Wakko's_Wish","Web_Rings","Batman_Beyond","Cast_and_Crew","Characters","Chats_and_Forums","Fan_Fiction","New_Batman_Adventures,_The","Web_Rings","Sound_Files","Web_Rings","Impersonators","Web_Rings","Web_Rings","Burglary","Friends_for_Dinner","Holiday","Web_Rings","Cast_and_Crew","Voice_Cast","Cast_and_Crew","Cast_and_Crew","Articles_and_Interviews","Cast_and_Crew","Web_Rings","Articles","Characters","Chats_and_Forums","Themed_Sites","Online_Roleplaying","Garfield_Christmas_Special,_A","Garfield_and_Friends","Characters","Conventions","Fan_Works","Web_Rings","Articles","Characters","Humor","Image_Galleries","Multimedia","Web_Rings","Articles","Audio","Cast_and_Crew","Humor","Cast_and_Crew","Cast_and_Crew","Chats_and_Forums","Cast_and_Crew","Collectibles","Online_Roleplaying","Web_Rings","Articles_and_Interviews","Characters","Downloads","Fan_Pages","Fan_Works","Image_Galleries","Pinky,_Elmyra_and_The_Brain","Pinky_and_The_Brain_Christmas,_A","Resources","Voice_Cast","Web_Rings","Characters","Downloads","Fan_Pages","Fan_Works","Voice_Cast","Web_Rings","Characters","Fan_Fiction","Extreme_Ghostbusters","Fan_Fiction","Slimer_and_the_Real_Ghostbusters","Web_Rings","Characters","Web_Rings","Cast_and_Crew","Videos","Humor","Official_Sites","Web_Rings","Fan_Fiction","Characters","Chats_and_Forums","Directories","Downloads","Fan_Fiction","Fan_Pages","Image_Galleries","Interactive","Collectibles","Characters","Downloads","Fan_Fiction","Games","Graphics_and_Images","Parodies","Resources","Brak","Coast_to_Coast","Fan_Fiction","Fan_Pages","Cast_and_Crew","Fan_Pages","Cast_and_Crew","Reviews","Chats_and_Forums","Fan_Fiction","Web_Rings","Web_Rings","Characters","Chats_and_Forums","Fan_Works","Games","How_I_Spent_My_Summer_Vacation","Multimedia","Resources","Beast_Machines","Beast_Wars","Campaigns_and_Petitions","Chats_and_Forums","Clubs_and_Organizations","Comics","Conventions","Fan_Pages","Fan_Works","Games","Generation_1_and_2","Japanese_Series","News_and_Media","Toys_and_Collectibles","Transformers_The_Movie_-_1986","Web_Rings","Transformers_Animated","Games","Collectibles","Chats_and_Forums","Cast_and_Crew","Characters","Downloads","Fan_Pages","Image_Galleries","Web_Rings","Cast_and_Crew","Winx_Club_-_The_Secret_of_The_Lost_Kingdom","X-Men_-_Evolution","Cast_and_Crew","Composers","Cast_and_Crew","Composers","Cast_and_Crew","Cast_and_Crew","Cast_and_Crew","Cast_and_Crew","Reviews","Cast_and_Crew","Cast_and_Crew","Reviews","Daffy_Duck","Transformers_-_The_Movie","Reviews","Audio_and_Video","Books","Dialect_and_Accent_Coaches","England","Northern_Ireland","Scotland","Wales","United_Kingdom","California","Maryland","Michigan","New_York","Ohio","United_Kingdom","Churches","Monasteries","Dome_of_the_Rock","Villa_Savoye","De_Architectura","Fallingwater","Parthenon","Alabama","Alaska","Arizona","Arkansas","California","Colorado","Connecticut","Delaware","Florida","Georgia","Hawaii","Idaho","Illinois","Indiana","Iowa","Kansas","Kentucky","Louisiana","Maine","Maryland","Massachusetts","Michigan","Minnesota","Mississippi","Missouri","Montana","Nebraska","Nevada","New_Hampshire","New_Jersey","New_Mexico","New_York","North_Carolina","North_Dakota","Ohio","Oklahoma","Oregon","Pennsylvania","Rhode_Island","South_Carolina","South_Dakota","Tennessee","Texas","Utah","Vermont","Virginia","Washington","Washington,_DC","West_Virginia","Wisconsin","Wyoming","Fan_Works","Image_Galleries","Web_Rings","Characters","Fan_Works","Web_Rings","Characters","Fan_Art-Fiction","Characters","Image_Galleries","Beast","Cyclops","Gambit","Nightcrawler","Rogue","Shadowcat","Storm","White_Queen","Wolverine","Functional","Alabama","Alaska","Arizona","Arkansas","California","Colorado","Connecticut","Florida","Georgia","Idaho","Illinois","Iowa","Kansas","Kentucky","Louisiana","Maine","Maryland","Massachusetts","Michigan","Minnesota","Missouri","Nebraska","Nevada","New_Hampshire","New_Jersey","New_Mexico","New_York","North_Carolina","Ohio","Oklahoma","Oregon","Pennsylvania","Rhode_Island","South_Carolina","Tennessee","Texas","Utah","Vermont","Virginia","Washington","Washington,_DC","West_Virginia","Wisconsin","Canada","United_States","Movies","Asia","Recruiters_and_Consultants","Africa","Asia","Directories","Europe","North_America","Oceania","South_America","Caribbean","Grammar_and_Vocabulary","Idioms_and_Slang","Listening_and_Speaking","Reading_and_Writing","Tests_and_Quizzes","Professional_Associations_and_Societies","Research_and_Reference","Teaching_Abroad","Teaching_Online","Training","Australia","Canada","Denmark","Finland","France","Ireland","Israel","Japan","New_Zealand","Norway","South_Africa","South_Korea","Sweden","United_Kingdom","United_States","Croatia","Art","Chats_and_Forums","Games","Personal_Pages","Web_Rings","Writing","Movies_and_Television","Art","Collecting","Personal_Pages","Movies_and_Television","Personal_Pages","Art","Games","Personal_Pages","Movies_and_Television","Entertainment","Art","History","Fan_Art","Fan_Fiction","Roleplaying","Hymns","Little_Women","Andersen's_Fairy_Tales","Little_Mermaid,_The","Winesburg,_Ohio","Roleplaying","Movies","Emma","Lady_Susan","Mansfield_Park","Northanger_Abbey","Persuasion","Pride_and_Prejudice","Sanditon","Sense_and_Sensibility","Jonathan_Livingston_Seagull","Peter_Pan","Endgame","Waiting_for_Godot","Wuthering_Heights","Angels_and_Demons","Deception_Point","Digital_Fortress","The_Da_Vinci_Code","Poetry","Lost_Continent,_The","Mars_Series","Monster_Men,_The","Pellucidar","Tarzan_Series","Interzone","Naked_Lunch","The_Rise_of_David_Levinsky","Alice_Books","Poetry_and_Phantasmagoria","Canterbury_Tales,_The","Troilus_and_Criseyde","Apologetics","Essays","Fiction","Literary_Criticism","Poetry","Christabel","Kubla_Khan","Rime_of_the_Ancient_Mariner,_The","Heart_of_Darkness","Secret_Agent,_The","Secret_Sharer,_The","Olney_Hymns","Looker","Runaway","Terminal_Man","Specific_Texts","Moll_Flanders","Robinson_Crusoe","American_Notes","Barnaby_Rudge","Bleak_House","Christmas_Carol,_A","David_Copperfield","Dombey_and_Son","Great_Expectations","Hard_Times","Little_Dorrit","Martin_Chuzzlewit","Mystery_of_Edwin_Drood,_The","Nicholas_Nickleby","Old_Curiosity_Shop,_The","Oliver_Twist","Our_Mutual_Friend","Pickwick_Papers","Short_Stories","Tale_of_Two_Cities,_A","Granada_Series","Specific_Texts","Sister_Carrie","Black_Tulip,_The","Count_of_Monte_Cristo,_The","Man_in_the_Iron_Mask,_The","Ten_Years_Later","Three_Musketeers,_The","Twenty_Years_After","Prufrock","The_Waste_Land","Invisible_Man","Juneteenth","Jim_Button","Momo","Neverending_Story,_The","Great_Gatsby,_The","This_Side_of_Paradise","Specific_Texts","Fiction","Plays","Poetry","Princess_Bride,_The","King_Solomon's_Mines","Far_from_the_Madding_Crowd","Mayor_of_Casterbridge,_The","Tess_of_the_D'Urbervilles","Chiefly_About_War_Matters","Grandfather's_Chair","House_of_the_Seven_Gables,_The","Scarlet_Letter,_The","Short_Stories","Twice_Told_Tales","Farewell_to_Arms,_A","For_Whom_the_Bell_Tolls","Old_Man_and_the_Sea,_The","Sun_Also_Rises,_The","A_Hazard_of_New_Fortunes","The_Ragged_Lady","Their_Silver_Wedding_Journey","Crome_Yellow","Fan_Pages","Reviews","Role_Playing_Games","Hannibal_Lecter_Series","Movies","Articles_and_Interviews","Directories","Fan_Pages","Movies","Reviews","Works","Articles_and_Interviews","Reviews","Daisy_Miller","Pandora","The_Altar_of_the_Dead","The_Ambassadors","The_Beast_in_the_Jungle","The_Europeans","The_Golden_Bowl","The_Jolly_Corner","The_Portrait_of_a_Lady","The_Turn_of_the_Screw","Correspondence","Poetry","Dharma_Bums","On_The_Road","Fiction","Poetry","Essays","Poetry","Amnesia_Moon","As_She_Climbed_Across_the_Table","Girl_in_Landscape","Gun,_with_Occasional_Music","Motherless_Brooklyn","Wall_of_the_Sky,_the_Wall_of_the_Eye,_The","Chronicles_of_Narnia","Chronicles_of_Narnia","The_Screwtape_Letters","Call_of_the_Wild","Short_Stories","White_Fang","Double_Trouble","Original_Short_Stories","Diana_of_the_Crossways","Evan_Harrington","Rhoda_Fleming","Sandra_Belloni","The_Shaving_of_Shagpat","The_Tragic_Comedians","Vittoria","Translations","Areopagitica","Comus","Milton's_Divorce_Tracts","Of_Education","Paradise_Lost","Paradise_Regained","Samson_Agonistes","Tenure_of_Kings_and_Magistrates","Gone_With_The_Wind","Lolita","Tonight_I_Can_Write","Dulce_Et_Decorum_Est","Bell_Jar,_The","Poetry","Essay_on_Man","Crying_of_Lot_49,_The","Gravity's_Rainbow","Translations","Akasha","Claudia","Daniel","Eric","Gabrielle","Illustrations","Khayman","Lestat","Louis","Madeleine","Mael","Maharet","Marius","Nicolas","Pandora","Relationships","Role-playing_Groups","Santiago","Santino","Duino_Elegies","Coercion","Cyberia","Ecstasy_Club","Exit_Strategy","Playing_the_Future","253","Collectors","Fan_Pages","Adaptations","Fiction","Plays","Poetry","Dracula","Short_Stories","Description_of_the_Morning,_A","Essays","Gulliver's_Travels","Modest_Proposal,_A","Poetry","Poetry","From_the_Earth_to_the_Moon","Journey_to_the_Center_of_the_Earth,_A","Mysterious_Island,_The","Round_the_Moon","Survivors_of_the_Chancellor,_The","Twenty_Thousand_Leagues_Under_the_Sea","Underground_City,_The","The_Complete_Writings_of_Charles_Dudley_Warner","Ann_Veronica","First_Men_in_The_Moon,_The","God_The_Invisible_King","Invisible_Man,_The","Island_of_Doctor_Moreau,_The","New_Machiavelli,_The","Research_Magnificent,_The","Short_Stories","Soul_of_a_Bishop,_The","Time_Machine,_The","Tono_Bungay","War_in_the_Air,_The","Wheels_of_Chance,_The","When_the_Sleeper_Wakes","Age_of_Innocence,_The","Bunner_Sisters,_The","Ethan_Frome","Glimpses_of_the_Moon,_The","House_of_Mirth,_The","Summer","Fiction","Plays","Poetry","Night_and_Day","Non-Fiction","Orlando","Voyage_Out,_The","Adaptations","Reviews","Works","Works","Clubs","Harry_Potter_Series","Works","Andromaque","Death_of_a_Salesman","The_Crucible","Beyond_the_Horizon","Streetcar_Named_Desire,_A","Oresteia","Prometheus_Bound","Acharnians","Birds,_The","Clouds,_The","Frogs,_The","Knights,_The","Lysistrata","Peace","Thesmophoriazusae","Wasps,_The","Bacchae","Hippolytus","Medea","Ajax","Electra","Oedipus_Trilogy","Books_and_Reviews","Interviews","Constant_Gardener,_The","Tailor_of_Panama,_The","Adams,_A._D.","Arden,_Tom","Aristides,_Jon","Armstrong,_Kelley","Arnason,_Eleanor","Asaro,_Catherine","Ash,_Sarah","Attanasio,_A._A.","Audley,_Anselm","Baigent,_Michael","Bakker,_R._Scott","Banker,_Ashok","Banks,_L.A.","Barclay,_James","Barnett,_Paul","Beagle,_Peter_S.","Bellairs,_John","Berg,_Carol","Berry,_Jeanine","Bishop,_Anne","Bishop,_K.J.","Blalock,_H._David","Blaylock,_James_P.","Booth,_Martin","Bradbury,_Ray","Bradley,_Marion_Zimmer","Brenchley,_Chaz","Briggs,_Patricia","Britain,_Kristen","Brittain,_C._Dale","Brooks,_Karen_R.","Brooks,_Terry","Brust,_Steven","Bunch,_Chris","Burns,_Cliff","Burton,_Elizabeth","Cabell,_James_Branch","Caine,_Rachel","Canavan,_Trudi","Carey,_Jacqueline","Carmody,_Isobelle","Carroll,_Jonathan","Carter,_Gary","Carter,_Lin","Chadbourn,_Mark","Clark,_Robert_J.","Clemens,_James","Cockayne,_Steve","Coe,_David","Constantine,_Storm","Cook,_Glen","Cooper,_Louise","Cramer,_Kathryn","Cusack,_Louise","Dean,_Pamela","Delaney,_Matthew_B.J.","Delving,_Michael","Donaldson,_Stephen_R.","Douglass,_Sara","Drake,_Adrian","de_Camp,_L._Sprague","de_Lint,_Charles","Edgerton,_Teresa","Edghill,_Rosemary","Edwards,_Graham","Eggleton,_Bob","Eisenstein,_Phyllis","Elliott,_Kate","Erikson,_Steven","Fallon,_Jennifer","Farland,_David","Feist,_Raymond_E.","Fforde,_Jasper","Filippo,_Paul_Di","Fisher,_Jude","Flewelling,_Lynn","Ford,_Jeffrey","Forrest,_Jodie","Francis,_Diana_Pharaoh","Freeman,_Lorna","Frost,_Gregory","Furey,_Maggie","Gaiman,_Neil","Gemmell,_David","Gentle,_Mary","Gerber,_Michael","Giambastiani,_Kurt_R._A.","Gladney,_Heather","Glass,_Isobel","Golden,_Christopher","Goodkind,_Terry","Goss,_Theodora","Graham,_Ian","Graham,_Mitchell","Grant,_John","Green,_George","Green,_Simon_R.","Greenberg,_Martin_H.","Grimwood,_Ken","Temple,_Georgia","Hale,_Shannon","Hambly,_Barbara","Hannan,_Noel_K.","Harris,_Geraldine","Hearn,_Lian","Herniman,_Marcus","Herter,_David","Hickman,_Tracy","Hobson,_M._K.","Hodgson,_William_Hope","Holdstock,_Robert","Hollett,_Tony","Holt,_Tom","Howard,_Robert_E.","Huff,_Tanya","Hughart,_Barry","Hunter,_Kim","Hyne,_Charles_John_Cutcliffe_Wright","Irvine,_Ian","Jeffrey,_Shaun","Jones,_J._V.","Jordan,_Luc","Jordan,_Robert","Joyce,_Graham","Kalif,_Will","Kanzaka,_Hajime","Kay,_Guy_Gavriel","Kearney,_Paul","Kennedy,_Leigh","Kerr,_Katharine","Keyes,_Greg","King,_William","Klasky,_Mindy_L.","Klosterman,_Mark","Kluz,_Carol","Knaak,_Richard_A.","Kress,_Nancy","Kurtz,_Katherine","Kushner,_Ellen","Lafaver,_R._S.","Lau,_Miller","Lawhead,_Stephen","Le_Guin,_Ursula_K.","Lebbon,_Tim","Lee,_Mary_Soon","Lee,_Tanith","Leiber,_Fritz","Leith,_Valery","Lindsjold,_Jane","Lint,_Charles_De","Lisle,_Holly","Lumley,_Brian","Lundberg,_Jason","Lustbader,_Eric_Van","Luzzatto,_Kfir","MacHale,_D.J","Marco,_John","Martin,_George_R._R.","Masson,_Sophie","McCaffrey,_Laura_Williams","McGarry,_Terry","McKenna,_Juliet_E.","McKenzie,_Nancy","McKinley,_Robin","McMullen,_Sean","Miller,_Sasha","Miéville,_China","Modesitt,_L._E.,_Jr.","Moeller,_Axel_J.","Monteleone,_Thomas_F.","Moon,_Elisabeth","Murphy,_Nicole_R.","Mór,_Caiseal","Nazarian,_Vera","Newcomb,_Robert","Norman,_John","Norton,_Andre","Okerlund,_Ryan_E.","Patton,_Fiona","Peake,_Mervyn","Persun,_Terry","Pierce,_Meredith_Ann","Pierce,_Tamora","Pratchett,_Terry","Rabe,_Jean","Radthorne,_Kevin","Rankin,_Robert","Rann,_Sue","Rawn,_Melanie","Reaves,_Michael","Reichert,_Mickey_Zucker","Reimann,_Katya","Resnick,_Laura","Roberson,_Jennifer","Roberts,_Colin","Rodriguez,_Michael","Rosenberg,_Joel","Russell,_Mary_Doria","Russell,_Sean","Rydill,_Jessica","Salvatore,_Robert_A.","Sanchez,_Susan_McDonough","Savile,_Steve","Scalora,_Suza","Scott,_Martin","Sherman,_Josepha","Shetterly,_Will","Shiel,_M._P.","Smith,_J_M","Smith,_Mitchell","Smith,_Sherwood","Sommer-Bodenburg,_Angela","Stanek,_Robert","Stevermer,_Caroline","Stoddard,_James","Strauss,_Victoria","Stroud,_Jonathan","Swainson,_Steph","Swann,_S._Andrew","Swithin,_Antony","Taylor,_G._P","Tepper,_Sheri_S.","Tolkien,_J._R._R.","Vance,_Jack","Volsky,_Paula","Walton,_Evangeline","Walton,_Jo","Warden,_Michael","Warrington,_Freda","Watt-Evans,_Lawrence","Weis,_Margaret","Welch,_Jane","Wells,_Martha","Williams,_Liz","Williamson,_Jack","Wilson,_John","Wilson,_Rhys","Windling,_Terri","Winterland,_C._E.","Winters,_Jeffrey","Wooding,_Chris","Wright,_Sean","Zelazny,_Roger","Zettel,_Sarah","Authors","Fan_Pages","Fan_Works","Online_Games","Reviews","Web_Rings","Belgrave,_Laura","Berenson,_Laurien","Block,_Lawrence","Brandon,_Jay","Braun,_Lilian_Jackson","Brown,_Rita_Mae","Buchanan,_Edna","Burke,_James_Lee","Chandler,_Raymond","Christie,_Agatha","Coben,_Harlan","Coggins,_Mark","Davidson,_Diane_Mott","Davies,_Linda","Davis,_Lindsey","DeMille,_Nelson","Douglas,_Carole_Nelson","Ellroy,_James","Evanovich,_Janet","Fielding,_Joy","Flora,_Kate","Forbes,_Colin","Fowler,_Earlene","Francis,_Dick","Friedman,_Kinky","Fulmer,_David","Gardner,_Erle_Stanley","Gardner,_Lisa","Gaylord,_Louise","George,_Elizabeth","Goldberg,_Leonard","Grafton,_Sue","Grimes,_Martha","Hammett,_Dashiell","Harrington,_Patricia","Johansen,_Iris","Kaminsky,_Stuart","Kava,_Alex","Keeler,_Harry_Stephen","Kellerman,_Jonathan","King,_Laurie_R.","Langton,_Jane","Lehane,_Dennis","Leon,_Donna","MacDonald,_John_D.","Mankell,_Henning","Marsh,_Ngaio","May,_Peter","McBain,_Ed","McDermid,_Val","Mcdonald,_Gregory","Mitchell,_Gladys","Moody,_Bill","Mortimer,_John","Muller,_Marcia","Murphy,_Warren","Oppenheim,_E._Phillips","Parker,_Barbara","Parker,_Robert_B.","Patterson,_James","Pearson,_Ridley","Perry,_Anne","Peters,_Elizabeth","Peters,_Ellis","Queen,_Ellery","Robb,_Candace","Rowland,_Laura_Joh","Sanders,_Lawrence","Sandford,_John","Saylor,_Steven","Shlian,_Deborah","Spillane,_Mickey","Stout,_Rex","Todd,_Marilyn","Vachss,_Andrew","Van_Gulik,_Robert","Westlake,_Donald","Wheat,_Carolyn","Alers,_Rochelle","Amos,_Robyn","Benson,_Angela","Icilyn,_Sonia","Aarsen,_Carolyne","Abbot,_Laura","Abé,_Shana","Adair,_Cherry","Adams,_Alina","Adams,_Jean","Adjei,_Gideon","Adler,_Elizabeth","Admirand,_CH","Agnew,_Denise","Aitken,_Judie","Alex,_Lily","Alexander,_Carrie","Alexander,_Hannah","Alexander,_Victoria","Allred,_Katherine","Alsobrook,_Rosalyn","Amarillas,_Susan","Amiri,_Cornelia","Ammann,_Lillie","Anders,_Karen","Andersen,_Susan","Anderson,_Catherine","Anderson,_Gabriella","Anderson,_Rebecca","Anderson,_Sylvia","Andre,_Cass","Andrews,_Carolyn","Andrews,_Lisa","Angers,_Renee","Anton,_Shari","Archer,_Catherine","Archer,_Jennifer","Arends,_Marthe","Arlt,_Lisa_E","Arness,_Christine","Arnold,_Judith","Arrowood,_Wilburta","Ashworth,_Adele","Atabong,_Dorothy","Atlee,_Gwyneth","August,_Michaela","Autin,_Amelia","Ayanna,_Sonia","Bach,_Lauren","Bachman,_Ann","Bailee,_Dehanna","Bailey,_Jacquon_D.","Baker,_Fran","Baker,_Jeanette","Baker,_Madeline","Baker,_Megan_Sybil","Ball,_Donna","Balogh,_Mary","Bambola,_Sylvia","Banks,_Leanne","Bardsley,_Michele_R.","Barker,_Becky","Barnett,_Jill","Barrett,_Jean","Barrett,_Suzanne","Barton,_Beverly","Basso,_Adrienne","Bauer,_Pamela","Bayne,_Robin","Beagley,_Brenda_Smith","Beard,_Julie","Beaumont,_Nina","Becker,_Gina","Bella,_Cassandra","Bellacera,_Carole","Benison,_Teresa","Beraru,_Elise_Dee","Berg,_Patti","Bergren,_Lisa_Tawn","Betts,_Heidi","Bevarly,_Elizabeth","Beverley,_Jo","Bierce,_Jane","Billerbeck,_Kristin","Binchy,_Maeve","Biondine,_Shannah","Birmingham,_Sonya","Bishop,_Sandra","Bittner,_Rosanne","Black,_Nikita","Blackstock,_Terri","Blackwell,_Lawana","Blair,_Annette","Blake,_Jennifer","Blake,_Toni","Bland,_Judi","Blankemeier,_Denise","Blayne,_Sara","Bleser,_Linda","Bliss,_Lauralee","Bockoven,_Georgia","Boeshaar,_Andrea","Bolen,_Cheryl","Bonander,_Jane","Bonds,_Parris_Afton","Bonner,_Cindy","Bowen,_Charles","Bowman,_Elizabeth_Atkins","Boyle,_Elizabeth","Bradford,_Barbara_Taylor","Bradley,_Laura","Bradley,_Shelley","Bradshaw,_Anne","Brand,_Irene_B","Brandenburg,_Karla","Brandewyne,_Rebecca","Brandmeyer,_Diana_Lesire","Brandt,_Gloria","Brashear,_Jean","Brassel,_Jennifer","Bray,_Patricia","Breton,_Laurie","Bretton,_Barbara","Brisbin,_Terri","Briscoe,_Marsha","Brock,_Carrie","Brockmann,_Suzanne","Brockway,_Connie","Bromige,_Iris","Brown,_Debra_Lee","Brown,_Sandra","Browning,_Dixie","Browning,_Josette","Browning,_Sherri","Brownley_-_Duran","Brunstetter,_Wanda_E.","Bryan,_Bobette","Buchan,_Elizabeth","Buckley_Borcz,_Geri","Bull,_Molly_Noble","Burford,_Pamela","Burgh,_Anita","Burnham,_Nicole","Byron,_Eve","Cach,_Lisa","Caldwell,_Anne","Callen,_Gayle","Calvin,_June","Cameron,_Stella","Campbell,_Glynnis","Campbell,_Laurie","Campbell,_Terry","Campisi,_Mary","Canham,_Marsha","Carl,_Lillian_Stewart","Carleen,_Sally","Carlson,_Melody","Carlyle,_Liz","Carmichael,_C_J","Carr,_Robyn","Carr,_Susanna","Carrington,_Tori","Carroll,_Andrea","Carroll,_Lois","Cartland,_Barbara","Casteel,_R.","Castell,_Dianne","Cates,_Stephen_Boyd","Catlin,_Linda","Chadwick,_Elizabeth","Chamberlain,_Diane","Chamberlin,_Ann","Chance,_Megan","Chancellor,_Victoria","Chapman,_Muncy","Charbonneau,_Eileen","Charpentier,_Julia_Ann","Chase,_Loretta","Child,_Maureen","Childers,_Leta_Nolan","Chrisman,_Freda","Christenberry,_Judy","Clair,_Daphne","Claire,_Cherie","Clark,_Denise_M","Claybourne,_Casey","Clayton,_Donna","Cobb_South,_Sheri","Coble,_Colleen","Cody,_Denee","Cody,_Pat","Coffman,_Elaine","Cole,_Kresley","Cole,_Kyla","Coleman,_Lynn_A.","Collins,_Colleen","Collum,_Lynn","Comstock,_Mary_Chase","Conrad,_Linda","Cooper,_Astrid","Cooper,_Lynda_Sue","Copeland,_Lori","Cornelison,_Beth","Cornelius,_Kay","Cornick,_Nicola","Cote,_Lyn","Couch-Jareb,_Annette_L.","Coulter,_Brenda","Coulter,_Catherine","Cowan,_Debra","Cox,_Kim","Cozzens,_Tracy","Crawford,_Sue","Creighton,_Kathleen","Cresswell,_Jasmine","Criswell,_Millie","Crockett,_Deb","Crooks,_Pam","Crossley,_Patricia","Crusie,_Jennifer","Curington,_Lanette","Curry,_Edna","Dailey,_Janet","Eagle,_Kathleen","Gabaldon,_Diana","Gaffney,_Patricia","Garwood,_Julie","Grant,_Susan","Ihle,_Sharon","Ingrahm,_Pamela","Irvin,_Candace","Ivey,_Carolan","Ivory,_Judith","Jackson,_Lisa","Joy,_Dara","Kenyon,_Sherrilyn","LaCroix,_Marianne","Laurens,_Stephanie","McDaniel,_Sylvia","Needham,_Linda","Neff,_Mindy","Neggers,_Carla","Nikas,_Ekaterine","Noble,_Diane","Nolan,_Rhonda_L","North,_Hailey","Nour,_Myra","Novak,_Brenda","O'Banyon,_Constance","O'Brien,_Linda","O'Day-Flannery,_Constance","O'Donnell,_Laurel","O'Kerry,_Janeen","O'Reilly,_Kathleen","Oldfield,_Liz","Oliver,_Marina","Olvera,_Jillann","Opdyke,_Linda","Orr,_Alice","Ortolon,_Julie","Orwig,_Sara","Owens,_Robin_D.","Quezada,_M._Louise","Quinn,_Julia","Roberts,_Nora","Steel,_Danielle","Stone,_Jewel","Valanis,_Kallya","Vale,_Leah","Van_Nuys,_Joan","Van_Wormer,_Laura","Vaughan,_Susan","Verrett,_Andrew","Veryan,_Patricia","Vinyard,_Rebecca","Voeller,_Sydell","Ashton,_Rob","DeSalvo,_John","Fortin,_Cherif","Sandalis,_Steve","Allen,_Roger_MacBride","Alten,_Steve","Anders,_Lou","Anthony,_Patricia","Asaro,_Catherine","Asher,_Neal","Ashley,_Mike","Baker,_Kage","Balfour,_Bruce","Ball,_Margaret","Banks,_Iain_M.","Barnes,_John","Barnes,_Steven","Baxter,_Stephen","Bayley,_Barrington_J.","Bear,_Greg","Benford,_Gregory","Bester,_Alfred","Bishop,_Michael","Bisson,_Terry","Blackford,_Russell","Blish,_James","Bond,_Noah","Bonta,_Vanna","Boulle,_Pierre","Bouquerel,_Boris","Bova,_Ben","Boyett,_Steven_R.","Brackett,_Leigh","Brin,_David","Brooke,_Keith","Brosnan,_John","Brown,_Eric","Brown,_Fredric","Brunner,_John","Buckner,_M._M.","Budrys,_Algis","Bujold,_Lois_McMaster","Bull,_Emma","Cadigan,_Pat","Calder,_Richard","Cammick,_Steve_P.","Campbell,_Bill","Campbell,_John_W.","Carroll,_Noel","Carter,_Raphael","Carver,_Jeffrey_A.","Chaing,_Doug","Chalker,_Jack_L.","Chandler,_Bertram","Charnas,_Suzy_McKee","Cherryh,_C._J.","Chiang,_Ted","Clarke,_Arthur_C.","Clayton,_Jo","Clement,_Hal","Clifton,_Mark","Clough,_Brenda_W.","Cochran,_Molly","Cole,_Allan","Cornell,_Paul","Cragg,_Dan","Cramer,_Brian","Crispin,_A._C.","Crookes,_Gary","Czerneda,_Julie","Daley,_Brian","Daniels,_Karen","David,_Peter","Davidson,_Avram","Day,_Jonathan","Denning,_Troy","Diane_Duane_and_Peter_Morwood","Dick,_Philip_K","Dickson,_Gordon_R.","Disch,_Thomas_M.","Dix,_Shane","Doctorow,_Cory","Doyle,_Debra_and_MacDonald,_James_D.","Drago,_Ty","Drake,_David","Duncan,_Dave","Dunn,_Linda","Dyson,_George","de_Pierres,_Marianne","Egan,_Greg","Emerson,_Ray","Engdahl,_Sylvia","Eskridge,_Kelley","Fancher,_Jane","Farmer,_Philip_Jose","Farren,_Mick","Faust,_Joe_Clifford","Feintuch,_David","Ferguson,_Brad","Flynn,_Michael","Forward,_Robert_L.","Foster,_Alan_Dean","Franciere,_Melanie","Friedman,_Celia_S.","Friesner,_Esther","Galadon,_Diana","Gardner,_James_Alan","Garfinkle,_Richard","George,_Jon","Gerrold,_David","Gibson,_Gary","Goldin,_Stephen","Goonan,_Kathleen_Ann","Graham,_Ian","Grant,_Rob","Gray,_Richard","Green,_Sharon","Greenwood,_Gary","Gresh,_Lois","Griffin,_Eric","Griffith,_Nicola","Gunn,_Eileen","Grimwood,_Jon_Courtenay","Haldeman,_Jack","Haldeman,_Joe","Hamilton,_Edmond","Hamilton,_Peter_F.","Hand,_Elizabeth","Harding,_Traci","Hardy,_David_A.","Harrison,_Harry","Harrison,_M._John","Hartman,_Gloria","Hartwell,_David_G.","Haynes,_Simon","Heinlein,_Robert_A.","Henderson,_Zenna","Hendrix,_Howard","Herbert,_Brian","Herbert,_Frank","Hobb,_Robin","Hogan,_James_P.","Howard,_Robin_G.","Hubbard,_L._Ron","Hunt,_Stephen","Hunt,_Walter","Huth,_Joe","Jackson,_Shelley","Jeapes,_Ben","Jensen,_Jan_Lars","Jensen,_Jane","Jeter,_K._W.","Johnson,_Anne_Louise","Jones,_Gwyneth","Jones,_Raymond_F.","Just,_Richard","Kapp,_Colin","Kelly,_James_Patrick","Kemp-Jones,_Diana","Kennealy-Morrison,_Patricia","Kenyon,_Kay","Knight,_E.E.","Kube-McDowell,_Michael_P.","Kuttner,_Henry","Langford,_David","Larbalestier,_Justine","Lee,_Denise","Lee,_Sharon","Leiber,_Justin","Leinster,_Murray","Lerner,_Edward_M.","Levy,_Roger","Lindsay,_David","Lovegrove,_James","MacDonald,_Roderick","MacLean,_Glynne","MacLeod,_Ian_R.","Macleod,_Ken","Marley,_Louise","Marlowe,_Paul","Marzulli,_L._A.","Mason,_Lisa","Matheson,_Richard","May,_Julian","McAuley,_Paul","McCaffrey,_Anne","McCarthy,_Wil","McDonald,_Ian","McDonald,_John_D.","McHugh,_Maureen_F.","McIntyre,_Vonda_N.","Meacham,_Beth","Meaney,_John","Miller,_Steve","Michaels,_Melisa","Millar,_Pete","Moore,_Michael_J","Moreau,_Gary","Morgan,_Richard","Moriarty,_Chris","Morrow,_James","Munroe,_Jim","Nagata,_Linda","Nesvadba,_Josef","Nielsen_Hayden,_Patrick_and_Teresa","Nimersheim,_Jack","Niven,_Larry","Nolan,_William","Noon,_Jeff","Norman,_Lisanne","O'Brien,_Aurelio","O'Donnell,_Kevin","O'Leary,_Patrick","Ore,_Rebecca","Osier,_Nina","Owens,_C._Wayne","Paine,_Beverley","Panshin,_Alexei","Piper,_H._Beam","Piserchia,_Doris","Pohl,_Frederik","Pollotta,_Nick","Porges,_Arthur","Pournelle,_Jerry","Priest,_Christopher","Quick,_W.T","Ramos,_Octavio","Ransom,_Bill","Reed,_Aaron_A.","Reed,_Robert","Reisig,_Michael","Remic,_Andy","Resnick,_Mike","Reynolds,_Alastair","Riddell,_Paul_T.","Roberts,_Adam","Robinson,_Kim_Stanley","Robinson,_Spider","Robson,_Justina","Routley,_Jane","Rucker,_Rudy","Russell,_Eric_Frank","Russo,_Richard_Paul","Saberhagen,_Fred","Sagan,_Nick","Samphire,_Patrick","Sargent,_Pamela","Sawyer,_Robert_J.","Schmidt,_Stanley","Scott,_Melissa","Shannon,_Lizzy","Sheckley,_Robert","Sheffield,_Charles","Silverberg,_Robert","Simak,_Clifford_D.","Simmons,_Dan","Sinclair,_Alison","Siratori,_Kenji","Sketchley,_Martin","Sladek,_John","Sleator,_William","Slonczewski,_Joan","Smith,_E._E._'Doc'","Smith,_L._Neil","Smith,_Michael_Marshall","Smith,_Stephanie","Solomon,_Prashant","Sparhawk,_Bud","Spinrad,_Norman","Stableford,_Brian","Stackpole,_Michael","Starkloff,_James_Allen","Steakley,_John","Steele,_Mary_Ann","Stephenson,_Neal","Sterling,_Bruce","Stevens-Arce,_James","Stewart,_Sean","Stirling,_S._M.","Stith,_John_E.","Stover,_Matthew","Straczynski,_J._Michael","Strieber,_Whitley","Stross,_Charles","Sturgeon,_Theodore","Sullivan,_Tricia","Swanwick,_Michael","Telep,_Peter","Thatcher,_Franklin","Thornley,_Diann","Tiedmann,_Mark_W.","Tilton,_Lois","Tiptree,_James","Turtledove,_Harry","Vardeman,_Robert_E.","Varley,_John","Viehl,_S._L.","Vinge,_Joan_D.","Vinge,_Vernor","Vornholt,_John","van_Vogt,_A._E.","Warren,_Dean","Watson,_Ian","Weber,_David","Weinberg,_Robert","Wells,_Basil","Westerfeld,_Scott","Wheeler,_Wendy","Whitbourn,_John","White,_James_Mitchell","Williams,_Lynda","Williams,_Sean","Williams,_Tad","Williams,_Walter_Jon","Willis,_Connie","Willmetts,_Geoff","Wolfe,_Gene","Womack,_Jack","Wrede,_Patricia","Wright,_John_C.","Wright,_Susan","Wyndham,_John","Yarbro,_Chelsea_Quinn","Zachary,_Hugh","Zahn,_Timothy","Zindell,_David","Zorich,_Alexander","Cover_Art","Publishing_Professionals","Works","Ulster_Cycle","Amen_and_Amon_Ra","Anubis","Bast","Guides_and_Directories","Hathor","Isis","Osiris","Heroes","Muses","Olympians","Aztec","Maya","The_Divine_Comedy","Droll_Stories","Yolen,_Jane","Poetry","Mailing_Lists","Reviews","Works","Collections_and_Manuscripts","Works","Biography","Reviews","Works","Works","Specific_Poems","Black_and_White_Category","Color_Category","Dreyer,_Carl_Theodor","Vancouver_International","Toronto_International","Movies","Movies","Movies","Movies","Adamson,_Al","Akerman,_Chantal","Almodóvar,_Pedro","Altman,_Robert","Anders,_Allison","Anderson,_Lindsay","Anderson,_Paul_Thomas","Anderson,_Wes","Andrade,_Dino","Angelopoulos,_Theo","Antonioni,_Michelangelo","Arcady,_Alexandre","Argento,_Dario","Aronofsky,_Darren","Ashby,_Hal","Askarian,_Don","Attenborough,_Richard","Bava,_Mario","Bay,_Michael","Becker,_Josh","Behrens,_Jon","Benton,_Robert","Bergman,_Ingmar","Bertolucci,_Bernardo","Besson,_Luc","Boetticher,_Budd","Boorman,_John","Borowczyk,_Walerian","Borzage,_Frank","Breillat,_Catherine","Bui,_Tony","Burton,_Tim","Buñuel,_Luis","Cacoyannis,_Michael","Cameron,_James","Campion,_Jane","Capra,_Frank","Carpenter,_John","Chopra,_Yash","Cimino,_Michael","Clark,_Larry","Coen,_Joel_and_Ethan","Coppola,_Francis_Ford","Coppola,_Sofia","Corman,_Roger","Craven,_Wes","Cronenberg,_David","Crowe,_Cameron","Cukor,_George","Curtiz,_Michael","Daldry,_Stephen","Darabont,_Frank","DeCoteau,_David","DeMille,_Cecil_B.","De_Palma,_Brian","De_Sica,_Vittorio","De_Toth,_André","Demme,_Jonathan","Denis,_Claire","Dutcher,_Richard","Egoyan,_Atom","Fassbinder,_Rainer_Werner","Fellini,_Federico","Ferrara,_Abel","Figgis,_Mike","Fincher,_David","Fleming,_Victor","Ford,_John","Forman,_Milos","Franco,_Jess","Frankenheimer,_John","Frears,_Stephen","Friedkin,_William","Godard,_Jean-Luc","Goodman,_Kels","Greenaway,_Peter","Hark,_Tsui","Hartley,_Hal","Hawks,_Howard","Haynes,_Todd","Heckerling,_Amy","Herzog,_Werner","Hill,_George_Roy","Hill,_Walter","Hitchcock,_Alfred","Hooper,_Tobe","Hughes,_John","Huston,_John","Ichikawa,_Kon","Imamura,_Shohei","Iwai,_Shunji","Jackson,_Peter","Jacquot,_Benoît","Jaglom,_Henry","Jarman,_Derek","Jarmusch,_Jim","Jewison,_Norman","Jodorowsky,_Alejandro","Jonze,_Spike","Jordan,_Neil","Kang,_Young_Man","Kapoor,_Raj","Kaufman,_Philip","Kaurismäki,_Aki_and_Mika","Kazan,_Elia","Kiarostami,_Abbas","Kieslowski,_Krzysztof","Kim,_Derek","Kitano,_Takeshi","Korine,_Harmony","Kramer,_Stanley","Kren,_Kurt","Kubrick,_Stanley","Kurosawa,_Akira","Kurosawa,_Kiyoshi","Kwan,_Stanley","LaBute,_Neil","Lang,_Fritz","Lanzmann,_Claude","Lean,_David","Leconte,_Patrice","Lee,_Ang","Leigh,_Mike","Leone,_Sergio","Levinson,_Barry","Lewis,_Herschell_Gordon","Linklater,_Richard","Lloyd,_Frank","Loach,_Ken","Lubitsch,_Ernst","Lucas,_George","Luhrmann,_Baz","Lumet,_Sidney","Lynch,_David","Majidi,_Majid","Makhmalbaf,_Mohsen","Mankiewicz,_Joseph","Mann,_Anthony","Mann,_Delbert","Marker,_Chris","McCarey,_Leo","McTeigue,_James","McTiernan,_John","Meirelles,_Fernando","Mendes,_Sam","Metzger,_Radley","Meyer,_Nicholas","Miike,_Takashi","Milestone,_Lewis","Miller,_George","Minghella,_Anthony","Minnelli,_Vincente","Mizoguchi,_Kenji","Moodysson,_Lukas","Murnau,_Friedrich_Wilhelm","Nichols,_Mike","Nolan,_Christopher","Ophüls,_Max","Oz,_Frank","Pabst,_Georg_Wilhelm","Pak,_Greg","Panahi,_Jafar","Parker,_Alan","Pasolini,_Pier_Paolo","Polanski,_Roman","Pollack,_Sydney","Proyas,_Alex","Raimi,_Sam","Ray,_Satyajit","Reed,_Carol","Rees,_Jed","Reitman,_Ivan","Renoir,_Jean","Rich,_Richard","Richardson,_Tony","Riefenstahl,_Leni","Ritchie,_Guy","Robbins,_Jerome","Rodriguez,_Robert","Roeg,_Nicolas","Romero,_George","Rossellini,_Roberto","Russell,_Ken","Sayles,_John","Schaffner,_Franklin","Schlesinger,_John","Schlöndorff,_Volker","Schumacher,_Joel","Scorsese,_Martin","Scott,_Ridley","Singer,_Bryan","Siodmak,_Robert","Sirk,_Douglas","Smith,_Kevin","Snyder,_Zack","Soderbergh,_Steven","Sokurov,_Alexander","Solondz,_Todd","Spielberg,_Steven","Stevens,_George","Stillman,_Whit","Stoller,_Bryan_Michael","Stone,_Oliver","Sturges,_Preston","Szabó,_István","Tarkovsky,_Andrei","Tati,_Jacques","Taurog,_Norman","Tian,_Zhuangzhuang","Tourneur,_Jacques","Truffaut,_François","Tykwer,_Tom","Ulmer,_Edgar_G.","Useche,_Andrés","Van_Sant,_Gus","Varda,_Agnès","Varma,_Ram_Gopal","Verhoeven,_Paul","Vigo,_Jean","Vinterberg,_Thomas","Visconti,_Luchino","von_Trier,_Lars","Wachowski,_Larry_and_Andy","Wajda,_Andrzej","Walsh,_Raoul","Wang,_Wayne","Waters,_John","Weir,_Peter","Wellman,_William","Wenders,_Wim","Whale,_James","Wilder,_Billy","Wimmer,_Kurt","Winterbottom,_Michael","Wise,_Robert","Wong,_Kar_Wai","Woo,_John","Wood,_Ed","Wyler,_William","Yau,_Herman","Zanussi,_Krzysztof","Zeffirelli,_Franco","Zemeckis,_Robert","Zhang,_Yimou","Zinnemann,_Fred","Zulawski,_Andrzej","Movies","Australia","Canada","France","Kuwait","United_Kingdom","United_States","Duncan,_Cameron","Kaufman,_Lloyd","Keuken,_Johan_van_der","Pride_and_Prejudice_-_2003","Movies","Movies","Movies","Movies","Movies","Movies","Movies","Movies","Movies","Movies","Movies","Movies","Movies","Movies","Movies","Television","Movies","Movies","Movies","Movies","Movies","Movies","Movies","Movies","Movies","Movies","Movies","Movies","Movies","Movies","Movies","Movies","Movies","Movies","Movies","Movies","Movies","Movies","Movies","Movies","Movies","Movies","Movies","Movies","Movies","Movies","Movies","Movies","Movies","Movies","Movies","Movies","Movies","Movies","Movies","Movies","Movies","Movies","Movies","Movies","Movies","Movies","Movies","Boyens,_Philippa","Curtis,_Richard","Kaufman,_Charlie","Lardner,_Ring,_Jr.","Siodmak,_Curt","405","Histories_of_Cinema","Idle_Mist","Jewel_of_the_Sahara","Orientation_-_A_Scientology_Information_Film","Please","Titles","Titles","BloodRayne","Goofy","Mickey_Mouse","Disney_Channel","Toon_Disney","Bugs_Bunny","Daffy_Duck","Foghorn_Leghorn","Marvin_the_Martian","Road_Runner","Speedy_Gonzales","Sylvester","Tazmanian_Devil","Tweety","Wile_E._Coyote","Yosemite_Sam","HAL_9000","DVD","Cast_and_Crew","Cast_and_Crew","Cast_and_Crew","Cast_and_Crew","Cast_and_Crew","Cast_and_Crew","Cast_and_Crew","Cast_and_Crew","Cast_and_Crew","Cast_and_Crew","Cast_and_Crew","Dr._Evil","Scott_Evil","Cast_and_Crew","Cast_and_Crew","Cast_and_Crew","Cast_and_Crew","Reviews","Cast_and_Crew","DVD_Reviews","Reviews","Cast_and_Crew","Cast_and_Crew","Articles_and_Interviews","Cast_and_Crew","Cast_and_Crew","Reviews","Humor","Reviews","Cast_and_Crew","Cast_and_Crew","Cast_and_Crew","Reviews","Cast_and_Crew","Cast_and_Crew","Cast_and_Crew","Cast_and_Crew","Cast_and_Crew","Cast_and_Crew","Cast_and_Crew","Cast_and_Crew","Cast_and_Crew","Cast_and_Crew","Cast_and_Crew","Cast_and_Crew","Cast_and_Crew","Cast_and_Crew","Cast_and_Crew","Cast_and_Crew","Reviews","Cast_and_Crew","Cast_and_Crew","Directories","Cast_and_Crew","Cast_and_Crew","Cast_and_Crew","Cast_and_Crew","Cast_and_Crew","Cast_and_Crew","Cast_and_Crew","Snape,_Severus","Cast_and_Crew","Cast_and_Crew","Cast_and_Crew","Reviews","Cast_and_Crew","Cast_and_Crew","Cast_and_Crew","Cast_and_Crew","Cast_and_Crew","Cast_and_Crew","Casino_Royale_-_2006","Cast_and_Crew","Cast_and_Crew","Cast_and_Crew","Cast_and_Crew","Cast_and_Crew","Cast_and_Crew","Cast_and_Crew","Reviews","Cast_and_Crew","Cast_and_Crew","Cast_and_Crew","Cast_and_Crew","Cast_and_Crew","Cast_and_Crew","Cast_and_Crew","Cast_and_Crew","Cast_and_Crew","Elves","Hobbits","Humans","Cast_and_Crew","Reviews","Cast_and_Crew","Reviews","Cast_and_Crew","Reviews","Articles_and_Interviews","Cast_and_Crew","Chats_and_Forums","Directories","Downloads","Fan_Pages","Fan_Works","Humor","Image_Galleries","Reviews","Articles_and_Interviews","Cast_and_Crew","Downloads","Reviews","Cast_and_Crew","Reviews","Articles_and_Interviews","Cast_and_Crew","Reviews","Cast_and_Crew","Cast_and_Crew","Cast_and_Crew","Cast_and_Crew","Cast_and_Crew","Cast_and_Crew","Cast_and_Crew","Reviews","Cast_and_Crew","Cast_and_Crew","Cast_and_Crew","Cast_and_Crew","Cast_and_Crew","Cast_and_Crew","Cast_and_Crew","Cast_and_Crew","Articles_and_Interviews","Reviews","Cast_and_Crew","Cast_and_Crew","Cast_and_Crew","Fan_Pages","Reviews","Cast_and_Crew","Reviews","Cast_and_Crew","Cast_and_Crew","Fan_Pages","Regional_Pages","Cast_and_Crew","Cast_and_Crew","Cast_and_Crew","Cast_and_Crew","Cast_and_Crew","Cast_and_Crew","Cast_and_Crew","Cast_and_Crew","Cast_and_Crew","Cast_and_Crew","Cast_and_Crew","Cast_and_Crew","Cast_and_Crew","Cast_and_Crew","Cast_and_Crew","B'Etor","Barclay,_Reginald","Chekov,_Pavel","Crusher,_Dr._Beverly","Data","Guinan","Kirk,_James_T.","La_Forge,_Geordi","Lursa","McCoy,_Dr._Leonard_'Bones'","Picard,_Jean-Luc","Riker,_William_T.","Scott,_Montgomery_'Scotty'","Sing,_Khan_Noonien","Sloane,_Lily","Spock","Sulu,_Hikaru","Troi,_Deanna","Uhura","Worf","Cast_and_Crew","Cast_and_Crew","Cast_and_Crew","Cast_and_Crew","Reviews","Cast_and_Crew","Cast_and_Crew","Cast_and_Crew","Cast_and_Crew","Cast_and_Crew","Cast_and_Crew","Authors","Admiral_Ackbar","Admiral_Motti","Admiral_Ozzel","Admiral_Piett","Anakin_Skywalker","Aurra_Sing","Battle_Droids","Bib_Fortuna","Boba_Fett","Boss_Nass","Bounty_Hunters","C-3PO","Captain_Panaka","Chewbacca","Darth_Maul","Darth_Sidious","Darth_Vader","Droids","Ewoks","General_Veers","Grand_Moff_Tarkin","Greedo","Han_Solo","Jabba_the_Hutt","Jango_Fett","Jar_Jar_Binks","Jawas","Jedi","Jek_Porkins","Lando_Calrissian","Luke_Skywalker","Mara_Jade","Mon_Mothma","Obi-Wan_Kenobi","Oola","Padmé_Amidala","Palpatine","Princess_Leia","Qui-Gon_Jinn","R2-D2","Sebulba","Shmi_Skywalker","Sith","Stormtroopers","Sy_Snoodles","Tusken_Raiders","Watto","Wedge_Antilles","Yoda","Chat","Usenet","Collector","Top_Sites","Web_Rings","Desktop_Customization","Sound_Files","Video","Cast_and_Crew","Reviews","Cast_and_Crew","Reviews","Cast_and_Crew","Reviews","Cast_and_Crew","Fan_Pages","Reviews","Soundtrack","Cast_and_Crew","Reviews","Cast_and_Crew","Reviews","Cast_and_Crew","Reviews","Cast_and_Crew","Reviews","Costuming","Fan_Art","Fan_Comics","Fan_Fiction","Fan_Films","Ate_My_Balls","Parodies","Phantom_Menace,_The","Personal_Collections","Novelization","Soundtrack","Cast_and_Crew","Cast_and_Crew","Reviews","Cast_and_Crew","Cast_and_Crew","Cast_and_Crew","Cast_and_Crew","Fan_Pages","Reviews","Cast_and_Crew","Reviews","Cast_and_Crew","DVD","Cast_and_Crew","Reviews","Fan_Works","Cast_and_Crew","Forums","Bass","Drums","Guitar","Beauty_Stab","How_to_Be_a_Zillionaire","Lexicon_of_Live","The_Lexicon_of_Love","Up","Back_to_Basics","Christina_Aguilera","Mi_Reflejo","Stripped","My_Kind_of_Christmas","Aix_Em_Klemm","Concerts","Exile_on_Coldharbour_Lane","La_Peste","Power_in_the_Blood","Pacer","Richard_D._James_Album","Windowlicker","Tidal","When_the_Pawn","Her_Wallpaper_Reverie","Tone_Soul_Evolution","Imperial_Metric","Manual","Mad_for_Sadness","Red_Thread,_The","MIDI_Files","A","B","C","D","E","F","G","H","I","J","K","L","M","N","O","P","Q","R","S","T","U","V","W","X","Y","Z","McLean,_Denise","All_Over_the_Place","Different_Light","Everything","Articles_and_Interviews","Remedy","MIDI_Files","Soundtracks","Australia","Brazil","Canada","Czech_Republic","France","Germany","Italy","Netherlands","Norway","Puerto_Rico","Sweden","Thailand","United_Kingdom","United_States","Mutations","Odelay","Chats_and_Forums","Naked_Baby_Photos","Unauthorized_Biography_of_Reinhold_Messner,_The","Beta_Band,_The","Three_EPs,_The","Facts_of_Life,_The","Worst_of_Black_Box_Recorder,_The","Nico","Soup","A","B","C","D","E","F","G","H","I","J","K","L","M","N","O","P","Q","R","S","T","U","V","W","X","Y","Z","Hotel_Paper","Spirit_Room,_The","Creeggan,_Andy","McLauchlan,_Ian","United_States","Keep_It_Like_a_Secret","Perfect_From_Now_On","Feelings","Look_into_the_Eyeball","Bittersweet","So_Blu","Butterfly","Charmbracelet","Daydream","Emancipation_of_Mimi,_The","Glitter","Greatest_Hits","Merry_Christmas","Music_Box","Rainbow","Remixes,_The","Be_Not_Nobody","After_Everything_Now_This","Gold_Afternoon_Fix","Priest_Aura","Sometime_Anywhere","Starfish","Breakaway","Thankful","Parachutes","Soundtracks","All_This_Useless_Beauty","Painted_from_Memory","When_I_Was_Cruel","C'mon_C'mon","Globe_Sessions,_The","Live_in_Central_Park","Sheryl_Crow","Tuesday_Night_Music_Club","Bloodflowers","Disintegration","Galore","Kiss_Me_Kiss_Me_Kiss_Me","Mixed_Up","Pornography","Wild_Mood_Swings","Wish","Live_at_the_Fillmore","Skull_and_Bones","Adrenalize","Euphoria","High_'n_Dry","Hysteria","On_Through_The_Night","Pyromania","Retro_Active","Slang","X","Exciter","Songs_of_Faith_and_Devotion","Speak_and_Spell","Ultra","Violator","Reviews","Survivor","Writing's_on_the_Wall,_The","Falling_Into_You","Let's_Talk_About_Love","New_Day_Has_Come,_A","One_Heart","Colour_of_My_Love,_The","Movies","American_Don","What_Burns_Never_Returns","American_Teenage_Rock-N-Roll_Machine","Get_Skintight","Spend_The_Night","Turn_21","Coke_Machine_Glow_-_Book","Coke_Machine_Glow_-_CD","Dancin'_With_Them_That_Brung_Me","Simple_Gearle","El_Corazon","I_Feel_Alright","Jerusalem","Mountain,_The","Sidetracks","Transcendental_Blues","Daisies_of_the_Galaxy","Electro-Shock_Blues","Oh_What_a_Beautiful_Morning","Souljacker","Miss_E_...So_Addictive","Under_Construction","Ambient_1_-_Music_for_Airports","Ambient_4_-_On_Land","Apollo_-_Atmospheres_and_Soundtracks","Before_and_After_Science","Box_Set_1_-_Instrumental","Discreet_Music","Drawn_From_Life","Drop,_The","Here_Come_the_Warm_Jets","Music_for_Films","Neroli","Nerve_Net","Taking_Tiger_Mountain_By_Strategy","Thursday_Afternoon","Wrong_Way_Up","Frenz_Experiment,_The","Light_User_Syndrome,_The","Halfway_Between_the_Gutter_and_the_Stars","You've_Come_a_Long_Way,_Baby","Dare_to_Be_Surprised","One_Part_Lullaby","Manson,_Shirley","Beauty_and_the_Beat","God_Bless_the_Go-Go's","Talk_Show","Vacation","Lift_Your_Skinny_Fists_Like_Antennas_to_Heaven","Yanqui_U.X.O.","Madden,_Benji","Madden,_Joel","Martin,_Billy","Thomas,_Paul","Wilson,_Chris","Garcia,_Jerry","Covers","Lost_Songs_95-98","New_Day_at_Midnight,_A","Sell,_Sell,_Sell","White_Ladder","0","1","2","3","4","5","6","7","8","9","A","B","C","D","E","F","G","H","I","J","K","L","M","N","O","P","Q","R","S","T","U","V","W","X","Y","Z","Fan_Fiction","Battle_with_Cancer","In_Memorial","Stabbing_Attack","Producer","Soundtrack","Buzzle_Bee","Cold_and_Bouncy","Dare","Fascination","Hysteria","Elegantly_Wasted","Full_Moon,_Dirty_Hearts","Kick","Listen_Like_Thieves","Shabooh_Shoobah","The_Swing","Welcome_to_Wherever_You_Are","X","Alas","Forbidden","Hearts_of_Palm","Levitate","People_Like_Us_Should_Be_Stopped","This_Way_Out","Three_Sheets_to_the_Wind","We_Were_Young_and_Needed_the_Money","Year_After_Year","Left_of_the_Middle","White_Lilies_Island","Antics","Turn_On_The_Bright_Lights","Articles_and_Interviews","0304","Joy_-_A_Holiday_Collection","Spirit","This_Way","Pieces_of_You","2000_Years_The_Millennium_Concert","Ghostyhead","It's_Like_This","Naked_Songs","Carr,_Eric","Kulick,_Bruce","Singer,_Eric","Vincent,_Vinnie","E_Luxo_So","Fixed_Context","Labradford","Mi_Media_Naranja","Prazision","Stable_Reference,_A","Let_Go","Under_My_Skin","Days_of_Our_Nights,_The","Luna_-_Live","Penthouse","Pup_Tent","Romantica","Bachelor_No._2","I'm_With_Stupid","Lost_in_Space","The_Forgotten_Arm","Whatever","Ginger_Fish","John_5","Madonna_Wayne_Gacy","Twiggy_Ramirez","Chris_Vrenna","Soundtracks","The_Cavern_Club","Interviews","Reviews","Building_Nothing_Out_of_Something","This_is_a_Long_Drive_for_Someone_With_Nothing_to_Think_About","Come_On_Die_Young","Happy_Songs_For_Happy_People","Rock_Action","Reviews","Mailing_Lists","Big_Calm","Who_Can_You_Trust","Jagged_Little_Pill","MTV_Unplugged","So-Called_Chaos","Supposed_Former_Infatuation_Junkie","Under_Rug_Swept","Movies","0","1","2","3","4","5","6","7","8","9","A","B","C","D","E","F","G","H","I","J","K","L","M","N","O","P","Q","R","S","T","U","V","W","X","Y","Z","Movies","God's_Son","Illmatic","Chats_and_Forums","Chats_and_Forums","Fan_Pages","Resources","Chats_and_Forums","Chats_and_Forums","Electric_Version","Mass_Romantic","Murder_Theory","360_Business_360_Bypass","Pan_American","Brighten_the_Corners","Crooked_Rain,_Crooked_Rain","Terror_Twilight","Free-for-All","MP4","March","Mr._Hollywood_Jr.,_1947","Resigned","Apocalypse_Now","Art_of_Walking,_The","Dub_Housing","Modern_Dance,_The","Pennsylvania","Ray_Gun_Suitcase","Song_of_the_Bailing_Man","St._Arkansas","Terminal_Tower","Exile_in_Guyville","Liz_Phair","Whip-Smart","Whitechocolatespaceegg","MIDI_Files","Publius_Enigma","Album_Synchronization","Complete_B_Sides","Death_to_the_Pixies","Surfer_Rosa","Agencies","Documentaries","Fan_Pages","Resources","Automatic_for_the_People","Fables_of_the_Reconstruction","Life's_Rich_Pageant","Monster","Murmur","New_Adventures_in_Hi-Fi","Out_of_Time","Reckoning","Reveal","Up","Amnesiac","Hail_to_the_Thief","I_Might_Be_Wrong","Kid_A","OK_Computer","Mutter","Sehnsucht","Music_for_the_Native_Americans","Robbie_Robertson","Storyville","Pound_for_Pound","Veterans_of_Disorder","Chats_and_Forums","Tribute_Bands","Chats_and_Forums","Directories","Tribute_Bands","Chats_and_Forums","Downloads","Fan_Pages","Jones,_Daniel","Lyrics","Web_Rings","Tribute_Bands","Tribute_Bands","Reviews","Articles_and_Interviews","Tribute_Bands","Articles_and_Interviews","Fan_Pages","Reviews","Articles_and_Interviews","Fan_Fiction","Reviews","Chats_and_Forums","Fan_Pages","Tribute_Bands","Guitar_Tablature","Fan_Pages","Reviews","Tribute_Bands","Tribute_Bands","Fan_Pages","Corgan,_Billy","Fan_Pages","Iha,_James","MIDI_Files","Wretzky,_D'Arcy","Articles_and_Interviews","Downloads","Reviews","Tribute_Bands","Movies","Articles_and_Interviews","Fan_Pages","Reviews","Reviews","Cameron,_Matt","Tribute_Bands","Band_Members","Bowman,_Dave","Fan_Pages","Guthrie,_Trevor","Lewko,_Ken","Articles_and_Interviews","Chats_and_Forums","Dancers","Directories","Downloads","Fan_Clubs","Fan_Pages","Humor","Image_Galleries","Impersonators","Lyrics","Movies","Reviews","Articles_and_Interviews","Downloads","Fan_Pages","Image_Galleries","Movies","Related_Musicians_and_Places","Reviews_and_Articles","Tablature","Tribute_Acts","Tilbrook,_Glenn","Reviews","Fan_Pages","Image_Galleries","Movies","Reviews","Tribute_Bands","Tribute_Bands","Articles_and_Interviews","Biographies","Discographies","Fan_Pages","Lyrics","Productions","Tribute_Bands","Chats_and_Forums","Multimedia","Reviews","Lyrics","Reviews","Tribute_Bands","Articles_and_Interviews","Chats_and_Forums","Tribute_Bands","MIDI_Files","Movies","Trades","Tribute_Bands","Tribute_Bands","Tribute_Bands","Reviews","Obituaries","Articles_and_Interviews","Collecting","Fan_Clubs","Fan_Fiction","Image_Galleries","Panozzo,_Chuck","Panozzo,_John","Sucherman,_Todd","Tribute_Bands","Tribute_Bands","Reviews","Articles_and_Interviews","Image_Galleries","Members","Reviews","Fan_Pages","McGrath,_Mark","Web_Rings","Fan_Pages","Reviews","Hodgson,_Roger","Lyrics","Tribute_Bands","Fahrenheit_Fair_Enough","Cereal_Killers","Millions_Now_Living_Will_Never_Die","Standards","In_Violet_Light","Music_at_Work","Phantom_Power","Trouble_at_the_Henhouse","Here_We_Go","Rockstar_Potential","MIDI_Files","Achtung_Baby","All_That_You_Can't_Leave_Behind","Boy","Joshua_Tree,_The","October","Pop","Rattle_and_Hum","Under_A_Blood_Red_Sky","Unforgettable_Fire,_The","War","Wide_Awake_In_America","Zooropa","Eight_Arms_to_Hold_You","Resolver","Peter_and_the_Wolf","Running_with_Scissors","Movies","Movies","Movies","Operas","Audio_Files","Bibliographies","Cantatas","Chats_and_Forums","Theology","Movies","Diabelli_Variations","Movies","Movies","Students","South_African","Tunisian","Armenian","Azerbaijani","Cambodian","Chinese","Georgian","Indian","Indonesian","Japanese","Korean","Philippine","Tartar","Cuban","Puerto_Rican","Trinidadian","Guatemalan","Austrian","Basque","Belgian","Bohemian","Bosnian","Catalan","Croatian","Czech","Dalmatian","Danish","Dutch","English","Estonian","Finnish","Flemish","French","German","Greek","Hungarian","Icelandic","Irish","Italian","Latvian","Lithuanian","Luxembourgish","Monegasque","Moravian","Norwegian","Polish","Portuguese","Romanian","Russian","Scottish","Slovak","Slovenian","Spanish","Swedish","Swiss","Ukrainian","Welsh","Yugoslavian","Israeli","Jordanian","American","Canadian","Mexican","Australian","New_Zealander","Argentine","Brazilian","Rolywholyover","Movies","Television","Movies","Armstrong,_Craig","Critiques","MIDIs","Personal_Pages","Specific_Works","Students","Movies","Movies","Operas","Movies","Television","Messiah,_The","Movies","Publishing_Clients","Movies","Organizations","Specific_Works","Movies","Anime","Movies","Movies","Tears_and_Lamentations_of_a_Sorrowful_Soul","Musicals","Movies","Musicals","Works","Movies","I_Am_Sitting_In_A_Room","Critiques","Events","MIDIs","Movies","Mozart_Effect","Specific_Works","Students","Movies","Movies","Movies","Carmina_Burana","Twenty-four_Caprices,_The","Movies","Winterreise","Movies","Movies","Hymns","Movies","Interviews","Movies","Societies","Lyrics","Movies","Movies","Holidays_In_The_Sun","Warped_Tour","1969","Canada","United_States","TB-303","Proteus_2000","ASM-1","Wavestation","Editor_Librarians","TB-303","CS1x","Organizations","Dealers","Hammond","Manufacturers","A","B","C","Competitions","D","E","F","G","H","I","J","K","L","M","N","O","P","Q","R","S","T","U","V","W","X","Y","Z","AGO_Chapters","Builders","Guides_and_Directories","Historic_Organs","Individual_Instruments","Organizations","Portative_Organs","Organists","A","B","C","D","Directories","E","F","G","H","I","J","Jazz","K","L","M","N","O","P","Q","R","S","T","U","V","W","X","Y","Z","?","Regional","Change_Ringing","Tune_Ringing","Makers","Awe,_Francis","Jazz","Rich,_Buddy","Makers","Artists","Percussionists","Vibraphonists","Bassists","Ensembles","Manufacturers","Cellists","Violists","Gambists","Fiddling","Makers","Organizations","Violinists","Bands_and_Artists","Cimbalom","Make_your_Own","Makers","Organizations","Santour","Builders","Organizations","Chats_and_Forums","Magazines_and_E-zines","Organizations","Chats_and_Forums","Composers","Education","Events","Guitarists","MIDI","Magazines_and_E-zines","Organizations","Personal_Pages","Sheet_Music","Transcriptions","Camps_and_Workshops","Chord_Dictionaries","Effects","Fender","Gibson","Hagstrom","Ibanez","Makers","Manufacturers","Matsumoku","Rickenbacker","African_Styles","Bluegrass","Blues","Celtic","Country","Fingerstyle","Folk","Jazz","Rock","Acoustic","Classical","Resonator","Steel","Accessories","Acoustic","Resonator","Steel","Guitarists","Organizations","African","Bluegrass","Celtic","Country","Fingerstyle","Flamenco","Folk","Jazz","Rock","Slide","African_Styles","Artist_Specific","Bluegrass","Blues","Celtic","Christian","Classical","Country","Directories","Fingerstyle","Flamenco","Folk","Hip_Hop","Rock_and_Pop","Search_Engines","Slide","Alto_Guitar","Cigar-Box","Cuatro","Eight_String","Flamenco","Fretless","Guitarron","Harp_Guitar","Seven_String","Ten_String","Tenor","Tres","Twelve_String","Brahem,_Anouar","Dalal,_Yair","Khalife,_Marcel","Shamma,_Naseer","Bands_and_Artists","For_Hire","Africa","Asia","Drumming","Europe","North_America","Oceania","South_America","Quintets","Ensembles","Manufacturers","Mellophone","Organizations","Players","Accessories","Academic_Departments","Bass_Trombone","Ensembles","Events","Manufacturers","Organizations","Trombonists","Manufacturers","Organizations","Players","Ensembles","Euphonium","Events","Manufacturers","Tuba","Web_Rings","Ensembles","Bluegrass","Blues","Celtic","Chromatic","Classical","Diatonic","Gospel","Jazz","Contrabassoon","Education","Mailing_Lists","Makers","Players","Ensembles","Manufacturers","Organizations","Performers","Resources","Education","Ensembles","Historical_and_Ethnic","Makers","Modern_Orchestral","Organizations","Performers","Personal_Pages","Piccolo","Resources","Players","Ensembles","Fingering_Charts","Recorder_Players","Regional","Classical","Manufacturers","Mouthpieces_and_Ligatures","Players","Technique","Usenet","tri-m","Steel_Drums","Musicals","80s","Ambient","Classical","College","Country","Dance","Experimental","Jazz","Local","Lounge","New_Age","Pop","Rock","Soundtracks","Talk","Urban","Variety","Acoustic_Endeavors","Blue_Highway","Bush,_Sam","Chiavola,_Kathy","Dry_Branch_Fire_Squad","Flatt_and_Scruggs","Jim_and_Jesse","Krauss,_Alison","Lawson,_Doyle","Martin,_Jimmy","McCoury,_Del","Monroe,_Bill","Nickel_Creek","Osborne_Brothers,_The","Rowan,_Peter","Stanley,_Ralph","Vincent,_Rhonda","Australia","Belgium","Canada","Germany","Ireland","Israel","Switzerland","United_Kingdom","United_States","0","1","2","3","4","5","6","7","8","9","A","B","C","D","E","F","G","H","I","J","K","L","M","N","O","P","Q","R","S","T","U","V","W","X","Y","Z","A","B","C","D","E","F","G","H","I","J","K","L","M","N","O","P","Q","R","S","T","U","V","W","X","Y","Z","Bands_and_Artists","Bands_and_Artists","Bands_and_Artists","Bands_and_Artists","Bands_and_Artists","Northern_Soul","0","1","2","3","4","5","6","7","8","9","A","B","C","D","E","F","G","H","I","J","K","L","M","N","O","P","Q","R","S","T","U","V","W","X","Y","Z","Bands_and_Artists","0","1","2","3","4","5","6","7","8","9","A","B","C","D","E","F","G","H","I","J","K","L","M","N","O","P","Q","R","S","T","U","V","W","X","Y","Z","0","1","2","3","4","5","6","7","8","9","A","B","C","D","E","F","G","H","I","J","K","L","M","N","O","P","Q","R","S","T","U","V","W","X","Y","Z","0","1","2","3","4","5","6","7","8","9","A","B","C","D","E","F","G","H","I","J","K","L","M","N","O","P","Q","R","S","T","U","V","W","X","Y","Z","A","B","G","N","S","W","?","Chamber_Choirs","Children's_Choirs","Church_Choirs","Female_Choirs","Labor_and_Solidarity_Choirs","Male_Choirs","Mixed_Choirs","Youth_Choirs","Related_Sites","Salvation_Army","Festivals","Guitar","Organizations","String_Quartets","Vocal","Woodwind_Quintets","Asia","Collegiate","Europe","High_and_Middle_School","Mailing_Lists","Military","North_America","Oceania","A","B","C","D","E","F","G","H","I","J","K","L","M","N","O","P","Q","R","S","T","U","V","W","X","Y","Z","Composers","Africa","Asia","Chamber_Orchestras","Community_Orchestras","Europe","Middle_East","North_America","Oceania","Radio_Orchestras","South_America","University_Orchestras","Youth_Orchestras","Directories","Directories","Programs","Bands_and_Artists","Organizations","Artists","Organizations","Bands_and_Artists","Festivals_and_Events","Mailing_Lists","0","1","2","3","4","5","6","7","8","9","A","B","C","D","E","F","G","H","I","J","K","L","M","N","O","P","Q","R","S","T","U","V","W","X","Y","Z","Country_Gospel","Magazines_and_E-zines","Bands_and_Artists","Clubs","DJs","Movies","Producers_and_Remixers","Bands_and_Artists","Breaks","Magazines_and_E-zines","Party_Organizers","Radio","Bands_and_Artists","Chats_and_Forums","Clubs","Garage","Online_Listening","Bands_and_Artists","Charts","Directories","Festivals","Gabber","Online_Agendas","Party_Organizers","Personal_Pages","Radio","Regional","Sound_Files","Bands_and_Artists","Psychedelic_Trance","Radio","CD_Reviews","Brass","Crumhorn","Early_Guitars","Hurdy_Gurdy","Lute","Pipe_and_Tabor","Conductors","Vocal_and_Choral","Waits","Essays","Bands_and_Artists","0","1","2","3","4","5","6","7","8","9","A","B","C","D","E","F","G","H","I","J","K","L","M","N","O","P","Q","R","S","T","U","V","W","X","Y","Z","Bands_and_Artists","Bands_and_Artists","Bands_and_Artists","Magazines_and_E-zines","Bands_and_Artists","Bands_and_Artists","Radio","Reviews","A","B","C","Crimson_Twins","D","E","F","G","H","Hafler_Trio,_The","I","J","K","L","M","N","O","P","Q","R","S","T","U","V","W","X","Y","Z","Bands_and_Artists","Magazines_and_E-zines","Organizations","Regional","A","B","C","D","E","F","G","H","I","J","K","L","M","N","O","P","Q","R","S","T","U","V","W","X","Y","Z","Awards","Bands_and_Artists","Chats_and_Forums","Conventions","Fan_Pages","Lyrics","MP3","Magazines_and_E-zines","Organizations","Personal_Pages","Bands_and_Artists","Tune_Collections","Bands_and_Artists","0","1","2","3","4","5","6","7","8","9","A","B","C","D","E","F","G","H","I","J","K","L","M","N","O","P","Q","R","S","T","U","V","W","X","Y","Z","Magazines_and_E-zines","Bands_and_Artists","Bassists","Clarinetists","Flute_Players","Organists","Saxophonists","Trombonists","Trumpet_Players","Violinists,_Violists_and_Cellists","Vocal_Groups","Bands_and_Artists","Bands_and_Artists","Europe","North_America","Oceania","Jones,_Quincy_Delight,_Jr.","Academic_Departments","Camps_and_Workshops","Methods_and_Techniques","Bands_and_Artists","Sun_Ra","Bands_and_Artists","Bands_and_Artists","Bands_and_Artists","Magazines_and_E-zines","Bands_and_Artists","Bands_and_Artists","Radio","Bands_and_Artists","Radio","Bands_and_Artists","Australia","United_Kingdom","United_States","0","1","2","3","4","5","6","7","8","9","A","B","C","D","E","F","G","H","I","J","K","L","M","N","O","P","Q","R","S","T","U","V","W","X","Y","Z","A","B","C","D","E","F","G","H","I","J","K","L","M","N","O","P","Q","R","S","T","U","V","W","X","Y","Z","?","17th_Century","18th_Century","19th_Century","20th_Century","Africa","Europe","North_America","Oceania","South_America","Bohème,_La","Gioconda,_La","Lucia_di_Lammermoor","Luther","Madame_Butterfly","Martha,_oder_Der_Markt_zu_Richmond","Pagliacci,_I","Tosca","Dr._Demento","Carter_Family","Yankoviak,_Johnny","Bands_and_Artists","Bands_and_Artists","Bands_and_Artists","Bands_and_Artists","Bands_and_Artists","Bands_and_Artists","Bands_and_Artists","Highlife","Juju","Organizations","Radio","Soukous","Bands_and_Artists","Cajun","Zydeco","Bands_and_Artists","Bands_and_Artists","Concerts_and_Events","Radio","Bands_and_Artists","By_Region","Education","Festivals","Instruments","Magazines_and_E-zines","Organizations","Radio","Resources","Rock","Web_Rings","Bands_and_Artists","Bands_and_Artists","Organizations","Bands_and_Artists","Organizations","Radio","Slack_Key","Tullaugag,_Alacie_and_Lucy_Amarualik","Bands_and_Artists","Chazzanut","Klezmer","Perwer,_Sivan","Afro-Latin","Andean","Bands_and_Artists","Bossa_Nova","Brazilian","Charts","Directories","Latin_Jazz","Latin_Pop","Magazines_and_E-zines","Merengue","Norteño","Radio","Regional","Salsa","Samba","Tango","Tejano","Zouk","Bands_and_Artists","Concerts_and_Events","Bands_and_Artists","Persian","Sound_Files","Bands_and_Artists","Drummers-Singers","Flute_Music","Folk-Jazz-Instrumental","Native_Rock","Radio","Storytellers","Bands_and_Artists","Bands_and_Artists","Bands_and_Artists","Bands_and_Artists","Dancehall","Dub","Festivals_and_Concerts","Magazines_and_E-zines","Personal_Pages","Radio","Sound_Systems","Bands_and_Artists","Bands_and_Artists","Ensembles","Organizations","Baker,_Anita","Big_Town_Playboys","Boyz_II_Men","Filet_of_Soul","Scott,_Jill","Soulchild,_Musiq","Bands_and_Artists","Radio","Bands_and_Artists","Bands_and_Artists","Directories","Madchester","Magazines_and_E-zines","Personal_Pages","Shoegaze","Post-Rock","0","1","2","3","4","5","6","7","8","9","A","B","C","D","E","F","G","H","I","J","K","L","M","N","O","P","Q","R","S","T","U","V","W","X","Y","Z","Radio","Bands_and_Artists","Bands_and_Artists","Bands_and_Artists","Radio","Bands_and_Artists","Directories","Magazines_and_E-zines","Radio","Bands_and_Artists","Black_Metal","Chats_and_Forums","Death_Metal","Directories","Doom_Metal","Grindcore","Hair_Metal","Hardcore","MP3","Magazines_and_E-zines","Mailing_Lists","Personal_Pages","Power_Metal","Radio","Reviews","Goth_Metal","Bands_and_Artists","Magazines_and_E-zines","Personal_Pages","Radio","Bands_and_Artists","Festivals_and_Events","Heads_and_Scene_Sites","MP3","Regional","Bands_and_Artists","Bands_and_Artists","Chats_and_Forums","Magazines_and_E-zines","Personal_Pages","Radio","Reviews","Bands_and_Artists","Cover_Art","Flyers_and_Posters","Hardcore","Lyrics","Magazines_and_E-zines","No_Wave","Oi_and_Streetpunk","Photographs","Post-Punk","Radio","Regional","Reviews","Riot_Grrl","Straight_Edge","Tablature","Bands_and_Artists","Personal_Pages","Bands_and_Artists","Magazines_and_E-zines","Personal_Pages","Regional","Bands_and_Artists","Singers","Singers","Singers","Songwriters","Singers","Bands_and_Artists","Songwriters","Allegheny_College","American_University","Amherst_College","Appalachian_State_University","Bates_College","Boston_College","Boston_University","Bowdoin_College","Brandeis_University","Brigham_Young_University","Brown_University","Bryn_Mawr_College","Bucknell_University","California_Institute_of_Technology","Cambridge_University","Carleton_College","Carnegie_Mellon_University","Claremont_Colleges","Clark_University","Clemson_University","Colby_College","Colgate_University","College_of_William_and_Mary","Columbia_University","Connecticut_College","Cornell_University","Dartmouth_College","Duke_University","Florida_State_University","Franklin_and_Marshall_College","George_Washington_University","Georgetown_University","Georgia_Institute_of_Technology","Harvard_University","Haverford_College","Indiana_University","James_Madison_University","Jewish","Johns_Hopkins_University","Massachusetts_Institute_of_Technology","McGill_University","Michigan_State_University","Middlebury_College","New_York_University","Northwestern_University","Oxford_University","Princeton_University","Smith_College","Skidmore_College","Stanford_University","State_University_of_New_York","Stonehill_College","Susquehanna_University","Swarthmore_College","Trinity_College","Troy_State_University","Tufts_University","U.S._Coast_Guard_Academy","University_of_California","University_of_Chicago","University_of_Colorado","University_of_Delaware","University_of_Georgia","University_of_Illinois","University_of_Maryland","University_of_Michigan","University_of_Pennsylvania","University_of_Pittsburgh","University_of_Vermont","University_of_Virginia","Vanderbilt_University","Vassar_College","Wesleyan_University","Yale_University","Competitions","Concordia","Four_Shadow","Nylons,_The","Rockapella","Female","Male","Mixed","Braun,_Russell","Eddy,_Nelson","Fischer-Dieskau,_Dietrich","Goerne,_Matthias","Hampson,_Thomas","Hvorostovsky,_Dmitri","Keenlyside,_Simon","Skovhus,_Bo","Quasthoff,_Thomas","Terfel,_Bryn","van_Dam,_José","Robeson,_Paul","Anderson,_Marian","Ferrier,_Kathleen","Asawa,_Brian","Bowman,_James","Chance,_Michael","Daniels,_David","Baltsa,_Agnes","Bartoli,_Cecilia","Graham,_Susan","Horne,_Marilyn","Kirchschlager,_Angelika","Ludwig,_Christa","Otter,_Anne_Sofie_von","Troyanos,_Tatiana","Bonney,_Barbara","Bradley,_Gwendolyn","Brewer,_Christine","Callas,_Maria","Dam-Jensen,_Inger","Dawson,_Lynne","De_Los_Angeles,_Victoria","Esperian,_Kallen","Flagstad,_Kirsten","Fleming,_Renée","Garrett,_Lesley","Gheorghiu,_Angela","Gruberova,_Edita","Hendricks,_Barbara","Kirkby,_Emma","Lawrence,_Cynthia","McNair,_Sylvia","Norman,_Jessye","Ponselle,_Rosa","Price,_Leontyne","Röschmann,_Dorothea","Schumann,_Elisabeth","Sutherland,_Joan","Te_Kanawa,_Kiri","Tebaldi,_Renata","Upshaw,_Dawn","Curtin,_Phyllis","Ainsley,_John_Mark","Bergonzi,_Carlo","Bezdüz,_Bülent","Björling,_Jussi","Bocelli,_Andrea","Bostridge,_Ian","Carreras,_José","Caruso,_Enrico","Domingo,_Placido","Flórez,_Juan_Diego","Furlong,_Peter","Gigli,_Beniamino","Lanza,_Mario","Lee,_Colin","Leech,_Richard","McCormack,_John","Merritt,_Chris","Partridge,_Ian","Pavarotti,_Luciano","Schade,_Michael","Shicoff,_Neil","Three_Tenors,_The","Potts,_Paul","Boswell_Sisters,_The","Bridgewater,_Dee_Dee","Carter,_Betty","Christy,_June","Dorough,_Bob","Elling,_Kurt","Fitzgerald,_Ella","Gonzales,_Babs","Hanshaw,_Annette","Hartman,_Johnny","Holiday,_Billie","Jefferson,_Eddie","Lambert,_Hendricks_and_Ross","Les_Double_Six_of_Paris","McRae,_Carmen","O'Day,_Anita","Piaf,_Edith","Raney,_Sue","Swingle_Singers,_The","Torme,_Mel","Vaughan,_Sarah","Williams,_Joe","Wilson,_Nancy","Unfinished_Novels","Movies","Movies","Movies","Movies","Movies","Movies","Television","Movies","Movies","Movies","Movies","Movies","Fan_Pages","Image_Galleries","Movies","Movies","Movies","Movies","Movies","Television","Movies","Movies","Movies","Image_Galleries","Movies","Movies","Movies","Movies","Television","Chats_and_Forums","Directories","Image_Galleries","Movies","Movies","Movies","Image_Galleries","Movies","Directories","Fan_Pages","Image_Galleries","Movies","Movies","Movies","Chats_and_Forums","Fan_Pages","Image_Galleries","Movies","Movies","Movies","Movies","Movies","Image_Galleries","Movies","Movies","Movies","Movies","Movies","Movies","Movies","Movies","Movies","Television","Movies","Movies","Movies","Movies","Movies","Movies","Television","Movies","Movies","Movies","Television","Movies","Television","Movies","Movies","Movies","Movies","Movies","Articles_and_Interviews","Image_Galleries","Movies","Movies","Movies","Movies","Movies","Movies","Image_Galleries","Movies","Movies","Movies","Movies","Movies","Articles_and_Interviews","Movies","Movies","Movies","Movies","Television","Movies","Movies","Movies","Movies","Television","Television","Movies","Movies","Movies","Movies","Movies","Movies","Movies","Movies","Movies","Television","Image_Galleries","Movies","Movies","Movies","Movies","Movies","Movies","Television","Movies","Movies","Television","Movies","Movies","Movies","Movies","Movies","Image_Galleries","Movies","Movies","Movies","Image_Galleries","Movies","Movies","Movies","Movies","Movies","Movies","Movies","Movies","Movies","Television","Movies","Movies","Fan_Pages","Image_Galleries","Movies","Directories","Fan_Pages","Movies","Movies","Movies","Movies","Movies","Movies","Movies","Movies","Movies","Movies","Movies","Movies","Movies","Movies","Movies","Movies","Movies","Movies","Movies","Movies","Articles_and_Interviews","Movies","Television","Movies","Movies","Television","Movies","Movies","Movies","Movies","Movies","Movies","Movies","Movies","Movies","Movies","Movies","Movies","Movies","Movies","Movies","Articles_and_Interviews","Movies","Television","Movies","Image_Galleries","Image_Galleries","Articles_and_Interviews","Movies","Movies","Movies","Television","Movies","Movies","Articles_and_Interviews","Directories","Image_Galleries","Movies","Television","Fan_Pages","Movies","Movies","Movies","Movies","Movies","Movies","Fan_Pages","Image_Galleries","Movies","Movies","Television","Movies","Movies","Movies","Movies","Movies","Movies","Movies","Image_Galleries","Movies","Movies","Movies","Movies","Movies","Movies","Movies","Television","Movies","Movies","Movies","Movies","Movies","Television","Movies","Television","Movies","Movies","Movies","Movies","Movies","Movies","Movies","Movies","Movies","Television","Articles_and_Interviews","Movies","Movies","Movies","Movies","Television","Movies","Television","Movies","Movies","Movies","Movies","Movies","Movies","Movies","Movies","Movies","Movies","Interviews","Movies","Movies","Movies","Movies","Television","Movies","Movies","Television","Movies","Movies","Movies","Movies","Television","Television","Movies","Chats_and_Forums","Television","Movies","Movies","Movies","Movies","Television","Movies","Television","Movies","Movies","Movies","Movies","Movies","Movies","Movies","Movies","Movies","Movies","Articles_and_Interviews","Chats_and_Forums","Image_Galleries","Movies","Impersonators","Movies","Movies","Articles_and_Interviews","Fan_Pages","Image_Galleries","Movies","Theater","Movies","Television","Movies","Movies","Movies","Movies","Movies","Movies","Fan_Pages","Image_Galleries","Movies","Movies","Movies","Movies","Television","Movies","Movies","Movies","Movies","Movies","Movies","Movies","Movies","Movies","Movies","Articles_and_Interviews","Movies","Articles_and_Interviews","Chats_and_Forums","Directories","Movies","Resources","Movies","Movies","Movies","Television","Movies","Movies","Movies","Movies","Movies","Movies","Movies","Television","Image_Galleries","Fan_Pages","Movies","Movies","Movies","Movies","Movies","Image_Galleries","Movies","Movies","Movies","Movies","Movies","Movies","Movies","Television","Movies","Movies","Movies","Movies","Movies","Movies","Movies","Articles_and_Interviews","Movies","Movies","Movies","Movies","Movies","Movies","Movies","Movies","Television","Articles_and_Interviews","Image_Galleries","Movies","Movies","Movies","Movies","Movies","Directories","Fan_Pages","Image_Galleries","Movies","Articles_and_Interviews","Chats_and_Forums","Directories","Downloads","Fan_Pages","Image_Galleries","Movies","Movies","Movies","Movies","Movies","Movies","Image_Galleries","Movies","Image_Galleries","Movies","Movies","Movies","Chats_and_Forums","Movies","Movies","Movies","Chats_and_Forums","Image_Galleries","Movies","Movies","Movies","Movies","Articles_and_Interviews","Fan_Pages","Image_Galleries","Movies","Image_Galleries","Movies","Movies","Movies","Movies","Television","Movies","Movies","Movies","Movies","Movies","Movies","Movies","Movies","Movies","Movies","Movies","Image_Galleries","Movies","Image_Galleries","Movies","Movies","Movies","Movies","Movies","Movies","Movies","Movies","Movies","Movies","Movies","Movies","Movies","Movies","Movies","Image_Galleries","Movies","Television","Movies","Television","Movies","Movies","Movies","Movies","Articles_and_Interviews","Images","Movies","Movies","Movies","Movies","Movies","Movies","Movies","Movies","Movies","Movies","Movies","Movies","Movies","Movies","Television","Movies","Movies","Articles_and_Interviews","Chats_and_Forums","Image_Galleries","Movies","Movies","Movies","Movies","Movies","Movies","Television","Movies","Movies","Movies","Movies","Movies","Articles_and_Interviews","Image_Galleries","Movies","Movies","Movies","Movies","Movies","Movies","Fan_Pages","Image_Galleries","Movies","Movies","Movies","Movies","Movies","Movies","Movies","Movies","Television","Movies","Movies","Movies","Movies","Movies","Movies","Articles_and_Interviews","Fan_Pages","Image_Galleries","Movies","Movies","Articles_and_Interviews","Movies","Movies","Movies","Television","Movies","Movies","Directories","Impersonators","Movies","Movies","Movies","Movies","Movies","Movies","Movies","Television","Movies","Movies","Movies","Movies","Movies","Movies","Movies","Downloads","Fan_Pages","Image_Galleries","Movies","Television","Movies","Movies","Movies","Movies","Movies","Movies","Movies","Television","Movies","Theater","Movies","Movies","Movies","Movies","Movies","Movies","Movies","Television","Movies","Movies","Movies","Movies","Articles_and_Interviews","Fan_Pages","Image_Galleries","Movies","Movies","Movies","Movies","Movies","Movies","Movies","Movies","Movies","Movies","Movies","Movies","Movies","Movies","Movies","Movies","Television","Movies","Movies","Television","Movies","Movies","Movies","Movies","Movies","Movies","Movies","Movies","Movies","Movies","Television","Television","Movies","Movies","Movies","Movies","Movies","Movies","Image_Galleries","Movies","Movies","Television","Movies","Movies","Movies","Movies","Movies","Movies","Movies","Movies","Articles_and_Interviews","Chats_and_Forums","Fan_Pages","Television","Movies","Movies","Television","Movies","Movies","Television","Movies","Anti-Lindsay","Movies","Television","Movies","Movies","Movies","Movies","Movies","Movies","Movies","Movies","Movies","Movies","Movies","Movies","Movies","Movies","Movies","Movies","Television","Movies","Movies","Movies","Movies","Movies","Movies","Movies","Movies","Movies","Movies","Television","Movies","Movies","Television","Movies","Movies","Movies","Movies","Movies","Movies","Movies","Movies","Movies","Movies","Movies","Movies","Movies","Movies","Movies","Movies","Movies","Movies","Movies","Movies","Articles_and_Interviews","Image_Galleries","Movies","Movies","Television","Movies","Movies","Television","Television","Movies","Movies","Movies","Movies","Image_Galleries","Movies","Movies","Movies","Movies","Television","Movies","Movies","Movies","Movies","Movies","Movies","Movies","Movies","Movies","Movies","Movies","Movies","Movies","Movies","Movies","Television","Movies","Movies","Movies","Movies","Articles_and_Interviews","Chats_and_Forums","Directories","Fan_Pages","Image_Galleries","Movies","Resources","Television","Movies","Television","Movies","Movies","Movies","Movies","Movies","Movies","Movies","Movies","Movies","Movies","Articles_and_Interviews","Chats_and_Forums","Movies","Movies","Movies","Movies","Movies","Television","Movies","Movies","Movies","Movies","Movies","Movies","Movies","Television","Movies","Image_Galleries","Movies","Movies","Movies","Articles_and_Interviews","Image_Galleries","Movies","Movies","Movies","Movies","Movies","Movies","Television","Movies","Movies","Movies","Photo_Galleries","Television","Cartoons","Movies","Movies","Movies","Television","Movies","Movies","Television","Television","Movies","Movies","Movies","Movies","Movies","Movies","Movies","Movies","Movies","Movies","Movies","Movies","Articles_and_Interviews","Movies","Movies","Movies","Movies","Movies","Television","Movies","Movies","Movies","Movies","Movies","Movies","Movies","Movies","Movies","Movies","Movies","Movies","Movies","Movies","Fan_Pages","Movies","Movies","Movies","Movies","Movies","Movies","Movies","Movies","Movies","Movies","Fan_Pages","Image_Galleries","Movies","Movies","Movies","Movies","Image_Galleries","Movies","Movies","Movies","Movies","Movies","Movies","Movies","Movies","Movies","Movies","Movies","Television","Movies","Movies","Movies","Movies","Movies","Movies","Movies","Movies","Movies","Television","Movies","Movies","Movies","Television","Movies","Movies","Movies","Movies","Fan_Pages","Image_Galleries","Movies","Movies","Movies","Television","Television","Movies","Movies","Movies","Arizona","California","Florida","Georgia","Illinois","Kansas","Massachusetts","Missouri","New_Jersey","New_York","Ohio","Pennsylvania","Texas","Utah","Virginia","Washington","Fan_Pages","Alegria","Corteo","Dralion","Journey_of_Man","Ka","La_Nouba","Love","Mystère","O","Quidam","Saltimbanco","Varekai","Zumanity","College_and_University","Alabama","Alaska","Arizona","Arkansas","California","Colorado","Connecticut","Delaware","Florida","Georgia","Hawaii","Idaho","Illinois","Indiana","Iowa","Kansas","Kentucky","Louisiana","Maine","Maryland","Massachusetts","Michigan","Minnesota","Mississippi","Missouri","Montana","Nebraska","Nevada","New_Hampshire","New_Jersey","New_Mexico","New_York","North_Carolina","North_Dakota","Ohio","Oklahoma","Oregon","Pennsylvania","Rhode_Island","South_Carolina","South_Dakota","Tennessee","Texas","Utah","Vermont","Virginia","Washington","Washington,_DC","West_Virginia","Wisconsin","Wyoming","Laurel_and_Hardy","Smothers_Brothers","Three_Stooges,_The","Anderson,_Wil","Attell,_Dave","Bruce,_Lenny","Capo,_Fran","Cho,_Margaret","Cook,_Peter","Cross,_David","Condell,_Pat","Hackett,_Buddy","Hedberg,_Mitch","Hicks,_Bill","Kinison,_Sam","MacDonald,_Norm","Miller,_Dennis","Regan,_Brian","Sinbad","South_Africa","Hong_Kong","Philippines","Austria","Belgium","Denmark","Estonia","Finland","France","Germany","Ireland","Italy","Netherlands","Norway","Romania","Russia","Serbia","Sweden","Switzerland","United_Kingdom","Canada","Mexico","United_States","Australia","Ananiashvili,_Nina","Balanchine,_George","Baryshnikov,_Mikhail","Christensen,_Lew","Farrell,_Suzanne","Fonteyn,_Margot","Gable,_Christopher","Kain,_Karen","Markova,_Alicia","Mukhamedov,_Irek","Nijinsky,_Vaslaw","Nureyev,_Rudolf","Pavlova,_Anna","Petipa,_Marius","Tallchief,_Maria","Tennant,_Veronica","Ulanova,_Galina","United_States","Canada","United_Kingdom","Alabama","Alaska","Arizona","Arkansas","California","Colorado","Connecticut","Delaware","Florida","Georgia","Hawaii","Idaho","Illinois","Indiana","Iowa","Kansas","Kentucky","Louisiana","Maine","Maryland","Massachusetts","Michigan","Minnesota","Mississippi","Missouri","Montana","Nebraska","Nevada","New_Hampshire","New_Jersey","New_Mexico","New_York","North_Carolina","North_Dakota","Ohio","Oklahoma","Oregon","Pennsylvania","South_Carolina","Rhode_Island","South_Dakota","Tennessee","Texas","Utah","Vermont","Virginia","Washington","Washington,_DC","West_Virginia","Wisconsin","Wyoming","Companies","Dancers","Schools","Demonstration_Groups","Schools","Scottish_Country_Dance_Groups","Australia","United_Kingdom","Australia","Canada","Ukraine","United_Kingdom","United_States","Locke,_Kevin","Personal_Pages","United_States","Abdou,_Fifi","Current_Status","Dina","Fouad,_Nagwa","Alaska","Arizona","Arkansas","California","Colorado","Connecticut","Florida","Georgia","Idaho","Illinois","Indiana","Kansas","Kentucky","Maine","Maryland","Massachusetts","Michigan","Minnesota","Missouri","Montana","Nevada","New_Hampshire","New_Jersey","New_Mexico","New_York","North_Carolina","Ohio","Oklahoma","Oregon","Pennsylvania","Rhode_Island","Tennessee","Texas","Utah","Vermont","Virginia","Washington","Washington,_DC","West_Virginia","United_Kingdom","Canada","United_States","Alaska","California","Colorado","Connecticut","Florida","Hawaii","Illinois","Indiana","Iowa","Maryland","Massachusetts","Michigan","New_York","North_Carolina","Ohio","Oregon","Pennsylvania","South_Carolina","Texas","Vermont","Virginia","Washington","Wisconsin","Teachers","British_Colombia","Scotland","Alaska","Arizona","California","Colorado","Connecticut","Delaware","Florida","Georgia","Hawaii","Illinois","Iowa","Louisiana","Maine","Maryland","Massachusetts","Michigan","Minnesota","Missouri","Nevada","New_Jersey","New_Mexico","New_York","North_Carolina","Ohio","Oregon","Pennsylvania","Rhode_Island","South_Carolina","Tennessee","Texas","Tours","Utah","Vermont","Washington","Washington_DC","Movies","Brushwood,_Brian","Reviews","Cast_and_Crew","Cast_and_Crew","United_Kingdom","Canada","United_States","Productions","Chats_and_Forums","Characters","Fan_Works","Performers","Poems_and_Lyrics","Roleplaying","Web_Rings","Kids_4_Kids","Sessionauts","Articles_and_Interviews","Performers","Performers_and_Creative_Team","Les_Miserables_-_Broadway_Revival","Performers","Articles_and_Interviews","Performers","Phantom_-_The_Las_Vegas_Spectacular","Web_Rings","Phantom_-_Once_Upon_Another_Time","Angel_Tour","Benny_Tour","Broadway_Production","Canadian_Production","Chats_and_Forums","International_Casts","Jonathan_Larson","London_Production","Multimedia","Performers","RentHeads","Rush_Tickets","Web_Rings","Performers","Fans_League","Performers","Role_Playing","Sound_of_Music,_The_-_2006_West_End_Production","Actors","Articles_and_Interviews","Performers","Troupes","England","Northern_Ireland","Scotland","Wales","Alberta","British_Columbia","Nova_Scotia","Ontario","Quebec","Alabama","Alaska","Arizona","Arkansas","California","Colorado","Connecticut","Delaware","Florida","Georgia","Hawaii","Idaho","Illinois","Indiana","Iowa","Kansas","Kentucky","Louisiana","Maine","Maryland","Massachusetts","Michigan","Minnesota","Mississippi","Missouri","Montana","Nebraska","Nevada","New_Hampshire","New_Jersey","New_Mexico","New_York","North_Carolina","North_Dakota","Ohio","Oklahoma","Oregon","Pennsylvania","Rhode_Island","South_Carolina","South_Dakota","Utah","Tennessee","Texas","Vermont","Virginia","Washington","Washington,_DC","West_Virginia","Wisconsin","Wyoming","England","Northern_Ireland","Scotland","Wales","New_York","EOS","Nikkormats","Nikon_Corporation","SLR_Bodies","Exhibits","FAQs,_Help,_and_Tutorials","History","Black_and_White","British_Columbia","New_Brunswick","Newfoundland_and_Labrador","Nova_Scotia","Ontario","Manitoba","Alabama","Alaska","Arizona","Arkansas","California","Colorado","Connecticut","Delaware","Florida","Georgia","Hawaii","Idaho","Illinois","Indiana","Iowa","Kansas","Kentucky","Louisiana","Maine","Maryland","Massachusetts","Michigan","Minnesota","Mississippi","Missouri","Montana","Nebraska","Nevada","New_Hampshire","New_Jersey","New_Mexico","New_York","North_Carolina","North_Dakota","Ohio","Oklahoma","Oregon","Pennsylvania","Rhode_Island","South_Carolina","South_Dakota","Tennessee","Texas","Utah","Vermont","Virginia","Washington","Washington,_DC","West_Virginia","Wisconsin","Wyoming","All_Things_Considered","Alabama","Alaska","Arizona","Arkansas","California","Colorado","Connecticut","Indiana","Louisiana","Maryland","Massachusetts","New_York","North_Carolina","Oklahoma","Rhode_Island","Texas","Washington,_DC","Hannity,_Sean","Liddy,_G._Gordon","Limbaugh,_Rush","O'Reilly,_Bill","Rhodes,_Randi","Savage,_Michael","Bob_and_Tom_Show,_The","Don_and_Mike_Show,_The","Classical","College_Radio","Country","Rap,_RnB,_and_Urban_Radio","Religious","Rock","Talk_and_News_Radio","Online_Broadcast","Resources","AM","FM","Internet","Uncle_Floyd","Toonami","Cast_and_Crew","Fan_Fiction","Cast_and_Crew","The_Outlaw_Years","Cast_and_Crew","Fan_Fiction","Cast_and_Crew","Cast_and_Crew","Historical_Information_and_References","MMC_-_1989_Version","New_Mickey_Mouse_Club,_The_-_1977_Version","Guest_Stars","Big_Bird","Cookie_Monster","Elmo","Ernie_and_Bert","Grover","Yip_Yips","Canada's_Sesame_Park","Street-Ulitsa_Sezam","Zhima_Jie","Cast_and_Crew","Cast_and_Crew","Fan_Clubs","Cast_and_Crew","Articles_and_Interviews","Cast_and_Crew","Chats_and_Forums","Fan_Fiction","Fan_Pages","Cast_and_Crew","Cast_and_Crew","Chats_and_Forums","Fan_Pages","Cast_and_Crew","Chats_and_Forums","Cast_and_Crew","Fan_Fiction","Cast_and_Crew","Cast_and_Crew","Cast_and_Crew","Fan_Fiction","Fan_Pages","Cast_and_Crew","Fan_Fiction","Cast_and_Crew","Cast_and_Crew","Cast_and_Crew","Characters","Fan_Fiction","Quotations","Cast_and_Crew","Cast_and_Crew","Articles_and_Interviews","Cast_and_Crew","Chats_and_Forums","Fan_Fiction","Cast_and_Crew","Cast_and_Crew","Cast_and_Crew","Chats_and_Forums","Cast_and_Crew","Cast_and_Crew","Cast_and_Crew","Cast_and_Crew","Cast_and_Crew","Characters","Almeida,_Tony","Bauer,_Jack","Relationships","Cast_and_Crew","CSI_-_Crime_Scene_Investigation","CSI_-_Miami","CSI_-_New_York_City","Cast_and_Crew","Cast_and_Crew","Fan_Fiction","Cast_and_Crew","Cast_and_Crew","Fan_Fiction","Cast_and_Crew","Fan_Fiction","Cast_and_Crew","Fan_Fiction","Relationships","Mailing_Lists","Authors","Mailing_Lists","Cast_and_Crew","Cast_and_Crew","Cast_and_Crew","Cast_and_Crew","Fan_Fiction","Articles_and_Interviews","Cast_and_Crew","Cast_and_Crew","Cast_and_Crew","Cast_and_Crew","Cast_and_Crew","Cast_and_Crew","Cast_and_Crew","Fan_Fiction","Cast_and_Crew","Fanlistings","Cast_and_Crew","Relationships","Cast_and_Crew","Characters","Chats_and_Forums","Fan_Fiction","Image_Galleries","Trivia","Cast_and_Crew","Cast_and_Crew","Cast_and_Crew","Cast_and_Crew","Cast_and_Crew","Cast_and_Crew","Cast_and_Crew","Cast_and_Crew","Fan_Fiction","Cast_and_Crew","Characters","Chats_and_Forums","Fan_Fiction","Cast_and_Crew","Chats_and_Forums","Cast_and_Crew","Cast_and_Crew","Cast_and_Crew","Cast_and_Crew","Cast_and_Crew","Reviews","Angel","Chase,_Cordelia","Doyle,_Allen_Francis","Gunn,_Charles","McDonald,_Lindsey","Pryce,_Wesley_Wyndham","Anya","Calendar,_Jenny","Faith","Giles,_Rupert","Harris,_Xander","Kendra","Maclay,_Tara","Madison,_Amy","Oz","Relationships","Rosenberg,_Willow","Summers,_Buffy","Summers,_Joyce","Villains","A","B","C","D","E","F","G","H","I","J","K","L","M","N","O","P","Q","R","S","T","U","V","W","X","Y","Z","Fan_Art","Fan_Fiction","Weblogs","NBC_Revival_Series_-_1991","Original_Series_-_1966-71","Angelique_Bouchard_Collins","Daphne_Harridge","Dr._Julia_Hoffman","Roger_Collins","Victoria_Winters","Willie_Loomis","Forums","Mailing_Lists","Relationships","Chats_and_Forums","Web_Rings","Contestants","Contestants","Contestants","Contestants","Contestants","Contestants","Contestants","Big_Brother_1","Big_Brother_3","Big_Brother_4","Big_Brother_5","Big_Brother_6","Cast_and_Crew","Big_Brother_1","Big_Brother_2","Big_Brother_3","Big_Brother_5","Big_Brother_6","Big_Brother_7","Big_Brother_8","Big_Brother_9","Big_Brother_10","Cast_and_Crew","Cast_and_Crew","Britten,_Rhonda","Contestants","Contestants","Contestants","Contestants","Contestants","Contestants","Contestants","Contestants","Host_and_Contestants","American_Idol_-_Season_1","American_Idol_-_Season_2","American_Idol_-_Season_3","American_Idol_-_Season_4","American_Idol_-_Season_5","Cast_and_Crew","Chats_and_Forums","Irwin,_Steve","Fan_Fiction","Cast_and_Crew","Chats_and_Forums","Directories","Downloads","Fan_Fiction","Online_Roleplaying","Cast_and_Crew","Cast_and_Crew","Characters","Chats_and_Forums","Conventions","Episode_Guides","Fan_Fiction","Games","Humor","Image_Galleries","Battlestar_Galactica_-_1978","Battlestar_Galactica_-_2005","Galactica_1980","Cast_and_Crew","Cast_and_Crew","Chats_and_Forums","Conventions","Directories","Fan_Clubs","Fan_Fiction","Magazines_and_E-zines","Chats_and_Forums","Cast_and_Crew","Characters","Fan_Fiction","Image_Galleries","Cast_and_Crew","Cast_and_Crew","Cast_and_Crew","Cast_and_Crew","Chats_and_Forums","Directories","Cast_and_Crew","Cast_and_Crew","Books","Cast_and_Crew","Conventions","Episode_Guides","Fan_Fiction","Fanzines","Organizations","Reviews","Cast_and_Crew","Cast_and_Crew","Articles_and_Interviews","Cast_and_Crew","Characters","Chats_and_Forums","Fan_Fiction","Articles_and_Interviews","Cast_and_Crew","Characters","Chats_and_Forums","Fan_Fiction","Chats_and_Forums","Cast_and_Crew","Comic_Book","Fan_Fiction","Cast_and_Crew","Characters","Chats_and_Forums","Fan_Fiction","Cast_and_Crew","Characters","Chats_and_Forums","Conventions","Fan_Fiction","Games","Web_Rings","Cast_and_Crew","Cast_and_Crew","Chats_and_Forums","Cast_and_Crew","Fan_Fiction","Cast_and_Crew","Cast_and_Crew","Cast_and_Crew","Characters","Chats_and_Forums","Web_Rings","Cast_and_Crew","Fan_Fiction","Fun_and_Games","Trading","Web_Rings","Chats_and_Forums","Cast_and_Crew","Cast_and_Crew","Fan_Fiction","Cast_and_Crew","Conventions","Memorabilia","Portmeirion","Cast_and_Crew","Fan_Fiction","Campaigns","Cast_and_Crew","Characters","Chats_and_Forums","Directories","Downloads","Episode_Guides","FAQs","Fan_Fiction","Games","Image_Galleries","Cast_and_Crew","Characters","Chats_and_Forums","Downloads","Fan_Fiction","Image_Galleries","Cast_and_Crew","Fan_Fiction","Mailing_Lists","Web_Rings","Cast_and_Crew","Characters","Chats_and_Forums","Fan_Fiction","Cast_and_Crew","Fan_Fiction","Web_Rings","Cast_and_Crew","Characters","Chats_and_Forums","Directories","Fan_Pages","Music","Online_Roleplaying","Cast_and_Crew","Chats_and_Forums","Fan_Fiction","Animated_Series,_The","Campaigns_and_Protests","Cast_and_Crew","Chats_and_Forums","Conventions","Deep_Space_Nine","Directories","Downloads","Enterprise","Episode_Guides","Fan_Clubs","Fan_Fiction","Fan_Pages","Games","Humor","Memorabilia","Next_Generation,_The","Races","Resources","Star_Trek","Technology","Voyager","Episode_Guides","Fan_Fiction","Fan_Pages","Stargate_Atlantis","Stargate_SG-1","Cast_and_Crew","Cast_and_Crew","Cast_and_Crew","Cast_and_Crew","Articles_and_Interviews","Cast_and_Crew","Characters","Chats_and_Forums","Directories","Downloads","Episode_Guides","Fan_Pages","Fan_Works","Games","Humor","Image_Galleries","Articles_and_Interviews","Cast_and_Crew","Characters","Chats_and_Forums","Directories","Downloads","Episode_Guides","Fan_Art","Fan_Fiction","Fan_Pages","Games","Image_Galleries","Web_Rings","Austin_Reed","Carrie_Brady","Kristen_DiMera","Lucas_Roberts","Relationships","Samantha_Brady","John_and_Marlena","Teens","Former_Cast","Relationships","Multilingual_Stations","Indian","British","Dutch","French","German","Irish","Italian","Polish","Russian","Slovak","Spanish","Canadian","United_States","A","B","C","D","E","F","G","H","I","J","K","L","M","N","O","P","Q","R","S","T","U","V","W","X","Y","Z","Bonestell,_Chesley","Dillon,_Leo_and_Diane","Frazetta,_Frank","Freas,_Frank_Kelly","Froud,_Brian","Gorey,_Edward","North_America","Special_Interest_Groups","Student_Chapters","Beethoven,_Ludwig_van","Mozart,_Wolfgang_Amadeus","Dance","Music","Theatre","Music","Poetry","Martial_Arts","Music","Poetry","Rock_Gardens","Children's_Literature","Classic","Contemporary_Fiction","Hansen,_Ron","Historical_Fiction","Inspirational_Romance","Mauriac,_François","Non-Fiction","Science_Fiction","Spark,_Muriel","Wangerin,_Walter,_Jr.","Christmas","Magazines_and_E-zines","Personal_Pages","Poets","Comedians","Associations","Companies","Dancers","Education","Scripts","Companies","Mime","Scripts"
