"Characters","Clubs_and_Organizations","Collectibles","Creators","Distribution","Fandom","Games","Genres","Image_Galleries","Independent","Multimedia","Music","News_and_Media","Resources","Reviews","Seiyuu","Titles","Web_Rings","Directors","Campaigns_and_Petitions","Channels_and_Networks","Chats_and_Forums","Conventions","Directories","Downloads","Episode_Guides","Eras","Fan_Fiction","Fan_Pages","Genres","Seasonal","Titles","Web_Rings","Animation_Art","Animators","Digital","Essays_and_Articles","Titles","ASIFA","Hanna-Barbera","Rankin-Bass","Schools","A","Resources","Autographs","B","C","Cast_Lists","Chats_and_Forums","D","E","Events","F","Fan_Pages","G","H","I","J","K","L","M","N","News_and_Media","O","P","Multimedia","Professional_Services","Q","R","S","Weblogs","T","U","V","W","Podcasts","X","Y","Z","Amateur","Developer_Tools","Portals_and_Networks","Series","Dini,_Paul","Kress,_Earl","Scott,_Jeffrey","American_Institute_of_Architects","Educational_Institutions","Exhibition","Follies","Fortifications","Government_Buildings","Hospitals_and_Asylums","Houses","Inns_and_Public_Houses","Iconic","Libraries","Lighthouses","Mills","Palaces","Piers","Pyramids","Religious","Restaurants","Retail_Buildings","Skyscrapers","Theaters_and_Cinemas","Water_Houses","Academic_Departments","Educators","Semester_and_Short_Courses","Competitions","Past","Biomorphic","Modular","Sustainable","A","B","C","D","E","F","G","H","I","J","K","L","M","N","O","P","Q","R","S","T","U","V","W","X","Y","Z","Academic_Departments","Architects","Materials","Organizations","Periods_and_Styles","Regional","Vernacular","Associations","Education","Greenways","News_and_Media","Public_Parks","Software","Journals","Magazines_and_E-zines","Radio","Weblogs","Organizations","Projects","A","B","C","D","E","F","G","H","I","J","K","L","M","N","O","P","Q","R","S","T","U","V","W","X","Y","Z","Abstract_Expressionism","Ancient_Art","Art_Deco","Art_Nouveau","Arts_and_Crafts","Ashcan_School","Barbizon_School","Baroque","Bauhaus","Bloomsbury_Group","Classicism","Constructivism","Cubism","Dada","De_Stijl","Earthworks","Expressionism","Fauvism","Fluxus","French_Academic","Futurism","Hudson_River_School","Impressionism","Islamic","Mannerism","Medieval_Art","Modernism","Neoclassicism","Orientalism","Pointillism","Pop_Art","Post-Impressionism","Pre-Raphaelites","Prehistoric_Art","Realism","Renaissance","Rococo","Romanticism","Stuckism","Surrealism","Symbolism","Victorian_Genres","Artists","Facepainting","Image_Galleries","Mehndi","Articles","Personal_Pages","Studios","Africa","Europe","North_America","Oceania","Articles","Chats_and_Forums","Directories","Flash","Image_Galleries","Organizations","Personal_Pages","Removal","Studios","Web_Rings","Europe","North_America","Cassius_Dio","Diodorus_Siculus","Herodotus","Homer","Quintus_of_Smyrna","Sappho","Thucydides","Xenophon","Eta_Sigma_Phi","Junior_Classical_League","Ammianus_Marcellinus","Apuleius","Cato_the_Elder","Catullus","Cicero","Cornelius_Nepos","Horace","Josephus","Juvenal","Livius_Andronicus","Livy","Lucan","Ovid","Pliny_the_Elder","Pliny_the_Younger","Plutarch","Polybius","Quintilian","Sallust","Suetonius","Tacitus","Virgil","0","1","2","3","4","5","6","7","8","9","A","B","C","D","Directories","E","F","G","H","I","J","K","L","M","N","O","P","Q","R","S","T","U","V","W","X","Y","Z","A","B","C","Collaborators","D","E","F","G","H","I","J","K","L","M","N","O","P","Q","R","S","Studios","T","U","V","W","Web_Rings","X","Y","Z","Web_Rings","Comic_Art","Comic_Strips","Disney","European","Fan_Fiction","Golden_Age","Creators","Directories","Fandom","Genres","News_and_Media","Online","Publishers","Titles","Web_Rings","Anthologies","Comic_Books","Directories","Multimedia","Syndicates","A","B","C","D","E","F","G","H","I","J","K","L","M","N","O","P","Q","R","S","T","U","V","W","X","Y","Z","Collecting","Creating","Research_and_Academia","Canada","Original_Artwork","United_Kingdom","United_States","Archives","0","1","2","3","4","5","6","7","8","9","A","B","C","D","E","F","G","H","I","J","K","L","M","N","O","P","Q","R","S","T","U","V","W","X","Y","Z","Science_Fiction_and_Fantasy","Mailing_Lists","Balloon_Artists","Native_American","Basket_Artists","Chats_and_Forums","Fiber_Arts","Associations","Australian","Publications","Classes","Costuming_and_Fabrics","Patterns","Artificial_and_Silk","Chats_and_Forums","Designers_and_Studios","Dried_and_Preserved","Education","Fresh","Magazines_and_E-zines","Organizations","Architectural","Associations","Blowing","Chats_and_Forums","Education","Etching","Fused","History","Lampworking","Neon","Painting","Paperweights","Publications_and_Media","Stained","Artists","Beads","Gemstones","Jewelry_Making","Publications","Schools","Book_Arts","Origami","Papermaking","Quilling","Decoupage","Associations","Tatting","Blacksmithing","Chain_Mail","Magazines_and_E-zines","Model_Engineering","Organizations","Silversmithing","Polymer_Clay","Precious_Metal_Clay","Associations","Ceramic_and_Broken_China","Glass","Stone","Associations","Blackwork","Community_Embroidery","Cross_Stitch","Designers","Directories","Embroidery","Hardanger","Magazines_and_E-zines","Needlepoint","Notions","Patterns","Personal_Pages","Photo_to_Chart_Conversions","Residential_Courses","Rugmaking","Sewing","Weblogs","Chats_and_Forums","Collections","Directories","Events","Magazines_and_E-zines","Organizations","Shopping","Education","Web_Rings","Porcelain","Tiles","Earthenware","Stoneware","Functional","Decorative","Exhibits","Ceramists_and_Potters","Art_Galleries","Techniques_and_Styles","History","FAQs,_Help,_and_Tutorials","E-zines","Applique","Associations","Chats_and_Forums","Crazy_Quilts","Events","History","Image_Galleries","Miniature","News_and_Media","Paper_Piecing","Patterns","Personal_Pages","Web_Rings","Weblogs","Quilters","For_Charity","Chats_and_Forums","Directories","Personal_Pages","Publications","Chats_and_Forums","Digital","Events","How-To_Sites","News_and_Media","Personal_Pages","Clubs","Mailing_Lists","Artists","Braiding","Dyeing","Handspinning","Macrame","Weaving","Carving","Furniture","Intarsia","Marquetry","Pyrography","Woodturning","Woodworking","Artisans","For_Charity","Patterns","Crochet","Knitting","Events","Organizations","Accessories","Corsetry","Galleries","Hair","Magazines_and_E-zines","People","Weblogs","Portfolios","Education","Events","Artists","Collectives,_Collaboratives_and_Organizations","Galleries","Artists_and_Projects","Galleries","Asia","Europe","North_America","Oceania","Africa","Asia","Europe","North_America","Oceania","Employment","K_through_12","Teaching_Resources","Elementary","English","Games","Lesson_Plans_and_Reproducibles","Reading_Instruction","Mailing_Lists","Digital","Magazines_and_E-zines","Directories","Search_Engines","Video_Shows","DVDs","Family","Magazines","Weblogs","Film_Festivals","Conventions_and_Organizations","Mailing_Lists","Vampires","Chats_and_Forums","Directories","Fandom","Games","Humor","Multimedia","News","Personal_Pages","Reviews","Themes","Web_Rings","Writing","Projects","Colleges_and_Departments","Bass,_Saul","Bernbach,_William","Brody,_Neville","Carson,_David","Cassandre,_A._M.","Chantry,_Art","Glaser,_Milton","Loewy,_Raymond","Rand,_Paul","VanderLans,_Rudy","A","B","C","D","E","F","G","H","I","J","K","L","M","N","O","P","Q","R","S","T","U","V","W","X","Y","Z","Magazines_and_E-zines","Typographers","American_Classics","Arthurian_Legend","Chaucer","Dante","English_Classics","Fables_and_Fairy_Tales","Mythology","Robin_Hood","Shakespeare","H-Net","Art_Directors","Hirschfeld,_Al","E-Cards_and_Cartoons","Portfolios","Visual_Commentaries","A","B","C","D","E","F","G","H","I","J","K","L","M","N","O","P","R","S","T","V","W","A","B","C","D","E","F","G","H","I","J","K","L","M","Multiple_Artists","N","O","P","Q","R","S","T","U","V","W","X","Y","Z","Books","Exhibits","Dragons_and_Unicorns","Horror_and_Dark_Fantasy","Cards","Ethnic","Fashion","Medical_and_Scientific","Music_Illustration","Nature_and_Wildlife","Pin-ups","Product_Illustration","Sports","Storyboards","Technical_and_Infographics","Western","A","B","C","D","E","F","G","H","Horror","Humor","I","J","K","L","M","N","Non-fiction","O","P","Q","R","S","Spirituality","T","U","V","W","X","Y","Z","Freedom_Writers_Diary,_The","Reviews","Specific_Texts_Online","Authors","Awards_and_Bestsellers","Children's_Series_Books","Children's_Space_Books","Directories","Online_Books","Reviews","Spanish_Books","Gay,_Lesbian,_and_Bisexual","Latino","Native_American","16th_Century","17th_Century","18th_Century","19th_Century","20th_Century","Ancient_Greek","Ancient_Roman","Contemporary","Elizabethan","Medieval","Renaissance","Sanskrit","Project_Gutenberg","Religion_and_Spirituality","Universities","Cyberpunk","Espionage_and_War","Fantasy","Historical_Fiction","Horror","Humorous_Fiction","Inspirational_Fiction","Literary_Nonfiction","Mystery","Nature_Writing","Romance","Science_Fiction","Travel_and_Adventure","Western","Zines","A","B","C","D","E","F","G","H","I","J","K","L","M","Myths","N","O","P","Q","R","S","T","U","V","W","Book_Previews","Beat","Bloomsbury_Group","Enlightenment","Existentialism","Hard-Boiled","Lost_Generation","Magical_Realism","Medieval","Metafiction","Modernism","Naturalism","Oulipo","Pre-Raphaelites","Pulp_Fiction","Realism","Renaissance","Romanticism","Surrealism","Transcendentalism","Chats_and_Forums","Contemporary","Criticism_and_Theory","Directories","Electronic_Text_Archives","Forms","Genres","In_Translation","Interactive","Magazines_and_E-zines","Organizations","Performance_and_Presentation","Poets","Reviews","BookCrossing","Children's_Reading_Groups","Europe","North_America","Publisher's_Reading_Group_Pages","Readers_of_Black_Literature","Resources","Science_Fiction_and_Fantasy","Authors","Directories","Magazines_and_Newspapers","Personal_Pages","Reader-Submitted","Theory","Awards","Classics","Contemporary","A","B","C","D","E","F","G","H","I","J","K","L","M","N","O","P","Q","R","S","T","U","V","W","X","Y","Z","0","1","2","3","4","5","6","7","8","9","A","B","C","D","E","F","G","H","I","J","K","L","M","N","O","P","Q","R","S","T","U","V","W","X","Y","Z","Academy_Awards","Golden_Globe_Awards","Screen_Actors_Guild_Awards","Mailing_Lists","Usenet","African","African_American","Asian","Australian","British","Bulgarian","French","German","Greek","Inuit","Irish","Italian","Jewish","Latvian","Mexican","New_Zealander","Romanian","Russian","Scandinavian","Spanish","Web_Rings","Film_Schools","Directories","Europe","North_America","Middle_East","Asia","Oceania","Africa","South_America","Caribbean","Amateur","Cinematography","Directing","Directories","Documentary","Editing","Equipment","Experimental","FAQs,_Help,_and_Tutorials","Film_Formats","Independent","Makeup_and_Costumes","News_and_Media","Online_Communities","Online_Venues","People","Producing","Regional","Screenwriting","Short_Films","Sound","Visual_Effects","Action","B-Movies","Blaxploitation","Classic","Comedy","Cowboy_Westerns","Cult_Movies","Documentary","Drama","Family","Film_Noir","Historical","Horror","Made_For_Television","Musicals","Mystery","Organized_Crime","Road_Movies","Romance","Science_Fiction_and_Fantasy","Serials","Silent_Movies","Sports","Spy","Suspense_Thrillers","War","Cinerama","Magic_Lantern","DVD","Laserdisc","Chats_and_Forums","Magazines_and_E-zines","Posters","Audio","Desktop_Customization","Video","Box_Office_Reports","Gossip","Magazines_and_E-zines","Previews","Film_Societies","Filmmaking","By_Genre","By_Region","By_Title","Capsule_Reviews","Humorous","Ratings","Review_Hubs","Top_Lists","Family","20th_Century_Fox","DreamWorks","Handmade_Films","Metro-Goldwyn-Mayer","Paramount_Pictures","Sony_Pictures","Universal_Studios","View_Askew","Walt_Disney_Pictures","Warner_Bros.","Drive-In_Theaters","Indoor_Theaters","Open_Air_Theaters","Theater_Chains","By_Genre","Feminist","Journals","Psychoanalytic","0","1","2","3","4","5","6","7","8","9","A","B","C","D","E","F","G","H","I","J","K","L","M","N","O","P","Q","R","S","T","U","V","W","X","Y","Z","Bloopers_and_Mistakes","Quizzes","'N_Sync","Aguilera,_Christina","B-Witched","Backstreet_Boys","Beatles","Carey,_Mariah","Country","Creed","Dion,_Céline","Duff,_Hilary","Eminem","Five","Ford,_Willa","Good_Charlotte","Green_Day","Hanson","Hip-Hop","Kid_Rock","Korn","Lavigne,_Avril","Limp_Bizkit","MTV","Manson,_Marilyn","Martin,_Ricky","Metallica","Moffatts","Moore,_Mandy","Morissette,_Alanis","Oasis","Piper,_Billie","Pop","Puff_Daddy","S_Club","Silverchair","Simpson,_Jessica","Slipknot","Spears,_Britney","Spice_Girls","Steps","Dove_Awards","Grammy","MTV_Video_Music","0","1","2","3","4","5","6","7","8","9","A","B","By_Instrument","By_Style","C","Cover_Bands","D","E","F","G","H","I","J","K","L","M","N","O","P","Q","R","Regional","S","T","Tribute_Acts","U","Unsigned_Band_Resources","V","W","X","Y","Z","Polls","Regional","Bands_and_Artists","IRC","Instruments","Mailing_Lists","Regions","Styles","Instruments","Recordings","Africa","Asia","Europe","Middle_East","North_America","Oceania","South_America","8-track","Buyers","Compact_Disc","Guidebooks","Magazines_and_E-zines","Organizations","Personal_Collections","Quadraphonic_and_Surround","Sheet_Music","Vintage_Recordings","Vinyl","Competitions","Composers","Organizations","Resources","Organizations","Personal_Pages","Benefits","Classical","Country","Dance","Easy_Listening","Festivals","Folk","Guides","Hip_Hop","Internet_Broadcasts","Jazz","Organizations","Regional_and_Ethnic","Rhythm_and_Blues","Rock","Trade_Shows","Tributes","Associations","Chats_and_Forums","Directories","Education","Equipment","Hip_Hop","Karaoke","Magazines_and_E-zines","Personal_Pages","Record_Pools","Recordings","Regional","Techno","Trance","Turntablism","Bands_and_Artists","MP3","Musician_Resources","Rock_and_Pop","Singers","Techno,_Trance,_Rave_and_Dance","Academic_Departments","Courses_and_Lessons","Directories","Methods_and_Techniques","Organizations","Regional","Resources","Teachers","Youth","18th_Century_American","19th_Century_American","20th_Century_Pop","Baroque","Castrati","Famous_Works","A","B","C","D","E","Education","Electronic","Events","F","G","H","I","Indian","J","Japanese","K","Keyboard","L","M","Magazines_and_E-zines","Makers","Manufacturers","Middle_Eastern","N","Native_American","O","P","Percussion","Q","R","Repair","S","Squeezebox","Stringed","T","U","V","W","Winds","X","Y","Z","1970s","1980s","Alternative","Artist_Specific","Bluegrass","Blues","Christmas","Classical","Country","Current_Hits","Directories","Folk","Hip_Hop","Humor","International","Jazz","Kids","Love_Songs","Newsgroups","Personal_Collections","Reggae","Rock_and_Pop","Search_Engines","Shanties_and_Sailor_Songs","Soundtracks","Story_Behind_Lyrics","Colorguard","Drum_and_Bugle_Corps","Equipment_and_Resources","Marching_Bands","Mummers","Organizations","Percussion","Twirlers","Composers","Rocky_Horror_Picture_Show,_The","Directors","Networks","Production_Companies","Reviews","Streaming","Education","Ethnomusicology","Journals","Musicologists","Organizations","Popular_Music_Studies","Books","Magazines_and_E-zines","By_Composer","By_Instrument","By_Performer","By_Style","Censorship","Regional","Societies_of_Composers,_Authors_and_Publishers","Competitions","Downloadable_Music_Sheets","Information_Centers","Libraries","By_Artist","By_Release","Concerts","Dance_and_Electronica","Independent_or_Alternative","Personal_Archives","Popular","Contests","Organizations","Publications_and_Media","Resources","Songwriters","Workshops_and_Courses","Writing_Tips","ASF","Classical","Jazz","MIDI","MOD","MP3","RealAudio","Regional_and_Ethnic","Rock","Samples_and_Loops","VQF","WAV","A","B","By_Decade","C","D","E","F","G","H","I","J","K","L","M","N","O","P","Q","R","S","T","U","V","W","X","Y","Z","Amplification","Audio_Playback","Audio_Recording","Instruments","Magazines_and_E-zines","Theorists","Tuning_Systems","Bands_and_Artists","CD-R","Cassette_Tape","Covers","DAT","DVD","Lists","MiniDisc","Sound_Files","Videotape","A_Cappella","Courses_and_Lessons","Singers","Singing","Speaking","Whistling","Bands_and_Artists","Composers","Directories","Image_Galleries","Magazines","Organizations","Personal_Pages","Radio","Web_Rings","Archives","Directories","Fiction","Mixed_Genre","Non-Fiction","Poetry","Fan_Fiction","Genres","Novels","Personal_Pages","Series_Stories","Short_Stories","Writing_Circles","Burbs","Collaborations","Collections","Personal","Resources","Web_Rings","A","B","C","D","E","F","G","H","I","J","K","L","M","N","O","P","Personal_Pages","Q","R","S","T","U","V","W","X","Y","Z","Personal_Pages","A","B","C","Chats_and_Forums","D","E","F","G","Genres_and_Subjects","H","I","J","K","L","M","N","O","P","Personal_Pages","Q","R","S","Showcases","T","U","V","W","X","Y","Z","Canada","United_Kingdom","United_States","Aaliyah","Abbott_and_Costello","Adams,_Phil","Adams,_Stanley","Affleck,_Ben","Aiello,_Danny","Akin,_David","Alda,_Alan","Alexander,_Jason","Ali,_Tatyana","Allen,_Steve","Allen,_Ted","Allen,_Tim","Allen,_Woody","Alley,_Kirstie","Alonso,_Maria_Conchita","Anderson,_Laurie","Anderson,_Pamela","Anderson,_Poul","Anderson,_Richard_Dean","Andrews,_Anthony","Andrews,_Julie","Andrews,_Réal","Ann-Margret","Ant,_Adam","Anthony,_Lysette","Araki,_Gregg","Arbuckle,_Fatty","Argento,_Asia","Arkin,_Alan","Arquette,_David","Asner,_Edward","Astaire,_Fred","Astin,_John","Astin,_Sean","Atkinson,_Rowan","Auberjonois,_Rene","Autry,_Gene","Avalon,_Frankie","Ayers,_Sam","Aykroyd,_Dan","Ayres,_Lew","Bach,_Sebastian","Bachchan,_Amitabh","Baio,_Scott","Baker,_Josephine","Barker,_Ronnie","Barr,_Roseanne","Barrett,_Brent","Barrowman,_John","Barrymore,_Drew","Barrymore,_Lionel","Bartholomew,_Summer","Bastian,_Noah","Bates,_Kathy","Bean,_Orson","Beatty,_Warren","Beery,_Wallace","Behr,_Ira_Steven","Belafonte,_Harry","Belushi,_John","Belzer,_Richard","Benigni,_Roberto","Berlin,_Irving","Biao,_Yuen","Bixby,_Bill","Björk","Black,_Jack","Black,_Karen","Blackeheart,_Stephen","Blank,_Les","Blegvad,_Peter","Bogdanovich,_Peter","Bogosian,_Eric","Bon_Jovi,_Jon","Bono,_Sonny","Boone,_Pat","Borge,_Victor","Bowie,_David","Boyd,_Patti","Branagh,_Kenneth","Brandy","Branson,_Richard","Brat_Pack,_The","Breuer,_Jim","Brooks,_Albert","Brooks,_James_L.","Brooks,_Mel","Brown,_Julie","Brynner,_Yul","Bullock,_Sandra","Bunker,_Eddie","Burnett,_Carol","Burns,_Edward","Burns,_George","Burns,_Steve","Burton,_LeVar","Burtt,_Ben","Buscemi,_Steve","Brand,_Russell","Cain,_Sugar","Campbell,_Bruce","Campion,_Thomas","Campisi,_Gabriel","Captain_Beefheart","Carell,_Steve","Carey,_Drew","Carlin,_George","Carolla,_Adam","Carrey,_Jim","Carter,_Chris","Carvey,_Dana","Casamassa,_Chris","Cassavetes,_John","Cassidy,_David","Cassidy,_Shaun","Castelluccio,_Federico","Champion,_Gower_and_Marge","Chan,_Jackie","Chan,_Kelly","Chan,_Nadia","Chaney,_Lon","Chang,_Eliot","Chaplin,_Charlie","Charisse,_Cyd","Chapman,_Graham","Charles,_Nicola","Charvet,_David","Chase,_Chevy","Chawla,_Juhi","Cheech_and_Chong","Chen,_Edison","Cheng,_Ekin","Cheng,_Sammi","Cher","Cheung,_Cecilia","Cheung,_Jacky","Cheung,_Julian","Cheung,_Leslie","Chevalier,_Maurice","Chianese,_Dominic","Chin,_Han","Chmerkovskiy,_Maksim","Chong,_Tommy","Chow,_Vivian","Christner,_Gil","Clark,_Dick","Clavell,_James","Clay,_Andrew_Dice","Cleese,_John","Clooney,_George","Cocteau,_Jean","Cohen,_Leonard","Collen,_Jacqueline","Connick,_Harry,_Jr.","Conrad,_Robert","Conway,_Tim","Coombs,_Ernie","Copperfield,_David","Cornwell,_Phil","Cort,_Bud","Cosby,_Bill","Coscarelli,_Don","Costner,_Kevin","Couric,_Katie","Courtemanche,_Michel","Cowell,_Simon","Cox,_Alex","Cox,_Nikki","Coyote,_Peter","Craig,_Caroline","Craig,_Yvonne","Crane,_Bob","Crawford,_Joan","Crawford,_Michael","Crivello,_Anthony","Crosby,_Bing","Cross,_Joseph","Crowe,_Russell","Cruise,_Tom","Cruz,_Penélope","Cruz,_Tracy_Lynn","Crystal,_Billy","Cuccione,_Michael","Cumming,_Alan","Cunningham,_Colin","Curtin,_Jane","Curtis,_Jamie_Lee","Curtis,_Tony","Cusack,_John","Cushing,_Peter","Clement,_Jemaine","Cyrus,_Miley","D'Ambrosio,_Franc","Daily,_E._G.","Damian,_Michael","Damon,_Matt","Dangerfield,_Rodney","Daniels,_Anthony","Daniels,_Jeff","Daniels,_Paul","Danza,_Tony","Darin,_Bobby","Darrow,_Henry","Darrow,_Paul","Davidson,_John","Davies,_Alan","Davies,_Marion","Davis,_Jeff","Davis,_Paige","Davis,_Sammy,_Jr.","Davison,_Peter","Dawson,_Richard","Dawson,_Roxann","Day,_Doris","DeGeneres,_Ellen","DeLuise,_Dom","DeLuise,_Michael","DeLuise,_Peter","DeShannon,_Jackie","DeVito,_Danny","De_Mornay,_Rebecca","De_Niro,_Robert","Deayton,_Angus","Deeley,_Catherine","Del_Boca,_Andrea","Delfino,_Majandra","Dell'Abate,_Gary","Delon,_Alain","Delpy,_Julie","Deneuve,_Catherine","Denisof,_Alexis","Dennehy,_Brian","Depardieu,_Gérard","Depp,_Johnny","Derek,_Bo","Dewhurst,_Colleen","Dick,_Andy","Diesel,_Vin","Dietrich,_Marlene","Divine","Dixon,_Jerry","Dolenz,_Micky","Donovan,_Kelly","Dorn,_Michael","Dors,_Diana","Douglas,_Donna","Douglas,_Illeana","Douglas,_Kirk","Douglas,_Kyan","Douglas,_Michael","Dovima","Downey,_Robert,_Jr.","Downey,_Roma","Draper,_Courtnee","Drescher,_Fran","Dreyfuss,_Richard","Driver,_Minnie","Dryer,_Fred","Dudynsky,_Ivan","Duff,_Hilary","Duffy,_Karen","Dukakis,_Olympia","Duke,_Patty","Duncan,_Michael_Clarke","Dunn,_Michael","Dunn,_Michael_Thomas","Dunne,_Griffin","Durante,_Jimmy","Durbin,_Deanna","Duvall,_Robert","Duvall,_Shelley","de_Lancie,_John","de_Leon,_Kathleen","Eakes,_Bobbie","Easton,_Michael","Eastwood,_Clint","Ebsen,_Buddy","Edward,_John","Edwards,_Anthony","Edwards,_Blake","Eisner,_Michael","Electra,_Carmen","Elton,_Ben","English,_Louise","Estelle,_Don","Esten,_Chip","Evans,_Lee","Eve","Everett,_Rupert","Evigan,_Greg","Fabio","Fahey,_Jeff","Fairbanks,_Douglas,_Jr.","Fairbanks,_Douglas,_Sr.","Faith,_Adam","Falconer,_Ian","Fallon,_Jimmy","Farelly,_Bobby","Farley,_Chris","Farmer,_Evan","Farrell,_Mike","Favreau,_Jon","Faye,_Alice","Feldman,_Marty","Ferrell,_Will","Ferrer,_José","Fey,_Tina","Field,_Sally","Fields,_Kim","Fields,_W._C.","Filicia,_Thom","Finney,_Albert","Fisher,_Carrie","Fisher,_Eddie","Flaherty,_Joe","Flynn,_Errol","Foley,_Dave","Foley,_Nathan","Fonda,_Peter","Fosse,_Bob","Foster,_Jodie","Frakes,_Jonathan","Fralick,_David","Francis,_Anne","Franciscus,_James","Franken,_Al","Freeman,_Morgan","French,_Dawn","Frey,_James","Fry,_Stephen","Fuentes,_Daisy","Funicello,_Annette","Galifianakis,_Zach","Gallo,_Vincent","Gannascoli,_Joseph","Garcia,_Andy","García,_Odalys","Garland,_Judy","Garner,_James","Garofalo,_Janeane","Garrett,_Leif","Garrick,_Richard","Geter,_Gene","Gibson,_Mel","Gibson,_Thomas","Gifford,_Kathie_Lee","Gilliam,_Terry","Giovanni,_Aria","Gleason,_Jackie","Glover,_Crispin","Glover,_Danny","Goldberg,_Whoopi","Goldthwait,_Bobcat","Goldwyn,_Tony","Goranson,_Lecy","Gorder,_Genevieve","Gordon,_Ruth","Gosling,_Ryan","Gossett,_Louis,_Jr.","Gottlieb,_Theodore","Grammer,_Kelsey","Grayson,_Kathryn","Grier,_David_Alan","Griffin,_Kathy","Griffith,_Andy","Griffith,_D._W.","Griffiths,_Rachel","Grimes,_Tammy","Gross,_Paul","Gruner,_Olivier","Guest,_Christopher","Hackman,_Gene","Haglund,_Dean","Hagman,_Larry","Haim,_Corey","Hall,_Anthony_Michael","Hall,_Arsenio","Hall,_Deidre","Hall,_Jerry","Hallet,_Andy","Halpin,_Luke","Hamill,_Mark","Hamilton,_Linda","Hamilton,_Patrick","Hancock,_Tony","Handley,_Taylor","Hanks,_Tom","Hanley,_Bridget","Hannah,_Daryl","Hannah,_John","Hannigan,_Alyson","Hanwei,_Chen","Harding,_Tim","Hardy,_Tom","Harelik,_Mark","Hargitay,_Mariska","Harlow,_Jean","Harmon,_Angie","Harper,_Valerie","Harrelson,_Woody","Harris,_Ed","Harris,_Laura","Harris,_Neil_Patrick","Harris,_Richard","Harris,_Rolf","Harris,_Rosemary","Harrison,_Gregory","Harrison,_Jenilee","Harrison,_Mya","Harrison,_Randy","Harrison,_Rex","Harry,_Deborah","Hart,_Lorenz","Hart,_Melissa_Joan","Harth,_C._Ernst","Hartley,_Clabe","Hartman,_Phil","Hartnett,_Josh","Harvey,_Laurence","Haskell,_Susan","Hasselhoff,_David","Hatcher,_Teri","Hathaway,_Noah","Hatosy,_Shawn","Hauer,_Rutger","Haun,_Lindsey","Hawke,_Ethan","Hawkes,_John","Hawkins,_Jack","Hawn,_Goldie","Hay,_Will","Hayden,_Sterling","Hayek,_Salma","Hayes,_Geoffrey","Hayes,_Helen","Hayes,_Sean","Hayman,_Demaris","Haymes,_Dick","Hayward,_Susan","Hayworth,_Rita","Head,_Anthony_Stewart","Head,_Murray","Headey,_Lena","Headly,_Glenne","Heard,_John","Heath,_Angela","Heathcote,_Sophie","Heaton,_Patricia","Heche,_Anne","Hedison,_David","Hedren,_Tippi","Hefner,_Hugh","Heigl,_Katherine","Helgenberger,_Marg","Helm,_Tiffany","Hemblen,_David","Henderson,_Biff","Hendrix,_Elaine","Henie,_Sonja","Hennessy,_Jill","Hennings,_Sam","Henriksen,_Lance","Henson,_Brian","Henson,_Darrin","Henson,_Jim","Henson,_John","Henstridge,_Natasha","Hepburn,_Audrey","Hepburn,_Katharine","Herbst,_Rebecca","Herman,_David","Hermosa,_Kristine","Hershey,_Barbara","Hershey,_Erin","Hess,_Sandra","Hester,_Benny","Heston,_Charlton","Hewitt,_Jennifer_Love","Hewitt,_Tom","Hey,_Virginia","Hickland,_Catherine","Hickman,_Dwayne","Hill,_Bernard","Hill,_Erica","Hill,_Faith","Hill,_Steven","Hill,_Terence","Hilton,_Paris","Hinds,_Ciarán","Hines,_Gregory","Hirosue,_Ryoko","Hirsch,_Lou","Ho,_Kenny","Ho_Po_Sang,_Timmy","Hoffman,_Dustin","Hoffman,_Philip_Seymour","Hoffmann,_E._T._A.","Hoffmann_von_Fallersleben,_August_Heinrich","Hogan,_Paul","Hogestyn,_Drake","Hoggart,_Kellie","Holden,_Amanda","Holden,_Laurie","Holden,_William","Holliday,_Charlie","Hollister,_Lindsay","Holly,_Lauren","Holm,_Ian","Holmes,_Katie","Homer,_Mark","Hope,_Barclay","Hope,_Bob","Hope,_Neil","Hopkins,_Anthony","Hopkins,_Bruce","Hopkins,_Josh","Hopper,_Dennis","Horan,_James","Horne,_Lena","Horrocks,_Jane","Horton,_Robert","Hosea,_Bobby","Hoskins,_Bob","Hovis,_Larry","Howard,_Clint","Howard,_Ken","Howard,_Ron","Howard,_Traylor","Howard,_Trevor","Howarth,_Roger","Howell,_C._Thomas","Howerd,_Frankie","Hsu,_Vivian","Hsuan,_Jessica","Hu,_Kelly","Hudson,_Ernie","Hudson,_Kate","Hudson,_Peter","Hudson,_Rock","Hues,_Matthias","Huffman,_Felicity","Hughes,_Finola","Hui,_Andy","Huison,_Steve","Hulce,_Tom","Humphrey,_Nick","Humphries,_Barry","Hung,_Sammo","Hunnam,_Charlie","Hunt,_Bonnie","Hunt,_Helen","Hunt,_Scott","Hunter,_Holly","Hunter,_Jeffrey","Hunter,_Kim","Huntington,_Sam","Hurley,_Elizabeth","Hurry,_Sherry","Hurst,_Michael","Hurt,_John","Hurt,_William","Hussey,_Olivia","Huston,_Anjelica","Hutchison,_Doug","Hutchison,_Fiona","Hutton,_Lauren","Hyde,_James","Hyde,_Tracy","Hyde-White,_Alex","Haley,_Jackie_Earle","Hope,_Leslie","Hildebrand,_Madison","Idle,_Eric","Irrera,_Dom","Ives,_Burl","Female","Male","Jackman,_Hugh","Jackson,_Gildart","Jackson,_John_M.","Jackson,_Jonathan","Jackson,_Joshua","Jackson,_Kate","Jackson,_La_Toya","Jackson,_Samuel_L.","Jacob,_Irène","Jacobi,_Derek","Jacobson,_Clayton","James,_Brion","James,_Jesse","Jane,_Thomas","Jang,_Dong_Gun","Janney,_Allison","Jannings,_Emil","Janssen,_Famke","Janus,_Samantha","Jared,_Petra","Jason,_David","Jbara,_Gregory","Jeffrey,_Myles","Jenkins,_Rebecca","Jensen,_Maren","Jensen,_Mark","Jeter,_Michael","Johansson,_Paul","Johansson,_Scarlett","Johnson,_Amy_Jo","Johnson,_Ashley","Johnson,_Bryce","Johnson,_Celia","Johnson,_Corey","Johnson,_Don","Johnson,_Eric","Johnson,_Geordie","Johnson,_Kenny","Johnson,_Russell","Johnston,_Kristen","Jolie,_Angelina","Jones,_Ashley","Jones,_Gareth","Jones,_James_Earl","Jones,_Jeffrey","Jones,_Jennifer","Jones,_Shirley","Jones,_Renée","Jones,_Tamala","Jones,_Terry","Jones,_Tommy_Lee","Jones,_Vinnie","Joseph,_Kimberly","Jover,_Arly","Jovovich,_Milla","Judd,_Ashley","Judge,_Christopher","Jurasik,_Peter","Kahn,_Madeline","Kajol","Kamano,_Stacy","Kanakaredes,_Melina","Kane,_Christian","Kaneshiro,_Takeshi","Kao,_Archie","Kapoor,_Karisma","Kapture,_Mitzi","Karloff,_Boris","Karrie,_Peter","Kartheiser,_Vincent","Kashiwabara,_Takashi","Kato,_Masaya","Katori,_Shingo","Katsulas,_Andreas","Kattan,_Chris","Kaufman,_Andy","Kausalya","Kavelaars,_Ingrid","Kavovit,_Andrew","Kaye,_Danny","Kaye,_Thorsten","Keach,_Stacy","Keating,_Charles","Keating,_Dominic","Keaton,_Buster","Keaton,_Diane","Keaton,_Michael","Keegan,_Andrew","Keena,_Monica","Keener,_Catherine","Keeslar,_Matt","Keitel,_Harvey","Keith,_Brian","Keleghan,_Peter","Keli,_Robert","Keller,_Mary_Page","Kelley,_DeForest","Kelly,_Gene","Kelly,_Grace","Kelly,_Jean_Louisa","Kelly,_Moira","Kelman,_Pat","Keltie,_Kate","Kenihan,_Quentin","Kennedy,_Carolyn_Bessette","Kennedy,_Jamie","Kennedy,_John_Fitzgerald,_Jr.","Kennedy,_Marklen","Kensit,_Patsy","Kerr,_Deborah","Kerwin,_Lance","Khambatta,_Persis","Khan,_Aamir","Khan,_Salman","Khan,_Shahrukh","Khanna,_Akshaye","Khanna,_Rahul","Khanna,_Twinkle","Kher,_Anupam","Kiberd,_James","Kidder,_Margot","Kidman,_Nicole","Kiel,_Richard","Kier,_Udo","Kikilon","Kilmer,_Val","Kilner,_Kevin","Kim,_Ashida","King,_Andrea","King,_Flexner","King,_Larry","King,_Perry","King,_Ross","Kingsley,_Ben","Kingston,_Alex","Kinmont,_Kathleen","Kinnear,_Greg","Kinski,_Nastassja","Kirkpatrick,_Maggie","Kirsch,_Stan","Kirshner,_Mia","Kirvan,_Julie","Kirwan,_Dervla","Kitaen,_Tawny","Kitt,_Eartha","Klein,_Chris","Klemperer,_Werner","Kline,_Kevin","Klug,_Joel","Kmetko,_Steve","Knightley,_Keira","Knopf,_Sascha","Knotts,_Don","Knox,_Terence","Knoxville,_Johnny","Ko,_Soyoung","Kobak,_Joshua","Kober,_Jeff","Koehler,_Fred","Koenig,_Walter","Koirala,_Manisha","Koo,_Louis","Kopell,_Bernie","Korman,_Lindsay","Koscina,_Sylva","Koslow,_Lauren","Kosugi,_Sho","Kovacs,_Ernie","Kozak,_Harley_Jane","Krakowski,_Jane","Kramer,_Stepfanie","Krause,_Brian","Krause,_Peter","Krebitz,_Nicolette","Kressley,_Carson","Kretschmann,_Thomas","Krige,_Alice","Kristen,_Marta","Kristofferson,_Kris","Krotoski,_Aleks","Krumholtz,_David","Kruse,_Cristina","Kudrow,_Lisa","Kulich,_Vladimir","Kulkarni,_Mamta","Kunis,_Mila","Kuralt,_Charles","Kurth,_Wally","Kurtis,_Bill","Kushnier,_Jeremy","Kutcher,_Ashton","Kwan,_Nancy","Kwan,_Shirley","Kwanten,_Ryan","Kwok,_Aaron","LaBaredas,_Paula","LaMorte,_Robia","LaPaglia,_Anthony","LaRue,_Eve","LaSalle,_Eriq","Labyorteaux,_Patrick","Lackey,_Mercedes","Ladd,_Cheryl","Ladd,_Chris","Ladd,_Diane","Ladden,_Cassidy","Lago,_David","Lahti,_Christine","Lai,_Francis","Lai,_Kitty","Lai,_Leon","Lail,_Leah","Lake,_Ricki","Lake,_Veronica","Lakin,_Christine","Lam,_Bowie","Lam,_George","Lamarr,_Hedy","Lamarr,_Mark","Lambert,_Christopher","Lamour,_Dorothy","Lancaster,_Burt","Lancaster,_Chris","Lancaster,_Sarah","Landau,_Juliet","Landers,_Ann","Landers,_Audrey","Landers,_Judy","Landis,_Carole","Lando,_Joe","Landry,_Ali","Landon,_Michael","Lane,_Diane","Lane,_Nathan","Lang,_Katherine_Kelly","Langdon,_Harry","Lange,_Hope","Lange,_Jessica","Langella,_Frank","Langenkamp,_Heather","Langer,_A._J.","Langford,_Frances","Langham,_Chris","Langton,_Brooke","Lansbury,_Angela","Lansdale,_Katie","Lanza,_Suzanne","Laporte,_Leo","Larson,_Jill","Larter,_Ali","Lassez,_Sarah","Lathan,_Sanaa","Lau,_Andy","Lau,_Carina","Laughton,_Charles","Lauren,_Tammy","Laurie,_Hugh","Laurie,_Piper","Law,_Jude","Lawford,_Peter","Lawless,_Lucy","Lawrence,_Andy","Lawrence,_Joey","Lawrence,_Josie","Lawrence,_Martin","Lawrence,_Matthew","Lawrence,_Sharon","Lawson,_Denis","Lawson,_Twiggy","Lazenby,_George","LeBlanc,_Matt","LeParmentier,_Richard","Le_Gallienne,_Eva","Le_Nguyen,_Tony","Lea,_Nicholas","Leachman,_Cloris","Leary,_Denis","Ledford,_Brandy","Ledger,_Heath","Ledoyen,_Virginie","Lee,_Brandon","Lee,_Bruce","Lee,_Carman","Lee,_Christopher","Lee,_Christopher_Khayman","Lee,_Jason","Lee,_Patricia_Ja","Lee,_Sheryl","Lee,_Spike","Lee,_Will_Yun","Leerhsen,_Erica","Leeshock,_Robert","Leeves,_Jane","Leguizamo,_John","Lehrer,_Tom","Leick,_Hudson","Leigh,_Chyler","Leigh,_Janet","Leigh,_Jennifer_Jason","Leigh,_Vivien","Leighton,_Laura","Lelliott,_Jeremy","Lemke,_Anthony","Lemmon,_Jack","Lenard,_Mark","Lennon,_Jarrett","Leno,_Jay","Lenya,_Lotte","Lenz,_Joie","Leo,_Melissa","Leonard,_Robert_Sean","Leoni,_Téa","Leritz,_Lawrence","Lerner,_Ken","Lesser,_Anton","Lester,_Mark","Leto,_Jared","Letterman,_David","Leung,_Jade","Leung,_Joey","Leung_Chiu-Wai,_Tony","Levis,_Patrick","Levitas,_Andrew","Levy,_Eugene","Lew,_James","Lewis,_Al","Lewis,_Charlotte","Lewis,_Jerry","Lewis,_Juliette","Lewis,_Stephen","Lewis,_Vicki","Leyden,_Paul","Li,_Gong","Li,_Jet","Liberace","Liblick,_Bill","Licon,_Jeffrey","Lieb,_Brendan","Lien,_Jennifer","Lifshitz,_Laura","Lillard,_Matthew","Lim,_Yvonne","Lin,_Brigitte","Lin,_Jimmy","Lin,_Ruby","Lindberg,_Chad","Lindsay,_Robert","Lindsey,_George","Linehan,_Graham","Linney,_Laura","Linville,_Larry","Linz,_Alex_D.","Liotta,_Ray","Lipman,_Maureen","Lipnicki,_Jonathan","LisaRaye","Lithgow,_John","Little,_Rich","Littlefield,_John","Littleford,_Beth","Liu,_Lucy","Lively,_Eric","Livier,_Ruth","Lizaso,_Saúl","Llewellyn,_Robert","Llewelyn,_Desmond","Lloyd,_Christopher","Lloyd,_Eric","Lloyd,_Harold","Lloyd,_Jake","Lloyd,_Sabrina","Lloyd_Webber,_Andrew","Locane,_Amy","Lockhart,_June","Locklear,_Heather","Locklin,_Danny","Loder,_Anne_Marie","Lofton,_Cirroc","Loggia,_Robert","Loken,_Duane","Loken,_Kristanna","Lombard,_Carole","London,_Julie","Lone,_John","Long,_Nia","Long,_Richard","Long,_Shelley","Longet,_Claudine","Lopez,_Jennifer","Lopez,_Robert","Lord,_Jack","Lord,_Peter","Lords,_Traci","Loren,_Sophia","Lorre,_Peter","Loughlin,_Lori","Louis-Dreyfus,_Julia","Louise,_Tina","Love,_Courtney","Lovitz,_Jon","Lowe,_Chad","Lowe,_Rob","Lowell,_Carey","Loy,_Myrna","Lucci,_Susan","Lucero,_Dominic","Luft,_Lorna","Lugosi,_Bela","Lui_Chung_Yin,_Jackie","Lukas,_Paul","Lumley,_Joanna","Lun,_Anthony","Lunch,_Lydia","Luner,_Jamie","Lunghi,_Cherie","Lynch,_Kelly","Lynde,_Paul","Lynskey,_Melanie","Lyon,_Sue","Lyonne,_Natasha","López,_David","López,_Marco","López,_Mario","Lewis,_Jeff","Mac,_Bernie","MacArthur,_James","MacCorkindale,_Simon","MacDonald,_Jeanette","MacDowell,_Andie","MacLaine,_Shirley","MacNicol,_Peter","Mackintosh,_Cameron","Macy,_William_H.","Madigan,_Amy","Madison,_Guy","Madonna","Madsen,_Michael","Magdangal,_Jolina","Maggart,_Garett","Maguire,_Sean","Maguire,_Tobey","Maher,_Bill","Mahonen,_Michael","Mahoney,_Jock","Mahoney,_Matthew","Mailer,_Stephen","Majors,_Lee","Majorino,_Tina","Makepeace,_Chris","Mako","Malahide,_Patrick","Malick,_Wendie","Malil,_Shelley","Malina,_Joshua","Malkovich,_John","Mallett,_Timmy","Malone,_Jena","Maltby,_Lauren","Malthe,_Natassia","Mancuso,_Nick","Mandel,_Howie","Mandylor,_Costas","Mangeshkar,_Lata","Manheim,_Camryn","Mann,_Byron","Mann,_Gabriel","Mann,_Terrence","Manning,_Taryn","Mansfield,_Jayne","Mantegna,_Joe","Mantooth,_Randolph","Maran,_Josie","Maraval,_Julia","Marceau,_Sophie","March,_Forbes","March,_Fredric","March,_Jane","March,_Stephanie","Marciano,_David","Marcil,_Vanessa","Marcus,_Vitina","Margolis,_Cindy","Margulies,_Julianna","Marin,_Cheech","Markland,_Ted","Marlowe,_June","Maroney,_Kelli","Marsden,_James","Marsden,_Jason","Marshall,_Amelia","Marshall,_Garry","Marshall,_Paula","Marshall,_Penny","Marsters,_James","Martin,_Andrea","Martin,_Dean","Martin,_George","Martin,_Jesse_L.","Martin,_Kellie","Martin,_Mary","Martin,_Pamela_Sue","Martin,_Seth","Martin,_Steve","Martin,_Tony","Martines,_Alessandra","Martinez,_A","Martino,_Vic","Martling,_Jackie","Marvin,_Lee","Marx_Brothers","Masahiko,_Kobe","Mason,_Dan","Masterson,_Chase","Masterson,_Christopher","Masterson,_Danny","Masterson,_Mary_Stuart","Mastrantonio,_Mary_Elizabeth","Mastroianni,_Marcello","Matenopoulos,_Debbie","Matheson,_Tim","Mathews,_Arthur","Mathis,_Samantha","Mathison,_Cameron","Matlin,_Marlee","Matsu,_Takako","Matteucci,_Marie","Matthau,_Walter","Matthews,_Francis","Mattson,_Robin","Mature,_Victor","Maunder,_Wayne","May,_Elaine","May,_Jodhi","May,_Paul","Mayorga,_GG","Mazar,_Debi","McArdle,_Aidan","McArthur,_Alex","McBurney,_Judy","McCaffrey,_James","McCall,_Ross","McCall,_Shalane","McCallum,_David","McCallum,_Rick","McCamus,_Tom","McCardie,_Brian","McCarthy,_Andrew","McCarthy,_Jeff","McCarthy,_Jenny","McCartney,_Linda","McClanahan,_Rue","McClements,_Catherine","McClurg,_Edie","McComb,_Heather","McConaughey,_Matthew","McCormack,_Catherine","McCormack,_Eric","McCormick,_Maureen","McCormick,_Megan","McCoy,_Sylvester","McCrane,_Paul","McCulloch,_Bruce","McCullough,_Julie","McCullough,_Kimberly","McDaniel,_James","McDaniel,_John","McDaniel,_Kristi","McDermott,_Paul","McDiarmid,_Ian","McDonald,_Audra","McDonald,_Christopher","McDonald,_Kevin","McDonough,_Neal","McDowall,_Roddy","McDowell,_Malcolm","McElhone,_Natascha","McEnery,_John","McEvoy,_Barry","McFadden,_Gates","McFadden,_Kerry","McGann,_Paul","McGavin,_Darren","McGillin,_Howard","McGillis,_Kelly","McGoohan,_Patrick","McGowan,_Daniel","McGowan,_Rose","McGregor,_Ewan","McInnerny,_Tim","McIntosh,_Neve","McIntyre,_Christine","McKean,_Michael","McKeen,_Sunny","McKellar,_Danica","McKellen,_Ian","McKenzie,_Bret","McKeon,_Lindsey","McKeon,_Nancy","McKern,_Leo","McKidd,_Kevin","McKinney,_Mark","McLaglen,_Victor","McLean,_Sally","McLellan,_Zoe","McLeod,_Alex","McLynn,_Pauline","McMahon,_Julian","McManus,_Michael","McNamara,_Brian","McNeill,_Robert_Duncan","McNichol,_Jimmy","McNichol,_Kristy","McQueen,_Steve","McVicar,_Daniel","Meaney,_Colm","Medway,_Heather","Meek,_Jeffrey","Meek,_Nanci","Meeker,_Ralph","Melendez,_John","Mello,_Tamara","Meloni,_Christopher","Melvey,_Justin","Melville,_Sam","Mendes,_Eva","Menon,_Kay_Kay","Menshikov,_Oleg","Menzel,_Idina","Mercer,_Rick","Mercouri,_Melina","Mercurio,_Paul","Merman,_Ethel","Merriman,_Ryan","Merton,_Paul","Messing,_Debra","Metcalfe,_Jesse","Mewes,_Jason","Meyer,_Breckin","Meyer,_Dina","Meyer,_Russ","Meyers,_Ari","Mezzogiorno,_Giovanna","Miceli,_Justine","Michaels,_Marilyn","Michaels,_Tammy_Lynn","Michaelsen,_Melissa","Michelle,_Julianne","Midkiff,_Dale","Midler,_Bette","Mifune,_Toshiro","Miko,_Izabella","Milano,_Alyssa","Milburn,_Oliver","Miles,_Elaine","Miles,_Sylvia","Milland,_Ray","Miller,_Christa","Miller,_Dick","Miller,_Jonny_Lee","Miller,_Lara_Jill","Miller,_Larry","Miller,_Paul","Miller,_Penelope_Ann","Miller,_Tangi","Milligan,_Spike","Mills,_Hayley","Mills,_Juliet","Mills_McCartney,_Heather","Milner,_Martin","Mineo,_Sal","Ming-Na","Minnick,_Dani","Minogue,_Dannii","Minogue,_Kylie","Minshew,_Alicia","Miranda,_Carmen","Mirren,_Helen","Mistal,_Karen","Mitchell,_Ann","Mitchell,_Beverley","Mitchell,_Elizabeth","Mitchell,_John_Cameron","Mitchell,_Nigel","Mitchell,_Radha","Mitchum,_Robert","Mitra,_Rhona","Moakler,_Shanna","Mobley,_Roger","Mochrie,_Colin","Modine,_Matthew","Moennig,_Katherine","Mohr,_Jay","Mokae,_Zakes","Mol,_Gretchen","Molina,_Alfred","Momoa,_Jason","Monaco,_Kelly","Monaghan,_Dominic","Monaghan,_Marjorie","Monaghan,_Michelle","Monarque,_Steve","Moniz,_Wendy","Monroe,_Marilyn","Monroe,_Meredith","Montez,_Maria","Montgomery,_Anthony","Montgomery,_Poppy","Montgomery,_Robert","Montiel,_Sara","Moore,_Clayton","Moore,_Demi","Moore,_Dudley","Moore,_Julianne","Moore,_Mary_Tyler","Moore,_Michael","Moore,_Roger","Moore,_Shemar","Moorehead,_Agnes","Moran,_Dylan","Moranis,_Rick","Morbitt,_Larry_Wayne","Moreau,_Jeanne","Morgan,_Dermot","Morgan,_Trevor","Morgenstern,_Stephanie","Moriarty,_Cathy","Moriarty,_Michael","Moric,_Nina","Morris,_Jonathon","Morris,_Julianne","Morris,_Kathryn","Morrison,_James","Morrison,_Jennifer","Morrison,_Kenny","Morrissey,_Chris","Morrone,_Megan","Morrow,_Vic","Morse,_Barry","Morse,_David","Morse,_Natalie","Mortensen,_Viggo","Morton,_Alicia","Morton,_Joe","Moss,_Carrie-Anne","Moss,_Tara","Mostel,_Zero","Moynahan,_Bridget","Mr._T","Mui,_Anita","Mulgrew,_Kate","Mullally,_Megan","Mulroney,_Dermot","Mulvey,_Callan","Mumtaz","Mumy,_Bill","Muni,_Paul","Muniz,_Frankie","Munro,_Janet","Munro,_Lochlyn","Murphy,_Brittany","Murphy,_Donna","Murphy,_Eddie","Murphy,_Erin","Murphy,_Gerard","Murray,_Bill","Murray,_Chad","Music,_Lorenzo","Muth,_Ellen","Muti,_Ornella","Myers,_Mike","McDaniel,_Hattie","Nabors,_Jim","Nader,_George","Nader,_Michael","Naidu,_Ajay","Nail,_Jimmy","Nakama,_Yukie","Nakayama,_Miho","Napier,_Charles","Nash,_Rob","Neal,_Elise","Neal,_Scott","Needham,_Tracey","Neeson,_Liam","Neill,_Sam","Nelson,_Haywood","Nelson,_Judd","Nelson,_Tim_Blake","Nelson,_Tracy","Nettles,_John","Neuwirth,_Bebe","Nevin,_Brooke","Newhart,_Bob","Newman,_Alec","Newman,_Laraine","Newman,_Paul","Newman,_Rob","Newmar,_Julie","Newton,_John_Haymes","Newton,_Robert","Newton,_Thandie","Ng_Man-Tat","Ngai_Chun_Kit,_Marco","Nguyen,_Dustin","Nhu,_Quynh","Nicholls,_Paul","Nichols,_Barbara","Nichols,_Nichelle","Nichols,_Stephen","Nicholson,_Jack","Nicholson,_Julianne","Nielsen,_Asta","Nielsen,_Connie","Nimoy,_Leonard","Nishiwaki,_Michiko","Niven,_Barbara","Niven,_David","Noble,_John","Nolin,_Gena_Lee","Noll,_Michael","Nolte,_Nick","Normand,_Mabel","Norris,_Chuck","Norris,_Fred","Northam,_Jeremy","Norton,_Edward","Norville,_Deborah","Notch,_Ryan","Noth,_Chris","Nova,_Joanne","Novak,_Kim","Nurmi,_Maila","O'Brien,_Conan","O'Brien,_Edmond","O'Brien,_Logan","O'Brien,_Margaret","O'Brien,_Mariah","O'Brien,_Pat","O'Brien,_Richard","O'Brien,_Tina","O'Connell,_Jerry","O'Connor,_Carroll","O'Connor,_Donald","O'Connor,_Frances","O'Connor,_Glynnis","O'Connor,_Renee","O'Dell,_Jennifer","O'Donnell,_Chris","O'Donnell,_Rosie","O'Grady,_Gail","O'Hanlon,_Ardal","O'Hara,_Catherine","O'Hara,_Maureen","O'Hare,_Michael","O'Keefe,_Jodi_Lyn","O'Keefe,_Michael","O'Keeffe,_Douglas","O'Keeffe,_Miles","O'Leary,_Matt","O'Mearain,_Lochlann","O'Neal,_Ryan","O'Neal,_Tatum","O'Neill,_Ed","O'Rourke,_Heather","O'Toole,_Peter","Ohama,_Natsuko","Oldman,_Gary","Ohmart,_Carol","Oleynik,_Larisa","Olin,_Lena","Oliver,_Christian","Olivier,_Laurence","Olmos,_Edward_James","Olsen,_Mary-Kate_and_Ashley","Olson,_Heather_Lauren","Olyphant,_Timothy","Omundson,_Tim","Orange,_Jason","Orbach,_Jerry","Oreiro,_Natalia","Ormond,_Julia","Orrico,_Laura","Ortiz,_Scarlet","Osbourne,_Jack","Osment,_Haley_Joel","Osmond,_Donny","Oteri,_Cheri","Otto,_Barry","Otto,_Miranda","Outhwaite,_Tamzin","Overton,_Rick","Owen,_Chris","Owen,_Clive","Owens,_Chris","Oxenberg,_Catherine","Paar,_Jack","Pacey,_Steven","Pacino,_Al","Packard,_Kelly","Padalecki,_Jared","Paget,_Debra","Palin,_Michael","Palladino,_Erik","Palmer,_Hannah","Palminteri,_Chazz","Paltrow,_Gwyneth","Pampolina,_Damon","Pantoliano,_Joe","Papas,_Irene","Paquin,_Anna","Paradis,_Vanessa","Paris,_Dan","Park,_Linda","Park,_Ray","Parker,_Andrea","Parker,_Craig","Parker,_Mary-Louise","Parker,_Molly","Parker,_Nathaniel","Parker,_Noelle","Parker,_Sarah_Jessica","Parker,_Trey","Parkinson,_Dian","Parks,_Gordon","Paré,_Michael","Pasdar,_Adrian","Pastor,_Amy_Wynn","Patinkin,_Mandy","Patric,_Jason","Patrick,_Robert","Patterson,_Marnette","Patterson,_Melody","Patton,_Will","Paul,_Adrian","Paul,_Alexandra","Paxton,_Bill","Payne,_Bruce","Pearce,_Guy","Peck,_Gregory","Peeples,_Nia","Peet,_Amanda","Pegg,_Simon","Peldon,_Ashley","Peldon,_Courtney","Pelka,_Valentine","Penghlis,_Thaao","Penn,_Chris","Penn,_Sean","Pennington,_Ty","Peppard,_George","Pepper,_Barry","Perabo,_Piper","Peralejo,_Rica","Perez,_Rosie","Perkins,_Anthony","Perkins,_Elizabeth","Perkins,_Melody","Perlman,_Ron","Perry,_Luke","Perry,_Matthew","Pesci,_Joe","Peters,_Bernadette","Petersen,_William","Petty,_Lori","Pfeiffer,_Dedee","Pfeiffer,_Michelle","Phang,_Cass","Pharris,_Chrystee","Philbin,_Regis","Phillippe,_Ryan","Phillips,_Bijou","Phillips,_Bobbie","Phillips,_Ethan","Phillips,_Lou_Diamond","Phillips,_Siân","Phoenix,_Joaquin","Phoenix,_River","Picardo,_Robert","Pickett,_Cindy","Pickford,_Mary","Piekarski,_Julie","Pierce,_Justin","Pietz,_Amy","Pileggi,_Mitch","Pinfield,_Matt","Pinkard,_Ron","Pinkett_Smith,_Jada","Pintauro,_Danny","Piper,_Gordon","Pirillo,_Chris","Piscopo,_Joe","Pitoc,_John_Paul","Pitre,_Louise","Pitt,_Brad","Pitt,_Ingrid","Pitt,_Michael","Piven,_Jeremy","Plato,_Dana","Pleasence,_Donald","Pleshette,_Suzanne","Plimpton,_Martha","Poitier,_Sidney","Poletti,_Victor","Pollak,_Kevin","Pollan,_Tracy","Polley,_Sarah","Polo,_Teri","Pomers,_Scarlett","Pontius,_Chris","Pope,_Carly","Popowich,_Paul","Porretta,_Matthew","Porter,_Cole","Portman,_Frank","Portman,_Natalie","Posey,_Parker","Poss,_Michael","Post,_Markie","Potente,_Franka","Potter,_Monica","Potts,_Annie","Poulos,_Jim","Powell,_Dick","Powell,_Eleanor","Powell,_Esteban_Louis","Powell,_Jane","Powell,_Robert","Powell,_William","Powers,_Stefanie","Pratt,_Keri_Lynn","Pratt,_Vicky","Prentice,_Robert","Prepon,_Laura","Presley,_Lisa_Marie","Presley,_Priscilla","Pressly,_Jaime","Preston,_Cynthia","Preston,_Kelly","Price,_Lindsay","Price,_Vincent","Priest,_Pat","Priestley,_Jason","Prince,_Faith","Principal,_Victoria","Prinze,_Freddie,_Jr.","Prinze,_Freddie,_Sr.","Prior,_Marina","Prochnow,_Jürgen","Procter,_Emily","Proops,_Greg","Provost,_Jon","Prowse,_Dave","Pryor,_Richard","Pullman,_Bill","Purl,_Linda","Pyle,_Missi","Pyper-Ferguson,_John","Panettiere,_Hayden","Piper,_Billie","Quaid,_Dennis","Quaid,_Randy","Quarry,_Robert","Quast,_Philip","Quddus","Quigley,_Linnea","Quigley,_Maggie","Quinlan,_Kathleen","Quinn,_Aidan","Quinn,_Anthony","Quinn,_Colin","Quinn,_Glenn","Quivers,_Robin","Radcliffe,_Daniel","Rademacher,_Ingo","Radner,_Gilda","Raffety,_Mark","Rai,_Aishwarya","Raimi,_Ted","Raine,_Jackson","Raines,_Ella","Rains,_Claude","Rainwater,_Gregg","Raitano,_Natalie","Rajskub,_Mary_Lynn","Ralph,_Christopher","Rambo,_Dack","Ramirez,_Marisa","Ramis,_Harold","Ramlee,_P.","Rampling,_Charlotte","Ramus,_Nick","Randall,_Lexi","Randall,_Mike","Randall,_Stacie","Rankin,_Chris","Rannells,_Jonathan","Rapaport,_Michael","Rapp,_Anthony","Rappaport,_Sheeri","Rasmusen,_Carmen","Rasmussen,_Jens","Rat_Pack,_The","Ratchford,_Jeremy","Rathbone,_Basil","Rawlinson,_Herbert","Ray,_Rachael","Rea,_Stephen","Read,_James","Reason,_Rex","Recaño,_Victoria","Redford,_Robert","Redgrave,_Vanessa","Reed,_Donna","Reed,_Oliver","Reedus,_Norman","Reeve,_Christopher","Reeves,_George","Reeves,_Keanu","Reeves,_Melissa","Reeves,_Steve","Reevis,_Steve","Regehr,_Duncan","Rehman,_Waheeda","Reid,_Tara","Reilly,_John_C.","Reiner,_Rob","Reinhardt,_Ray","Reinhold,_Judge","Reis,_Michele","Reiser,_Paul","Remar,_James","Remick,_Lee","Remini,_Leah","Ren,_Richie","Renfro,_Brad","Renner,_Jeremy","Rennie,_Callum_Keith","Reno,_Jean","Reubens,_Paul","Rex,_Simon","Reyes,_Ernie,_Jr.","Reyes,_Johnny_Diaz","Reynolds,_Burt","Reynolds,_Debbie","Reynolds,_Ryan","Rhames,_Ving","Rhea,_Caroline","Rhey,_Ashlie","Rhind-Tutt,_Julian","Rhodes,_Cynthia","Rhodes,_Jonathan","Rhys,_Matthew","Rhys,_Paul","Rhys-Davies,_John","Rhys-Meyers,_Jonathan","Ribeiro,_Alfonso","Ribisi,_Giovanni","Ricci,_Christina","Rice,_Tim","Richard,_Wendy","Richards,_Ariana","Richards,_Denise","Richards,_J._August","Richards,_J_August","Richards,_Kim","Richards,_Michael","Richardson,_Ian","Richardson,_Joely","Richardson,_Miranda","Richardson,_Natasha","Richardson,_Patricia","Richman,_Caryn","Richmond,_Branscombe","Richter,_Dan","Richwine,_Maria","Rickitt,_Adam","Rickles,_Don","Rickman,_Alan","Rico,_Beatriz","Ridings,_Richard","Riegel,_Eden","Rifkin,_Ron","Rigg,_Diana","Riley,_Michael","Rimbaud,_Tristan","Ringwald,_Molly","Rinna,_Lisa","Ripa,_Kelly","Ripley,_Alice","Ripstein,_Arturo","Ritchie,_Jill","Ritter,_John","Ritter,_Tim","Rivers,_Curtis","Rivers,_Joan","Roache,_Linus","Robbins,_Jana","Robbins,_Tim","Roberts,_Eric","Roberts,_Julia","Roberts,_Tanya","Robertson,_Cliff","Robertson,_Clive","Robertson,_Kathleen","Robertson,_Leigh_Anne","Robey,_Louise","Robinson,_Andrew","Robinson,_Ann","Robinson,_Bruce","Robinson,_Edward_G.","Robinson,_Tony","Robinson,_Zuleikha","Robson,_Wade","Rochon,_Debbie","Rochon,_Lela","Rock,_Chris","Rockwell,_Rick","Rockwell,_Sam","Roddenberry,_Gene","Roddenberry,_Majel_Barrett","Roden,_Karel","Rodriguez,_Jai","Rodriguez,_Michelle","Roe,_Channon","Rogan,_Joe","Rogen,_Seth","Rogers,_Cathy","Rogers,_Ginger","Rogers,_Ivan","Rogers,_Lisa","Rogers,_Mimi","Rogers,_Nicholas","Rogers,_Roy","Rogers,_Will","Rohe,_Vera-Ellen_Westmyer","Rohm,_Elisabeth","Roker,_Al","Romano,_Christy","Romano,_Larry","Romano,_Ray","Romanov,_Stephanie","Romolini,_Timi","Rooney,_Jack","Rooney,_Mickey","Root,_Amanda","Root,_Stephen","Rosati,_Richie","Rose,_Felissa","Rosenbaum,_Michael","Roshan,_Hrithik","Ross,_Charlotte","Ross,_Katharine","Rossellini,_Isabella","Rossi,_Richard","Rossiter,_Leonard","Rossum,_Emmy","Roth,_Andrea","Roth,_Tim","Rothhaar,_Will","Rothrock,_Cynthia","Rotondi,_Todd","Routh,_Brandon","Routledge,_Patricia","Rowan,_Kelly","Rowe,_Brad","Rowland,_Paige","Rowland,_Rodney","Rowlands,_Gena","Roxburgh,_Richard","RuPaul","Rubin,_Jennifer","Rubin-Vega,_Daphne","Ruccolo,_Richard","Ruck,_Alan","Rudd,_Paul","Rudner,_Rita","Rudolph,_Maya","Rupp,_Debra_Jo","Rush,_Geoffrey","Russ,_Tim","Russ,_William","Russell,_Jane","Russell,_Keri","Russell,_Kurt","Russell,_Lynne","Russell,_Theresa","Russo,_Rene","Rutherford,_Kelly","Ryan,_Dez","Ryan,_Jeri","Ryan,_Josie","Ryan,_Max","Ryan,_Meg","Ryan,_Robert","Ryan,_Steve","Ryder,_Jack","Ryder,_Lisa","Ryder,_Winona","Roberts,_Emma","Actors_and_Actresses","Movie_Directors","Sabato,_Antonio,_Jr.","Sachs,_Andrew","Sachs,_Robin","Sadler,_William","Sagal,_Jean_and_Liz","Sagal,_Katey","Salenger,_Meredith","Salonga,_Lea","San_Giacomo,_Laura","Sanchez,_Marco","Sanchez,_Roselyn","Sanderson,_William","Sandler,_Adam","Sands,_Julian","Sandy,_Gary","Santo-Tomas,_Hilda","Sara,_Mia","Sarandon,_Susan","Sasso,_Will","Satchwell,_Brooke","Saucedo,_Michael","Saunders,_Jennifer","Savalas,_Telly","Sawa,_Devon","Sawalha,_Julia","Scacchi,_Greta","Scales,_Prunella","Scarwid,_Diana","Schaech,_Johnathon","Schafer,_Natalie","Schaffel,_Marla","Scheider,_Roy","Schell,_Maximilian","Schellenberg,_August","Schenkenberg,_Marcus","Scherrer,_Paul","Schiff,_Richard","Schmid,_Kyle","Schnarre,_Monika","Schneider,_Rob","Schneider,_Romy","Schreiber,_Liev","Schroder,_Rick","Schroeder,_Carly","Schub,_Steve","Schultz,_Dwight","Schwartzman,_Jason","Schwarzenegger,_Arnold","Schweig,_Eric","Schwimmer,_David","Scofield,_Paul","Scoggins,_Tracy","Scorupco,_Izabella","Scott,_Ashley","Scott,_Campbell","Scott,_Coltin","Scott,_Debralee","Scott,_Dougray","Scott,_George_C.","Scott,_Jason-Shane","Scott,_Seann","Scott,_Tom_Everett","Scott,_William_Lee","Scott_Thomas,_Kristin","Scott_Thomas,_Serena","Scrimm,_Angus","Seagal,_Steven","Seberg,_Jean","Secor,_Kyle","Sedaris,_Amy","Sedgwick,_Edie","Seeberg,_Xenia","Seigner,_Emmanuelle","Seinfeld,_Jerry","Selby,_David","Selleck,_Tom","Sellers,_Peter","Sergei,_Ivan","Serkis,_Andy","Server,_Josh","Sessions,_John","Settle,_Matthew","Sever,_Rita","Severance,_Joan","Sevier,_Corey","Sevigny,_Chloë","Sewell,_Rufus","Seymour,_Jane","Shah,_Kiran","Shandling,_Garry","Shanks,_Michael","Shannon,_Molly","Shatner,_William","Shaud,_Grant","Shaver,_Helen","Shaw,_Fiona","Shaw,_Robert","Shea,_Christopher","Shea,_John","Sheard,_Michael","Shearer,_Norma","Sheedy,_Ally","Sheen,_Charlie","Sheen,_Martin","Sheh,_Charmaine","Shelley,_Barbara","Shepard,_Sam","Shepherd,_Cybill","Shepis,_Tiffany","Sheppard,_Paula_E.","Sher,_Antony","Sheridan,_Ann","Sheridan,_Nicolette","Sherman,_Bobby","Sherwood,_Brad","Shields,_Brooke","Shigeta,_James","Shimerman,_Armin","Shipman,_Nell","Shire,_Talia","Shockley,_William","Shor,_Miriam","Shore,_Dinah","Shore,_Pauly","Short,_Martin","Shue,_Elisabeth","Siddig,_Alexander","Siedow,_Jim","Sigler,_Jamie_Lynn","Sikking,_James","Silver,_Joel","Silverheels,_Jay","Silverman,_Sarah","Silverstone,_Alicia","Silverstone,_Ben","Simcoe,_Anthony","Simm,_John","Simmons,_Henry","Simmons,_J.K.","Simmons,_Jean","Simmons,_Richard","Simpson,_Ashlee","Sinatra,_Frank","Singer,_Lori","Sinise,_Gary","Sirtis,_Marina","Sisto,_Jeremy","Sitka,_Emil","Sizemore,_Tom","Skelton,_Red","Skelton,_Roy","Sky,_Jennifer","Skye,_Azura","Slater,_Christian","Slattery,_Tony","Slavin,_Danny","Slezak,_Erika","Sloane,_Lindsay","Smallwood,_Tucker","Smart,_Amy","Smiley,_Tava","Smith,_Anna_Nicole","Smith,_Charles_Martin","Smith,_Danny","Smith,_Gregory","Smith,_Hillary_B.","Smith,_Jaclyn","Smith,_Jacob","Smith,_Kerr","Smith,_Kevin_Tod","Smith,_Lauren_Lee","Smith,_Lewis","Smith,_Maggie","Smith,_Rex","Smith,_Riley","Smith,_Shawnee","Smith,_Will","Smith,_William","Smits,_Jimmy","Snipes,_Wesley","Snow,_Brittany","Sobieski,_Leelee","Sofer,_Rena","Sokoloff,_Marla","Solowitz,_Alex","Somers,_Suzanne","Sommer,_Elke","Sondheim,_Stephen","Sonny_and_Cher","Sorbo,_Kevin","Sorkin,_Aaron","Sorvino,_Mira","Sosa,_Ivette","Soto,_Talisa","Soul,_David","Soundarya","Spacek,_Sissy","Spacey,_Kevin","Spade,_David","Spader,_James","Spall,_Timothy","Sparks,_Dana","Sparks,_Hal","Spears,_Jamie","Speed,_Carol","Speedman,_Scott","Speer,_Hugo","Spelling,_Tori","Spence,_Sebastian","Spencer,_Bud","Spencer,_Chris","Spencer,_Jesse","Spencer,_John","Spiner,_Brent","Sprouse,_Cole","Sprouse,_Dylan","St._John,_Austin","Stabile,_Nick","Stacy,_James","Stahl,_Nick","Stallone,_Sylvester","Stamos,_John","Stamp,_Terence","Stansfield,_Claire","Stanton,_Molly","Stanwyck,_Barbara","Stapleton,_Jacinta","Starke,_Anthony","Starzyk,_David","Stearns,_Jeff","Steele,_Barbara","Steen,_Jessica","Stefanson,_Leslie","Steiger,_Rod","Stein,_Ben","Stephens,_Toby","Stephenson,_Nicola","Sterling,_Mindy","Stern,_Daniel","Stern,_Howard","Stevens,_Andrew","Stevens,_Brinke","Stevens,_Fisher","Stevens,_Lee","Stevens,_Warren","Stevenson,_Cynthia","Stevenson,_Juliet","Stevenson,_Parker","Stewart,_Catherine_Mary","Stewart,_Ewan","Stewart,_French","Stewart,_James","Stewart,_Jon","Stewart,_Patrick","Stewart,_Paul_Anthony","Stiers,_David_Ogden","Stiles,_Julia","Stiles,_Ryan","Stiller,_Ben","Stockwell,_Dean","Stockwell,_John","Stoll,_Clifford","Stoltz,_Eric","Stone,_Sharon","Storke,_Adam","Storm,_Gale","Storm,_T._J.","Storms,_Kirsten","Stowe,_Madeleine","Strasser,_Robin","Strathairn,_David","Stratten,_Dorothy","Streep,_Meryl","Streisand,_Barbra","Stringfield,_Sherry","Strong,_Danny","Strong,_Rider","Stroud,_Don","Stroumboulopoulos,_George","Struycken,_Carel","Stuart,_Katie","Stubbs,_Imogen","Studi,_Wes","Sullivan,_Nicole","Sursok,_Tammin_Pamela","Sutherland,_Catherine","Sutherland,_Donald","Sutherland,_Kiefer","Suvari,_Mena","Svenska,_Anneka","Swaby,_Donn","Swain,_Dominique","Swank,_Hilary","Swanson,_Gloria","Swanson,_Kristy","Swayze,_Patrick","Sweeney,_D._B.","Sweeney,_Julia","Sweetin,_Jodie","Szarabajka,_Keith","Takizawa,_Hideaki","Talalay,_Rachel","Tam,_Alan","Tarantino,_Quentin","Theriault,_Nicole","Thewlis,_David","Thicke,_Alan","Thomas,_Danny","Thomas,_Jonathan_Taylor","Thomas,_Michelle","Thomas,_Scott","Thompson,_Scott","Thornton,_Billy_Bob","Tingwell,_Charles","Todaro,_Noeleen","Tomlin,_Lily","Tomlin,_Robbie","Trautman,_Michael_Lane","Trendy,_Bobby","Troup,_Bobby","Tryon,_Thomas","Tse,_Nicholas","Tubert,_Marcelo","Turner,_Ted","Tyler,_Steven","Ullman,_Tracey","Van_Damme,_Jean-Claude","Van_Outen,_Denise","Van_Peebles,_Mario","Van_Zandt,_Steven","Vancelette,_Deborah","Vickers,_James","Vidal,_Gore","Vieira,_Meredith","Vorderman,_Carol","Wamsley,_Hal","Waterman,_Pete","Waters,_Ethel","Wayans,_Keenen_Ivory","Wayans,_Marlon","Wayans,_Shawn","Weaver,_Jason","Weller,_Lara","Wen_Tzui_Pin","Westmoreland,_Micko","Whedon,_Joss","Wilde,_Lyn_and_Lee","Wilder,_Gene","Wilkinson,_Colm","Williams,_Vanessa","Williamson,_Kevin","Wilson,_Carnie","Wilson,_Douglas","Wilson,_Richard","Winfrey,_Oprah","Winget,_Drew","Winters,_Jonathan","Wong,_Faye","Wong_Hei","Wong_Ka-Kui","Woodward,_Joanne","Woronov,_Mary","Wray,_Fay","White,_Marco_Pierre","Xuxa","Yarckin,_Cori","Yeh,_Sally","Yeung,_Miriam","Yeung,_Shirley","Yip,_Michelle","Yip,_Vern","York,_Kathleen","York,_Rachel","Young,_Jacob","Yuki_Hsu_Huai_Yu","Zadora,_Pia","Zappa,_Ahmet","Ziegfeld,_Florenz,_Jr.","Ziemba,_Karen","Acro-gymnastics","Chinese_Acrobatics","Events_and_Competitions","Performance_Companies","Professional_Performers","Resources","Schools_and_Training_Institutions","Sports_Acrobatics","Actors_and_Actresses","Chats_and_Forums","Education","Publications","Unions","Performers","Circuses","Clowning","Contortion","Juggling","Organizations","Performers","Schools","Technicians","Agencies","Clubs_and_Venues","Comedians","Directories","Education","Events_and_Awards","Improvisational","News_and_Media","Resources","Stand_Up","Accompaniment","Ballet","Ballroom","Butoh","Chinese","Classical_Indian","Dance_Technology","Directories","Disco","Drill_Teams","Education","Festivals","Flamenco","Folk","Health","Historical","Jazz","Latin","Magazines_and_E-zines","Middle_Eastern","Modern","Morris","Organizations","People","Regional","Services","Swing","Tango","Tap","Tribal_and_Tribal_Fusion","Sacred_and_Circle_Dance","Puppetry","Hypnotists","Directories","Effects","History","Magicians","Societies","Clowns","Impersonators","Muppets","Puppeteers","Regional","Ventriloquism","Libraries","Associations","Education","Festivals","Professional_Storytellers","Stories","Aerial","Associations","Business","Coordinators","Daredevil_Performers","Live_Shows","Marine","Players","Precision_Drivers","Rigging","Special_FX","Training","Awards","By_Culture","By_Region","Chats_and_Forums","Community_Theatre","Conferences","Dinner_Theatre","Directing","Directories","Dramaturgy","Education","Experimental","History","Improvisational","Minstrel_Shows","Musicals","NYC_Off_Broadway","News_and_Media","Organizations","People","Physical_Theatre","Production","Reference","Resources","Scripts","Shakespeare","Shows","Special_Effects_Makeup","Stage_Management","Stage_Movement","Stagecraft","Technical","Troupes_and_Companies","Vaudeville","Venues","Wardrobe_and_Costume","Youth","Virtual","Colleges_and_Departments","Schools_and_Academies","Workshops_and_Tours","Cameras","E-zines","Europe","North_America","A","Abstract_and_Experimental","B","C","Communities","D","E","F","Fine_Art","G","Group_Projects","H","Historical","I","Image_and_Writings","J","K","L","M","Masters","N","Nature","Nautical","O","P","People","Photographica","Q","R","S","T","Travel_and_Location","U","Urban","V","W","X","Y","Z","Collections","Curated_Virtual_Exhibitions","History","3D","Alternative_Processes","Darkroom","Digital","Documentary","FAQs,_Help,_and_Tutorials","Infrared","Lomography","Nature_and_Wildlife_Photography","Night_Photography","Pinhole","Panoramic_and_360°","Polaroid_Processes","Toy_Camera","High_Dynamic_Range_Imaging","Photoblogs","College_and_Educational","Comedy","Community_Radio","Music","Old-Time_Radio","Pirate_Radio","Programs","Public_Radio","Radio_Theatre","Sports","Talk_Radio","Comedy","Directories","Music","Talk_Radio","Guides_and_Resources","Radio_Consolidation","Air_Checks","Bell,_Art","Blavat,_Jerry","Dees,_Rick","Frank,_Joe","Hendrie,_Phil","Jack,_Wolfman","Joyner,_Tom","Lex_and_Terry","Leykis,_Tom","Moyles,_Chris","Muller,_Mancow","Opie_and_Anthony","Peel,_John","Rome,_Jim","Schlessinger,_Dr._Laura","Westwood,_Tim","Show_Prep_Services","Africa","Asia","Caribbean","Europe","Middle_East","North_America","Oceania","South_America","Guides","Emmy_Awards","Franchise_Administration","Operators","Public_Access","Equipment","Service_Providers","Food_and_Drink","History","Infomercials","Cable_and_Satellite","Continuity","Programs","Stations","Testcards","Broadcasters_and_Channels","Content_Providers","Development","Hardware","Industry_Events","Industry_News_Portals","Production_Companies","Standards","Technologies","ABC","ABN","ATN","America_One","CBC","CBS","CTN","CTV","CW","Cable","FOX","Global","ITV","Iraqi_Media_Network","My_Network_TV","NBC","OMNI","PBS","Satellite","TBN","TBS","TNT","UATV","UPN","Univision","WB","i","College_and_Educational","Programs","Announcers_and_Hosts","Contestants","Directors","Producers","Writers","0","1","2","3","4","5","6","7","8","9","A","Action_and_Adventure","B","C","Chats_and_Forums","Children's","Christmas","Classic_Television","Comedy","D","Directories","Documentaries","Dramas","E","Educational","Entertainment_News","Episode_Guides","F","G","Game_Shows","H","Health","Home_and_Garden","Horror","I","J","K","L","M","Mini-Series","Music","N","O","P","Q","R","Reality-Based","Regional","S","Science","Science_Fiction_and_Fantasy","Soap_Operas","T","Talk_Shows","U","V","W","X","Y","Z","Digital_Satellite_Systems","Guides","Magazines_and_E-zines","Operators","TVRO","Technical","Africa","Asia","Caribbean","Europe","Middle_East","North_America","Oceania","E-Mail_Request","Chats_and_Forums","Horror","Science_Fiction_and_Fantasy","Articles_and_Papers","United_Kingdom","United_States","Student","Equipment_and_Software","Animation","Artists","Collections","Figlets","On_IRC","Publications_and_Media","Signature_Art","Signature_Files","Smileys","Software","Text_Art","Artists","Arabic","Calligraphers","Chinese","Organizations","Artists","Digital_Collage","Photo_Montage","3D","Artists","Galleries","Personal_Galleries","The_GIMP","Artists","Education","Colleges_and_Departments","Educators","Online_Instruction","Schools_and_Academies","Visual_Literacy","Workshops_and_Tours","Bio_Art","Eco_Art","Africa","Asia","Caribbean","Europe","Middle_East","North_America","Oceania","South_America","Virtual","Artists","Artist_Trading_Cards","Artistamps","Artists","Chats_and_Forums","Collaborative_Sites","Education_and_History","FAQs,_Help,_and_Tutorials","Magazines_and_E-zines","Weblogs","A","B","C","D","E","F","G","H","I","J","K","L","M","N","O","P","Q","R","S","T","U","V","W","X","Y","Z","Africa","Asia","North_America","Oceania","Egg_Art","Furniture","Gourd_Art","Education","Frescoes,_Murals,_Faux-Finishes","Magazines_and_E-zines","Miniatures","Organizations","Painters","Resources","Directories","Web_Rings","FAQs,_Help,_and_Tutorials","Artists","Kinetic_Art","Projects","A","B","C","D","E","F","G","H","I","J","K","L","M","N","O","P","Q","R","S","T","U","V","W","X","Y","Z","Ateliers","Intaglio_and_Allied_Techniques","Lithography","Monotype","Printmakers","Relief_Techniques","Scanning_and_Printing_Services","Serigraphy_Silkscreen","Street_Art","Foundries","History","Installations","Instruction","Organizations","Parks_and_Gardens","Sculptors","Astronomy","Automotive","Aviation_and_Military","Folk_Art","Marine","Nature_and_Wildlife","Pets","Science_Fiction_and_Fantasy","Sports","Europe","North_America","Oceania","Organizations","Essays","Poetry","Resources_and_Directories","Screenwriting","Short_Stories","Markets","Personal_Pages","Fan_Fiction","Horror","Military_and_Historical","Mystery","Romance","Science_Fiction_and_Fantasy","E-zines","Magazines","Mailing_Lists","Weblogs","Business_Writing","Copywriting","Corporate_Communications","Food_Writers","Greeting_Card_Writing","Journalism","Letter_Writing","Researching","Speechwriting","Technical_Writing","Travel_Writing","Africa","Asia","Europe","North_America","Oceania","Contests","Online_Courses,_Workshops,_and_Consultants","Organizations","E-Books","Magazines_and_E-zines","Agents_and_Managers","Screenplay_Registration_Services","Screenplay_Workshops","Script_Consulting","Outlining_Tools","Screenplay_Editors","Spelling_and_Grammar","Submission_Tracking","Grammar","Spelling","Kids_Only","Read_Only","Teens_Only","Ballet","Costumes","Schools","Fashion","Festivals","Graphic_Designers","History","Typography","Examinations","History","Instruments","Lyrics","Music_Colleges","Musicians","Online_Listening","Organizations","Piracy","Styles","Theory","Vocal","Animals_and_Insects","Fairies_and_Wizards","Folk_and_Fairy_Tales","Non-Fiction","Other_Times_and_Places","Scary_Stories","Science_Fiction","History","Techniques_and_Styles","Cameras","History","Photographers","Techniques_and_Styles","Sculptors","Schools","Film","Artists'_Pages","Dance","Film_and_Television","Music","Theatre","Literature","Music","Visual"
