"Alabama","Alaska","Arizona","Arkansas","California","Colorado","Connecticut","Delaware","Florida","Georgia","Hawaii","Idaho","Illinois","Indiana","Iowa","Kansas","Kentucky","Louisiana","Maine","Maryland","Massachusetts","Michigan","Minnesota","Mississippi","Missouri","Montana","Nebraska","Nevada","New_Hampshire","New_Jersey","New_Mexico","New_York","North_Carolina","North_Dakota","Ohio","Oklahoma","Oregon","Pennsylvania","Puerto_Rico","Rhode_Island","South_Carolina","South_Dakota","Tennessee","Texas","Utah","Vermont","Virginia","Washington","Washington,_DC","West_Virginia","Wisconsin","Wyoming","Virgin_Islands","National_Stuttering_Association","California","New_York","Texas","Wyoming","Alberta","British_Columbia","Manitoba","New_Brunswick","Newfoundland_and_Labrador","Northwest_Territories","Nova_Scotia","Nunavut","Ontario","Prince_Edward_Island","Quebec","Saskatchewan","Yukon","Alabama","Alaska","Arizona","Arkansas","California","Colorado","Connecticut","Delaware","Florida","Georgia","Hawaii","Idaho","Illinois","Indiana","Iowa","Kansas","Kentucky","Louisiana","Maine","Maryland","Massachusetts","Michigan","Minnesota","Mississippi","Missouri","Montana","Nebraska","Nevada","New_Hampshire","New_Jersey","New_Mexico","New_York","North_Carolina","North_Dakota","Ohio","Oklahoma","Oregon","Pennsylvania","Rhode_Island","South_Carolina","South_Dakota","Tennessee","Texas","Utah","Vermont","Virginia","Washington","Washington,_DC","West_Virginia","Wisconsin","Wyoming","Arizona","California","Connecticut","Florida","Georgia","Illinois","Kentucky","Maryland","New_Jersey","North_Carolina","Oregon","Pennsylvania","Tennessee","Texas","West_Virginia","Wisconsin","Missouri","New_York","Ohio","Alabama","Michigan","Colorado","Washington","Hawaii","Indiana","Iowa","Nebraska","Massachusetts","Delaware","Rhode_Island","North_Dakota","Virginia","Arkansas","Hospitals","Hospitals","Dentistry","Cosmetic_and_Plastic","Gyms","Personal_Pages","Support_Groups","Dyslexia","Support_Groups","Academic_Study","Services","Support_Groups","Alternative","Assisted_Living","Associations","Dentistry","Fitness","Mental_Health","Optical","Dentistry","Fitness","Massage_Therapy_and_Bodywork","Mental_Health","Optical","Alternative","Reproductive_Health","Alternative","Mental_Health","Optical","Physicians_and_Clinics","Dentistry","Dentistry","Alternative","Dentistry","Fitness","Alternative","Dentistry","Fitness","Dentistry","Alternative","Assisted_Living","Dentistry","Fitness","Mental_Health","Organizations","Physicians_and_Clinics","Alternative","Dentistry","Fitness","Mental_Health","Fitness","Alternative","Alternative","Associations","Consultants","Dentistry","Fitness","Hospitals","Mental_Health","Optical","Pharmacies","Physicians_and_Clinics","Assisted_Living","Dentistry","Mental_Health","Alternative","Assisted_Living","Alternative","Assisted_Living","Dentistry","Fitness","Massage_Therapy_and_Bodywork","Mental_Health","Alternative","Associations","Care_Givers","Conditions_and_Diseases","Hospitals","Mental_Health","Dentistry","Fitness","Hospitals","Organizations","Physicians_and_Clinics","Fitness","Mental_Health","Alternative","Dentistry","Dentistry","Retirement_Care","Alternative","Dentistry","Hospitals","Mental_Health","Support_Groups","Alternative","Dentistry","Fitness","Alternative","Conditions_and_Diseases","Dental","Hearing","Physiotherapy","Fitness","Dentistry","Alternative","Assisted_Living","Care_Providers","Community_Health_Centres","Conditions_and_Diseases","Dentistry","Fitness","Hospitals","Mental_Health","Optical","Organizations","Pharmacies","Physicians_and_Clinics","Physiotherapy","Fitness","Dentistry","Optical","Dentistry","Fitness","Alternative","Associations","Care_Providers","Conditions_and_Diseases","Consultants","Dentistry","Fitness","Hospitals","Mental_Health","Optical","Physicians_and_Clinics","Dentistry","Alternative","Dentistry","Fitness","Hospitals","Mental_Health","Optical","Dentistry","Alternative","Dentistry","Fitness","Hospitals","Mental_Health","Dentistry","Dentistry","Dentistry","Alternative","Dentistry","Mental_Health","Dentistry","Alternative","Dentistry","Optical","Dentistry","Alternative","Dentistry","Dentistry","Dentistry","Mental_Health","Dentistry","Dentistry","Mental_Health","Dentistry","Dentistry","Dentistry","Dentistry","Dentistry","Dentistry","Dentistry","Alternative","Dentistry","Alternative","Consultants","Dentistry","Fitness","Hospitals","Physicians_and_Clinics","Alternative","Dentistry","Fitness","Physicians_and_Clinics","Alternative","Dentistry","Alternative","Dentistry","Alternative","Assisted_Living","Dentistry","Fitness","Hospitals","Mental_Health","Optical","Physicians_and_Clinics","Dentistry","Dentistry","Dentistry","Hospitals","Physicians_and_Clinics","Hospitals","Dentistry","Associations","Consultants","Dentistry","Hospitals","Mental_Health","Physicians_and_Clinics","Dentistry","Chiropractic","Massage_Therapy_and_Bodywork","Dentistry","Dentistry","Dentistry","Mental_Health","Dentistry","Chiropractic","Dentistry","Dentistry","Dentistry","Dentistry","Chiropractic","Dentistry","Dentistry","Dentistry","Yoga","Dentistry","Physicians_and_Clinics","Assisted_Living","Atascadero_State_Hospital","Dentistry","Chiropractic","Dentistry","Assisted_Living","Dentistry","Optical","Physicians_and_Clinics","Chiropractic","Dentistry","Dentistry","Alternative","Dentistry","Mental_Health","Chiropractic","Dentistry","Physicians_and_Clinics","Mental_Health","Optical","Dentistry","Dentistry","Dentistry","Dentistry","Chiropractic","Dentistry","Dentistry","Dentistry","Chiropractic","Dentistry","Dentistry","Mental_Health","Optical","Dentistry","Dentistry","Dentistry","Dentistry","Fitness","Chiropractic","Dentistry","Assisted_Living","Dentistry","Dentistry","Dentistry","Dentistry","Assisted_Living","Dentistry","Dentistry","Dentistry","Dentistry","Chiropractic","Dentistry","Chiropractic","Dentistry","Fitness","Mental_Health","Pharmacies","Assisted_Living","Dentistry","Employment","Dentistry","Dentistry","Dentistry","Dentistry","Fitness","Alternative","Dentistry","Assisted_Living","Dentistry","Fitness","Hospitals","Mental_Health","Physicians_and_Clinics","Dentistry","Dentistry","Dentistry","Chiropractic","Dentistry","Dentistry","Hospitals","Physicians_and_Clinics","Dentistry","Dentistry","Dentistry","Addictions","Alternative","Assisted_Living","Dentistry","Fitness","Hospitals","Physicians_and_Clinics","Chiropractic","Dentistry","Alternative","Dentistry","Fitness","Hospitals","Mental_Health","Optical","Physicians_and_Clinics","Chiropractic","Dentistry","Hospitals","Dentistry","Dentistry","Dentistry","Dentistry","Optical","Chiropractic","Mental_Health","Mental_Health","Dentistry","Fitness","Dentistry","Dentistry","Dentistry","Chiropractic","Dentistry","Chiropractic","Dentistry","Fitness","Mental_Health","Dentistry","Dentistry","Dentistry","Chiropractic","Dentistry","Dentistry","Assisted_Living","Dentistry","Dentistry","Dentistry","Dentistry","Chiropractic","Dentistry","Mental_Health","Dentistry","Chiropractic","Dentistry","Dentistry","Dentistry","Mental_Health","Dentistry","Dentistry","Fitness","Physicians_and_Clinics","Alternative","Dentistry","Dentistry","Alternative","Dentistry","Mental_Health","Physicians_and_Clinics","Dentistry","Dentistry","Alternative","Assisted_Living","Dentistry","Fitness","Hospitals","Mental_Health","Optical","Pharmacies","Physicians_and_Clinics","Reproductive_Health","Dentistry","Alternative","Dentistry","Fitness","Hospitals","Mental_Health","Physicians_and_Clinics","Alternative","Dentistry","Mental_Health","Dentistry","Dentistry","Fitness","Physicians_and_Clinics","Dentistry","Dentistry","Mental_Health","Dentistry","Dentistry","Dentistry","Chiropractic","Dentistry","Alternative","Dentistry","Alternative","Dentistry","Fitness","Mental_Health","Chiropractic","Dentistry","Dentistry","Dentistry","Chiropractic","Dentistry","Physicians_and_Clinics","Dentistry","Dentistry","Chiropractic","Dentistry","Chiropractic","Dentistry","Dentistry","Chiropractic","Dentistry","Physicians_and_Clinics","Dentistry","Dentistry","Dentistry","Dentistry","Dentistry","Dentistry","Dentistry","Dentistry","Chiropractic","Dentistry","Dentistry","Dentistry","Dentistry","Dentistry","Chiropractic","Dentistry","Dentistry","Dentistry","Chiropractic","Dentistry","Dentistry","Dentistry","Dentistry","Chiropractic","Massage_Therapy_and_Bodywork","Chiropractic","By_Locality","Cosmetic_and_Plastic","Dentistry","Alternative","Dentistry","Fitness","Mental_Health","Physicians_and_Clinics","Alternative","Dentistry","Mental_Health","Physicians_and_Clinics","Alternative","Assisted_Living","Dentistry","Fitness","Hospitals","Mental_Health","Optical","Physicians_and_Clinics","Dentistry","Massage_Therapy_and_Bodywork","Dentistry","St._Vincent's_Health_Services","Emergency_Services","UConn_Health_Center","Public_Health_and_Safety","Fitness","Hospitals","Middlesex_Health_System","Emergency_Services","Hospitals","Lawrence_&amp;_Memorial_Hospital","Jefferson_House","William_W._Backus_Hospital","Rockville_General_Hospital","Hospitals","Hospitals","Hospitals","Programs_and_Services","Dentistry","Massage_Therapy_and_Bodywork","Alternative","Physicians_and_Clinics","Mental_Health","Physicians_and_Clinics","Fitness","Alternative","Associations","Dentistry","Hospitals","Mental_Health","Optical","Physicians_and_Clinics","Dentistry","Hospitals","Mental_Health","Physicians_and_Clinics","Dentistry","Dentistry","Hospitals","Mental_Health","Optical","Physicians_and_Clinics","Alternative","Dentistry","Hospitals","Mental_Health","Physicians_and_Clinics","Alternative","Dentistry","Fitness","Hospitals","Mental_Health","Physicians_and_Clinics","Mental_Health","Alternative","Dentistry","Emergency_Services","Employment","Hospitals","Optical","Pharmacies","Physicians_and_Clinics","Alternative","Dentistry","Mental_Health","Physicians_and_Clinics","Physicians_and_Clinics","Alternative","Alternative","Conditions_and_Diseases","Dentistry","Fitness","Guides_and_Directories","Hospitals","Pharmacies","Physicians_and_Clinics","Products","Assisted_Living","Alternative","Alternative","Assisted_Living","Dentistry","Hospitals","Mental_Health","Physicians_and_Clinics","Alternative","Fitness","Alternative","Dentistry","Hospitals","Physicians_and_Clinics","Assisted_Living","Dentistry","Hospitals","Physicians_and_Clinics","Physicians_and_Clinics","Organizations","Dentistry","Hospitals","Physicians_and_Clinics","Optical","Assisted_Living","Alternative","Mental_Health","Fitness","Alternative","Assisted_Living","Conditions_and_Diseases","Dentistry","Fitness","Hospitals","Mental_Health","Optical","Organizations","Physicians_and_Clinics","Assisted_Living","Dentistry","Hospitals","Physicians_and_Clinics","Hospitals","Hospitals","Physicians_and_Clinics","Hospitals","Hospitals","Assisted_Living","Chiropractic","Optical","Physicians_and_Clinics","Optical","Physicians_and_Clinics","Hospitals","Optical","Physicians_and_Clinics","Assisted_Living","Conditions_and_Diseases","Mental_Health","Physicians","Chiropractic","Conditions_and_Diseases","Dentistry","Hospitals","Organizations","Physicians_and_Clinics","Dentistry","Physicians_and_Clinics","Hospitals","Dentistry","Hospitals","Conditions_and_Diseases","Pharmacies","Physicians_and_Clinics","Assisted_Living","Dentistry","Consultants","Mental_Health","Dentistry","Physicians_and_Clinics","Hospitals","Physicians_and_Clinics","Chiropractic","Hospitals","Dentistry","Assisted_Living","Dentistry","Optical","Hospitals","Physicians_and_Clinics","Emergency_Services","Hospitals","Assisted_Living","Dentistry","Physicians_and_Clinics","Hospitals","Public_Health_and_Safety","Chiropractic","Hospitals","Physicians_and_Clinics","Chiropractic","Dentistry","Hospitals","Mental_Health","Physicians_and_Clinics","Hospitals","Hospitals","Hospitals","Physicians_and_Clinics","Mental_Health","Consultants","Dentistry","Mental_Health","Alternative","Chiropractic","Dentistry","Mental_Health","Organizations","Physicians_and_Clinics","Assisted_Living","Mental_Health","Pharmacies","Physicians_and_Clinics","Conditions_and_Diseases","Hospitals","Mental_Health","Physicians_and_Clinics","Dentistry","Hospitals","Alternative","Assisted_Living","Dentistry","Mental_Health","Physicians_and_Clinics","Assisted_Living","Pharmacies","Physicians_and_Clinics","Hospitals","Physicians_and_Clinics","Mental_Health","Chiropractic","Hospitals","Physicians_and_Clinics","Assisted_Living","Consultants","Mental_Health","Chiropractic","Physicians_and_Clinics","Public_Health_and_Safety","Chiropractic","Chiropractic","Physicians_and_Clinics","Physicians_and_Clinics","Dentistry","Hospitals","Physicians_and_Clinics","Physicians_and_Clinics","Assisted_Living","Chiropractic","Consultants","Dentistry","Mental_Health","Physicians_and_Clinics","Alternative","Alternative_Medicine","Dentistry","Fitness","Assisted_Living","Dentistry","Hospitals","Nutrition","Physicians_and_Clinics","Alternative","Mental_Health","Physicians_and_Clinics","Consultants","Hospitals","Dentistry","Physicians_and_Clinics","Physicians_and_Clinics","Assisted_Living","Consultants","Mental_Health","Organizations","Chiropractic","Dentistry","Organizations","Hospitals","Physicians_and_Clinics","Physicians_and_Clinics","Dentistry","Physicians_and_Clinics","Assisted_Living","Dentistry","Physicians_and_Clinics","Alternative","Dentistry","Physicians_and_Clinics","Hospitals","Pharmacies","Mental_Health","Physicians_and_Clinics","Chiropractic","Consultants","Pharmacies","Alternative","Physicians_and_Clinics","Cosmetic_and_Plastic","Dentistry","Dentistry","Alternative","Dentistry","Fitness","Dentistry","Dentistry","Dentistry","Hospitals","Optical","Dentistry","Addictions","Alternative","Child_Health","Conditions_and_Diseases","Dentistry","Employment","Fitness","Hospitals","Mental_Health","Occupational_Health_and_Safety","Optical","Organizations","Physicians_and_Clinics","Senior_Health","Women's_Health","Chiropractic","Mental_Health","Dentistry","Alternative","Dentistry","Fitness","Mental_Health","Optical","Dentistry","Dentistry","Dentistry","Alternative","Dentistry","Fitness","Optical","Alternative","Dentistry","Emergency_Services","Fitness","Hospitals","Mental_Health","Optical","Physicians_and_Clinics","Emergency_Services","Dentistry","Chiropractic","Hospitals","Optical","Alternative","Assisted_Living","Dentistry","Emergency_Services","Hospitals","Mental_Health","Optical","Pharmacies","Physicians_and_Clinics","Dentistry","Alternative","Dentistry","Alternative","Dentistry","Physicians_and_Clinics","Dentistry","Alternative","Dentistry","Dentistry","Dentistry","Emergency_Services","Hospitals","Chiropractic","Fitness","Public_Health_and_Safety","Senior_Health","Emergency_Services","Alternative","Alternative","Conditions_and_Diseases","Dentistry","Hospitals","Optical","Mental_Health","Physicians_and_Clinics","Alternative","Dentistry","Emergency_Services","Fitness","Hospitals","Mental_Health","Optical","Organizations","Physicians_and_Clinics","Alternative","Public_Safety","Dentistry","Dentistry","Hospitals","Dentistry","Dentistry","Dentistry","Dentistry","Hospitals","Dentistry","Hospitals","Dentistry","Hospitals","Hospitals","Hospitals","Emergency_Services","Dentistry","Hospitals","Emergency_Services","Hospitals","Hospitals","Hospitals","Dentistry","Hospitals","Dentistry","Hospitals","Dentistry","Emergency_Services","Hospitals","Hospitals","Emergency_Services","Dentistry","Hospitals","Emergency_Services","Hospitals","Emergency_Services","Hospitals","Dentistry","Hospitals","Dentistry","Hospitals","Hospitals","Dentistry","Hospitals","Dentistry","Dentistry","Dentistry","Emergency_Services","Dentistry","Hospitals","Optical","Yoga","Dentistry","Dentistry","Dentistry","Dentistry","Dentistry","Alternative","Dentistry","Emergency_Services","Mental_Health","Physicians_and_Clinics","Dentistry","Dentistry","Dentistry","Emergency_Services","Fitness","Dentistry","Emergency_Services","Dentistry","Assisted_Living","Dentistry","Alternative","Dentistry","Fitness","Hospitals","Mental_Health","Optical","Organizations","Physicians_and_Clinics","Reproductive_Health","Yoga","Alternative","Fitness","Hospitals","Mental_Health","Optical","Reproductive_Health","Dentistry","Dentistry","Mental_Health","Optical","Organizations","Assisted_Living","Hospitals","Organizations","Alternative","Consultants","Dentistry","Fitness","Veterinary_Care","Dentistry","Hospitals","Fitness","Conditions_and_Diseases","Hospitals","Physicians_and_Clinics","Dentistry","Mental_Health","Substance_Abuse","University_of_Michigan_Medical_Center","Alternative","Conditions_and_Diseases","Consultants","Assisted_Living","Hospitals","Assisted_Living","Chiropractic","Fitness","Chiropractic","Alternative","Assisted_Living","Dentistry","Fitness","Mental_Health","Optical","Physicians_and_Clinics","Hospitals","Dentistry","Hospitals","Dentistry","Dentistry","Hospitals","Dentistry","Dentistry","Dentistry","Hospitals","Hospitals","Dentistry","Hospitals","Dentistry","Dentistry","Hospitals","Dentistry","Hospitals","Dentistry","Hospitals","Dentistry","Hospitals","Dentistry","Hospitals","Dentistry","Hospitals","Dentistry","Dentistry","Dentistry","Hospitals","Dentistry","Hospitals","Dentistry","Dentistry","Dentistry","Hospitals","Dentistry","Dentistry","Hospitals","Hospitals","Dentistry","Hospitals","Dentistry","Hospitals","Dentistry","Emergency_Services","Hospitals","Mental_Health","Dentistry","Dentistry","Hospitals","Hospitals","Hospitals","Dentistry","Dentistry","Dentistry","Hospitals","Dentistry","Hospitals","Hospitals","Hospitals","Hospitals","Dentistry","Hospitals","Hospitals","Dentistry","Hospitals","Dentistry","Hospitals","Mental_Health","Dentistry","Dentistry","Hospitals","Dentistry","Hospitals","Dentistry","Assisted_Living","Dentistry","Hospitals","Dentistry","Hospitals","Dentistry","Hospitals","Hospitals","Dentistry","Hospitals","Hospitals","Dentistry","Dentistry","Hospitals","Hospitals","Assisted_Living","Hospitals","Dentistry","Dentistry","Hospitals","Dentistry","Hospitals","Dentistry","Hospitals","Dentistry","Hospitals","By_County","By_Locality","By_County","By_Locality","By_County","By_Locality","By_County","By_Locality","By_County","By_Locality","By_County","By_Locality","By_County","By_Locality","By_County","By_Locality","By_County","By_Locality","By_County","By_Locality","By_County","By_Locality","By_County","By_Locality","By_County","By_Locality","By_County","By_Locality","By_County","By_Locality","By_County","By_Locality","By_County","By_Locality","By_County","By_Locality","By_County","By_Locality","By_County","By_Locality","By_County","By_Locality","Dentistry","Dentistry","Dentistry","Dentistry","Dentistry","Dentistry","Dentistry","Dentistry","Dentistry","Dentistry","Dentistry","Assisted_Living","Dentistry","Hospices_and_Home_Care","Hospitals","Mental_Health","Physicians_and_Clinics","Conditions_and_Diseases","Hospitals","Mental_Health","Physicians_and_Clinics","Substance_Abuse","Dentistry","Fitness","Hospitals","Mental_Health","Optical","Organizations","Physicians_and_Clinics","Alternative","Fitness","Hospitals","Alternative","Dentistry","Fitness","Hospitals","Optical","Alternative","Dentistry","Fitness","Mental_Health","Physicians_and_Clinics","Dentistry","Mental_Health","Dentistry","Hospitals","Hospitals","Hospitals","Mental_Health","Dentistry","Hospitals","Hospitals","Hospitals","Hospitals","Hospitals","Assisted_Living","Hospitals","Hospitals","Hospitals","Hospitals","Dentistry","Hospitals","Mental_Health","Alternative","Dentistry","Hospitals","Mental_Health","Physicians_and_Clinics","Hospitals","Assisted_Living","Hospitals","Hospitals","Alternative","Beauty_and_Cosmetic_Services","Dentistry","Mental_Health","Assisted_Living","Optical","Fitness","Veterinary_Services","Physicians_and_Clinics","Associations","Hospitals","Hospitals","Emergency_Services","Emergency_Services","Emergency_Services","Emergency_Services","Emergency_Services","Emergency_Services","Conditions_and_Diseases","Emergency_Services","Emergency_Services","Physicians_and_Clinics","Emergency_Services","Alternative","Dentistry","Fitness","Optical","Physicians_and_Clinics","Chiropractic","Alternative","Conditions_and_Diseases","Consultants","Dentistry","Hospitals","Mental_Health","Optical","Physicians_and_Clinics","Emergency_Services","Dentistry","Employment","Hospitals","Mental_Health","Physicians_and_Clinics","Dentistry","Hospitals","Alternative","Associations","Conditions_and_Diseases","Consultants","Dentistry","Emergency_Services","Employment","Fitness","Hospitals","Mental_Health","Optical","Physicians_and_Clinics","Emergency_Services","Alternative","Conditions_and_Diseases","Dentistry","Emergency_Services","Fitness","Hospitals","Mental_Health","Optical","Physicians_and_Clinics","Emergency_Services","Emergency_Services","Alternative","Assisted_Living","Dentistry","Hospitals","Mental_Health","Physicians_and_Clinics","Fitness","Alternative","Assisted_Living","Conditions_and_Diseases","Dentistry","Mental_Health","Physicians_and_Clinics","Alternative","Assisted_Living","Conditions_and_Diseases","Dentistry","Employment","Fitness","Hospitals","Mental_Health","Nutrition","Optical","Pharmacies","Physicians_and_Clinics","Alternative","Associations","Dentistry","Hospitals","Mental_Health","Optical","Physicians_and_Clinics","Dentistry","Fitness","Optical","Physicians_and_Clinics","Assisted_Living","Physicians_and_Clinics","Dentistry","Alternative","Dentistry","Fitness","Hospitals","Massage_Therapy_and_Bodywork","Physicians_and_Clinics","Massage_Therapy_and_Bodywork","Associations","Dentistry","Fitness","Hospitals","Optical","Physicians_and_Clinics","Residential_Services","Alternative","Consultants","Dentistry","Fitness","Hospitals","Mental_Health","Optical","Organizations","Physicians_and_Clinics","Public_Health_and_Safety","Residential_Services","Alternative","Assisted_Living","Hospitals","Organizations","Alternative","Dentistry","Hospitals","Mental_Health","Optical","Organizations","Physicians_and_Clinics","Public_Health_and_Safety","Assisted_Living","Dentistry","Hospitals","Organizations","Physicians_and_Clinics","Public_Health_and_Safety","Dentistry","Public_Health_and_Safety","Dentistry","Optical","Organizations","Physicians_and_Clinics","Residential_Services","Organizations","Dentistry","Conditions_and_Diseases","Dentistry","Physicians_and_Clinics","Alternative","Associations","Dentistry","Hospitals","Mental_Health","Optical","Physicians_and_Clinics","Alternative","Fitness","Mental_Health","Dentistry","Alternative","Optical","Physicians_and_Clinics","Alternative","Dentistry","Fitness","Hospitals","Mental_Health","Women's_Health","Chiropractic","Dentistry","Dentistry","Dentistry","Dentistry","Alternative","Mental_Health","Assisted_Living","Dentistry","Hospitals","Mental_Health","Dentistry","Emergency_Services","Emergency_Services","Emergency_Services","Dentistry","Alternative","Dentistry","Mental_Health","Mental_Health","Dentistry","Emergency_Services","Optical","Dentistry","Alternative","Dentistry","Fitness","Hospitals","Mental_Health","Physicians_and_Clinics","Alternative","Dentistry","Hospitals","Optical","Pharmacies","Physicians_and_Clinics","Emergency_Services","Dentistry","Alternative","Mental_Health","Alternative","Dentistry","Hospitals","Mental_Health","Practitioners","Qigong","Dentistry","Dentistry","Dentistry","Alternative","Dentistry","Hospitals","Physicians_and_Clinics","Dentistry","Dentistry","Dentistry","Dentistry","Dentistry","Dentistry","Hospitals","Alternative","Dentistry","Alternative","Assisted_Living","Dentistry","Hospitals","Mental_Health","Physicians_and_Clinics","Dentistry","Dentistry","Dentistry","Assisted_Living","Dentistry","Emergency_Services","Hospitals","Physicians_and_Clinics","Pharmacies","Alternative","Dentistry","Dentistry","Alternative","Assisted_Living","Dentistry","Alternative","Assisted_Living","Dentistry","Fitness","Hospitals","Mental_Health","Physicians_and_Clinics","Dentistry","Dentistry","Dentistry","Dentistry","Alternative","Dentistry","Dentistry","Assisted_Living","Alternative","Dentistry","Mental_Health","Alternative","Dentistry","Mental_Health","Alternative","Dentistry","Alternative","Hospitals","Dentistry","Alternative","Dentistry","Hospitals","Mental_Health","Physicians_and_Clinics","Alternative","Dentistry","Chiropractic","Dentistry","Hospitals","Alternative","Dentistry","Fitness","Hospitals","Mental_Health","Optical","Physicians_and_Clinics","Dentistry","Fitness","Hospitals","Mental_Health","Optical","Physicians_and_Clinics","Alternative","Dentistry","Alternative","Dentistry","Fitness","Hospitals","Mental_Health","Physicians_and_Clinics","Alternative","Physicians_and_Clinics","Emergency_Services","Hospitals","Mental_Health","Dentistry","Assisted_Living","Alternative","Associations","Conditions_and_Diseases","Dentistry","Education_and_Training","Fitness","Home_Health_Care","Hospitals","Mental_Health","Optical","Physicians_and_Clinics","Reproductive_Health","Substance_Abuse","Occupational_Health_and_Safety","Dentistry","Hospitals","Optical","Alternative","Assisted_Living","Dentistry","Fitness","Hospitals","Mental_Health","Optical","Physicians_and_Clinics","Emergency_Services","Conditions_and_Diseases","Nutrition","Pharmacies","Home_Care","Alternative","Assisted_Living","Child_Health","Dentistry","Fitness","Hospitals","Optical","Organizations","Physicians_and_Clinics","Emergency_Services","Dentistry","Dentistry","Emergency_Services","Hospitals","Alternative","Assisted_Living","Conditions_and_Diseases","Dentistry","Fitness","Guides_and_Directories","Home_Care","Hospitals","Mental_Health","Optical","Physicians_and_Clinics","Reproductive_Health","Dentistry","Assisted_Living","Hospitals","Assisted_Living","Dentistry","Hospitals","Optical","Physicians_and_Clinics","Dentistry","Optical","Dentistry","Podiatry","Dentistry","Mental_Health","Physicians_and_Clinics","Alternative","Optical","Alternative","Assisted_Living","Dentistry","Emergency_Services","Fitness","Hospitals","Mental_Health","Physicians_and_Clinics","Reproductive_Health","Dentistry","Alternative","Assisted_Living","Associations","Dentistry","Fitness","Hospitals","Optical","Pharmacies","Physicians_and_Clinics","Alternative","Dentistry","Fitness","Chiropractic","Chiropractic","Hospitals","Mental_Health","Pharmacies","Physicians_and_Clinics","Optical","Dentistry","Hospitals","Optical","Hospitals","Hospitals","Dentistry","Hospitals","Optical","Physicians_and_Clinics","Dentistry","Hospitals","Hospitals","Dentistry","Optical","Chiropractic","Hospitals","Physicians_and_Clinics","Alternative","Dentistry","Fitness","Hospitals","Mental_Health","Optical","Physicians_and_Clinics","Reproductive_Health","Research_Trials","Alternative","Physicians_and_Clinics","Mental_Health","Dentistry","Mental_Health","Alternative","Dentistry","By_Locality","Dentistry","Dentistry","Organizations","Dentistry","Dentistry","Emergency_Services","Dentistry","Emergency_Services","Dentistry","Dentistry","Dentistry","Dentistry","Assisted_Living","Alternative","Assisted_Living","Dentistry","Emergency_Services","Physicians_and_Clinics","Dentistry","Dentistry","Assisted_Living","Dentistry","Dentistry","Dentistry","Dentistry","Dentistry","Dentistry","Emergency_Services","Dentistry","Dentistry","Dentistry","Assisted_Living","Dentistry","Dentistry","Assisted_Living","Dentistry","Emergency_Services","Assisted_Living","Emergency_Services","Dentistry","Dentistry","Dentistry","Chiropractic","Dentistry","Hospitals","Dentistry","Dentistry","Assisted_Living","Emergency_Services","Dentistry","Assisted_Living","Dentistry","Assisted_Living","Dentistry","Fitness","Hospitals","Mental_Health","Pharmacies","Physicians_and_Clinics","Dentistry","Emergency_Services","Dentistry","Dentistry","Dentistry","Assisted_Living","Dentistry","Emergency_Services","Assisted_Living","Dentistry","Dentistry","Alternative","Dentistry","Emergency_Services","Physicians_and_Clinics","Assisted_Living","Dentistry","Emergency_Services","Optical","Physicians_and_Clinics","Dentistry","Dentistry","Emergency_Services","Alternative","Dentistry","Fitness","Mental_Health","Dentistry","Fitness","Chiropractic","Dentistry","Chiropractic","Dentistry","Mental_Health","Dentistry","Dentistry","Alternative","Assisted_Living","Consultants","Dentistry","Fitness","Hospitals","Mental_Health","Physicians_and_Clinics","Alternative","Assisted_Living","Conditions_and_Diseases","Dentistry","Emergency_Services","Hospitals","Mental_Health","Physicians_and_Clinics","Rehabilitation","Dentistry","Chiropractic","Dentistry","Fitness","Assisted_Care","Mental_Health","Dentistry","Hospitals","Physicians_and_Clinics","Emergency_Services","Hospitals","Physicians_and_Clinics","Public_Health_and_Safety","Alternative","Dentistry","Fitness","Mental_Health","Optical","Organizations","Physicians_and_Clinics","Dentistry","Mental_Health","Chiropractors","Dentistry","Alternative","Dentistry","Hospitals","Hospitals","Hospitals","Fitness","Dentistry","Hospitals","By_Locality","By_Locality","By_Locality","By_Locality","By_Municipality","By_Locality","By_Municipality","By_Locality","By_Municipality","Mental_Health","Hospitals","Pharmacies","By_Municipality","By_Locality","Hospitals","Fitness","Alternative","Clinics_and_Services","Personal_Stories","Organizations","Philip_Morris","Youth_Smoking_Prevention","Critiques","State"
