"Libraries","Collections","Curated_Virtual_Exhibitions","History","Glossaries","Papers_and_Reports","FAQs,_Help,_and_Tutorials","Government_Agencies","Online_Databases","Agriculture","Film","Associations","Products_and_Services","US_Government_Agencies","Australia","Canada","United_Kingdom","United_States","Math","Aaron","Abbey","Abbot","Abbott","Acker","Acuff","Adam","Adams","Adamson","Adderley","Adkins","Adler","Affleck","Agee","Agnew","Aiken","Akers","Albert","Alberti","Alcott","Alexander","Ali","Allen","Allison","Almond","Alomar","Amalberga","Ambrose","Ames","Amis","Ammann","Amos","Anders","Andersen","Anderson","Andrade","Andre","Andretti","Andrew","Andrews","Angel","Anne","Anselm","Anthony","Aoki","Appleby","Araki","Archer","Argento","Armstrong","Arne","Arnold","Arora","Arquette","Arthur","Ashby","Ashley","Ashton","Ashworth","Asner","Astin","Aston","Astor","Atkins","Atlee","Aubert","Aubin","Audley","Austin","Avery","Ayres","Bach","Bachchan","Bachman","Bachmann","Bacon","Baden-Powell","Bagwell","Bailey","Bain","Baines","Baird","Baker","Baldwin","Ball","Ballard","Bamber","Banks","Bantock","Baptista","Barber","Barker","Barkley","Barlow","Barnes","Barr","Barrett","Barrie","Barros","Barry","Barrymore","Barth","Barthelme","Bartholomew","Barton","Basil","Bass","Bates","Bauer","Bax","Bayley","Bean","Beard","Beatrix","Beatty","Beaumont","Beck","Becker","Beckford","Beckham","Bedard","Bedi","Beesley","Behr","Bell","Bellamann","Belle","Belloc","Bellini","Belushi","Bender","Benedict","Benjamin","Benn","Bennet","Bennett","Benoit","Benson","Bentley","Berard","Berg","Bergen","Berger","Bergman","Berlin","Bernard","Bernardine","Bernstein","Berry","Bertha","Biel","Bierce","Big","Biggs","Bingham","Bird","Bishop","Bissett","Black","Blackmore","Blackwood","Blair","Blake","Blanc","Blanchard","Bland","Bloch","Bloom","Blow","Bogart","Bolton","Bonds","Boniface","Bonney","Booker","Boone","Booth","Borden","Bottoms","Boucher","Boulanger","Bowen","Bowering","Bowie","Bowles","Boyd","Boyle","Bradford","Bradley","Bradshaw","Brady","Brand","Brandon","Brandt","Brant","Braun","Brentano","Breton","Brett","Bretton","Brewster","Brian","Bridges","Brock","Broderick","Bronson","Brontë","Brooks","Brown","Browne","Browning","Bruce","Bruni","Bruno","Bryan","Bryant","Buchanan","Buck","Buckley","Bunker","Burke","Burnett","Burns","Burr","Burress","Burroughs","Burton","Bush","Butler","Buxton","Byrd","Byrne","Caan","Cabot","Caccini","Caesar","Cage","Cahill","Cain","Caine","Caldwell","Cale","Callaghan","Calvin","Cameron","Camp","Campbell","Campion","Canary","Cannon","Cardoso","Carew","Carey","Carlson","Carlyle","Carman","Carpenter","Carr","Carrier","Carrington","Carroll","Carson","Carter","Cartwright","Caruso","Carver","Cassidy","Cerbone","Cervantes","Chamberlain","Chambers","Chan","Chang","Chaplin","Chapman","Charles","Chase","Cheng","Chesnutt","Cheung","Cho","Chong","Chopra","Chow","Christensen","Christian","Christie","Chung","Christopher","Church","Churchill","Clark","Clarke","Clay","Clayton","Clinton","Close","Cochrane","Cody","Cohen","Cole","Coleman","Collingwood","Collins","Combs","Conrad","Cook","Coolidge","Cooper","Corbett","Corbin","Corr","Cousins","Cox","Crane","Craven","Crawford","Crockett","Crosby","Cross","Cruz","Culkin","Cullen","Cummings","Cunningham","Curry","Curtis","Cusack","Daily","Damon","Daniel","Daniels","Darrow","David","Davidson","Davies","Davis","Dawson","Day","Dean","Deol","Diamond","Diaz","Dickinson","Dickson","Dillon","Diogenes","Dix","Donahue","Donnelly","Donovan","Dorough","Douglas","Douglass","Dove","Downey","Doyle","Drake","Draper","Drury","Duffy","Duncan","Dunn","Dunne","Duvall","Dyer","d'Abo","Edward","Edwards","Egan","Elizabeth","Elliott","Ellis","Ellison","Emerson","Engel","Estes","Estevez","Estrada","Evans","Fabian","Fairbanks","Falkner","Fallon","Farley","Farmer","Farrell","Faulkner","Fehr","Felix","Felton","Ferdinand","Fergus","Ferguson","Fernandez","Field","Fielding","Fields","Fiennes","Fillmore","Fintan","Fisher","Fitzgerald","Flair","Fleming","Fletcher","Floyd","Foley","Fonda","Foote","Forbes","Ford","Forrest","Forster","Forsyth","Foster","Fox","Francis","Franco","Frank","Franklin","Franz","Fraser","Freeman","Frey","Friedman","Frost","Fry","Frye","Fuller","Funkhouser","Furlong","Fusco","Fedorov","Fleck","Fulton","Gable","Gaines","Gallagher","Gallant","Gandhi","Garcia","Gardner","Garland","Garner","Garrett","Gaynor","Gentry","George","Gertrude","Gibb","Gibson","Gilbert","Gilman","Glenn","Goddard","Goldberg","Goldman","Goldsmith","Gonzalez","Goodman","Gordon","Gould","Graham","Grant","Graves","Gray","Green","Greene","Gregg","Gregory","Grenville","Grey","Griffin","Griffith","Grimm","Gross","Gunn","Guthrie","Hacker","Hackett","Hagen","Haggard","Haines","Haldeman","Hall","Hamill","Hamilton","Hamm","Hammond","Hampton","Hancock","Hannah","Hanover","Hansen","Hanson","Harding","Hardy","Hare","Harlow","Harper","Harrington","Harris","Harrison","Hart","Hartley","Hartman","Hartmann","Harvey","Hawkes","Hawkins","Hayden","Hayes","Haynes","Hearn","Heath","Hecht","Henderson","Henley","Henry","Henson","Herbert","Hershey","Hess","Hewitt","Hicks","Hill","Hirsch","Hitchcock","Hodgson","Hoffman","Holden","Holland","Holly","Holmes","Hope","Homer","Hopkins","Hopper","Horner","Howard","Howe","Howell","Hudson","Hugh","Hughes","Humphrey","Hunt","Hunter","Hurt","Hutchison","Ignatius","Ingram","Innes","Ireland","Irving","Jackson","Jacob","Jacobs","James","Jarrett","Jay","Jefferson","Jennings","Jensen","Jeter","John","Johnson","Johnston","Jones","Jordan","Joseph","Judd","Kahn","Kane","Kapoor","Kaufman","Kay","Kaye","Keane","Keating","Keaton","Kelly","Kennedy","Kenneth","Kenyon","Khan","Kilmer","Kim","King","Klein","Knight","Koch","Krishnamurti","Kumar","Kurosawa","Kwan","Lang","Langley","Lawrence","Lawson","Lee","Leigh","Leighton","Lennon","Leopold","Lessing","Lewis","Lloyd","Long","Lopez","Lowell","Lowry","Lucas","Lynch","Lynn","MacArthur","MacDonald","Machel","Maguire","Mann","March","Marsden","Marshall","Martin","Martinez","Mathews","Matthews","May","McCarthy","McDonald","McLean","Menger","Merz","Meyer","Michaels","Miller","Mitchell","Monroe","Montgomery","Moore","Morgan","Morris","Morrison","Morse","Morton","Moss","Munro","Murphy","Murray","Myers","Nash","Nelson","Ness","Newman","Newton","Nicholas","Nichols","Nicholson","Nielsen","Nin","Niven","Nixon","Nolan","Norman","North","Nova","O'Brien","O'Connor","O'Neal","Orozco","Owen","Owens","Pacey","Page","Park","Parker","Parks","Patterson","Patton","Paul","Paulsen","Penn","Perry","Peter","Peters","Petty","Phillips","Pierce","Pitt","Plantagenet","Polk","Porter","Powell","Pratt","Presley","Price","Prior","Radcliffe","Randall","Ray","Raymond","Redgrave","Reed","Reeves","Reid","Reynolds","Rhodes","Rhys","Rich","Richard","Richards","Richardson","Ritchie","Rivers","Robert","Roberts","Robertson","Robinson","Rockefeller","Rodriguez","Rogers","Rose","Ross","Roth","Rowe","Russell","Ryan","Sabatini","Sachs","Sakamoto","Sanchez","Sanders","Sandys","Sargent","Schmidt","Schneider","Schumacher","Scott","Sharp","Shaw","Shelley","Shepard","Shepherd","Sheppard","Sheridan","Sherman","Shields","Shore","Siegel","Silverman","Simmons","Simon","Simpson","Sinatra","Sinclair","Singer","Singh","Smith","Snow","Spencer","Stamitz","Stanley","Steele","Stevens","Stevenson","Stewart","Stone","Storm","Strauss","Strong","Stuart","Sullivan","Sutherland","Sweeney","Sadler","Swift","Schinkel","Swanson","Sedaris","Sedin","Summer","Tate","Taylor","Teresa","Thomas","Thompson","Thornton","Thorpe","Travis","Tucker","Tudor","Turner","Tyler","Urban","Vega","Wagner","Wahlberg","Wainwright","Walker","Wallace","Waller","Walpole","Walsh","Wang","Ward","Ware","Warner","Warren","Warwick","Washington","Waterhouse","Waters","Watson","Watt","Way","Wayans","Weaver","Webb","Weber","Webster","Weiss","Welch","Wells","West","Wharton","Wheeler","Whipple","Whitaker","White","Whitney","Whitworth","Whyte","Wilde","Wilder","William","Williams","Williamson","Willis","Wilson","Windsor","Winter","Winters","Wolfe","Womack","Wong","Wood","Woodcock","Woodward","Wright","Xystus","York","Young","Yves","Zachary","Zahn","Zamprogna","Zappa","Zeno","Zima","Zimmer","Military","Aerospace","Agriculture","Architecture","Audio_and_Video","Automotive","Business","Computers","Construction","Education","Film","Games_and_Gaming","Geography","Humanities","Law","Locksmithing","Medicine","Medieval","Military","Nautical","Performing_Arts","Religion","Science","Social_Science","Sports","Telecommunication","Swastika","Word-a-day","Area_Codes","Indexes","Mobile_Phone","Postal_Codes","Toll_Free","White_Pages","Yellow_Pages","Reunions","Academic_Departments","Admissions","Africa","Asia","Caribbean","Central_America","College_Life","Directories","Educators","Europe","Faculty_Experts_Directories","Financial_Aid","Graduate_Education","Guides","Middle_East","News_and_Media","North_America","Oceania","South_America","Transdisciplinary","Virtual_Tours","Searching","Associations","Chats_and_Forums","Conferences","Correspondence_Courses","Directories","Institutions","Journals","Online_Courses","Online_Teaching_and_Learning","Resources","Services","Theory_and_Research","Videoconferencing","Workplace_Training","Magazines_and_E-zines","Mailing_Lists","Organizations","Special_Needs","Subjects","Opposing_Views","Test_Authoring_Firms","Testing_Research","Academic_Dishonesty","Employment","Organizations","Postgraduate_Research","Conferences","Course_Website_Software","Evaluation","Higher_Education","Network_Learning","Organizations","Publications","Weblogs","International_Baccalaureate","International_Schools","International_Student_Exchange","Language_Schools","Projects","Study_Abroad","Universities","Administration","Bilingual_Education","College_Prep","Conferences","Counseling_and_Guidance","Curriculum","Directories","Educators","Elementary","Extracurricular_Activities","Gifted_Education","Home_Schooling","News_and_Media","Organizations","Private_Schools","Public_Schools","Rural_Issues","School_Improvement","School_Safety","Supplemental_Funding","Technology","Instructional_Design","Learning_Theories","Bilingual_Education","By_Country","Children's_International_Summer_Villages","Literacy","PTA","Academic_Papers","Books","By_Region","Curriculum","Distance_Learning","Early_Childhood","Equipment_and_Supplies","Foreign_Languages","Graduation","Home_Schooling","K_through_12","Montessori","Reading","Services_for_Hire","Special_Education","Study_Assistance","Teaching_Stores","Technology","Test_Preparation","Yearbooks","Conductive_Education","Employment","Inclusion","Learning_Disabilities","Organizations","Schools","Support","Training","Vocational","Computers_and_Internet","Cultures","History","Paranormal","Philosophy","Plants","Religion","Science_Fiction,_Fantasy_and_Horror","Afghanistan","Albania","Algeria","American_Samoa","Andorra","Angola","Anguilla","Antarctica","Antigua_and_Barbuda","Argentina","Armenia","Aruba","Australia","Austria","Azerbaijan","Bahamas","Bahrain","Bangladesh","Barbados","Belarus","Belgium","Belize","Benin","Bermuda","Bhutan","Bolivia","Bosnia_and_Herzegovina","Botswana","Brazil","British_Indian_Ocean_Territory","British_Virgin_Islands","Brunei_Darussalam","Bulgaria","Burkina_Faso","Burundi","Cambodia","Cameroon","Canada","Cape_Verde","Cayman_Islands","Central_African_Republic","Chad","Chile","China","Christmas_Island","Colombia","Comoros","Congo","Congo,_Democratic_Republic_of_the","Cook_Islands","Costa_Rica","Croatia","Ireland","Cuba","Czech_Republic","Cyprus","Côte_d'Ivoire","Denmark","Djibouti","Dominica","Dominican_Republic","East_Timor","Ecuador","Egypt","El_Salvador","Equatorial_Guinea","Eritrea","Estonia","Ethiopia","Falkland_Islands","Faroe_Islands","Fiji","Finland","France","French_Guiana","French_Polynesia","French_Southern_Territories","Gabon","Gambia","Georgia","Germany","Ghana","Gibraltar","Greece","Greenland","Grenada","Guadeloupe","Guam","Guatemala","Guinea","Guinea_Bissau","Guyana","Haiti","Honduras","Hong_Kong","Hungary","Iceland","India","Indonesia","Iran","Iraq","Israel","Italy","Jamaica","Japan","Jordan","Kazakhstan","Kenya","Kiribati","Kuwait","Kyrgyzstan","Laos","Latvia","Lesotho","Liberia","Libya","Liechtenstein","Lithuania","Luxembourg","Macau","Macedonia","Madagascar","Malawi","Malaysia","Maldives","Mali","Malta","Marshall_Islands","Martinique","Mauritania","Mauritius","Mexico","Micronesia,_Federated_States_of","Moldova","Monaco","Mongolia","Montserrat","Morocco","Mozambique","Myanmar","Namibia","Nauru","Nepal","Netherlands","Netherlands_Antilles","New_Caledonia","New_Zealand","Nicaragua","Niger","Nigeria","Niue","Norfolk_Island","North_Korea","Northern_Mariana_Islands","Norway","Oman","Pakistan","Palau","Palestinian_Territory","Panama","Papua_New_Guinea","Paraguay","Philippines","Poland","Portugal","Qatar","Reunion","Romania","Russia","Rwanda","Saint_Helena","Saint_Kitts_and_Nevis","Saint_Pierre_and_Miquelon","San_Marino","Saudi_Arabia","Senegal","Singapore","Slovakia","Slovenia","South_Africa","South_Korea","Spain","Sri_Lanka","Svalbard_and_Jan_Mayen","Swaziland","Sweden","Switzerland","Syria","Taiwan","Tajikistan","Thailand","Tonga","Trinidad_and_Tobago","Tunisia","Turkey","Turkmenistan","Turks_and_Caicos","Tuvalu","US_Virgin_Islands","Ukraine","United_Kingdom","United_States","Uruguay","Uzbekistan","Vanuatu","Venezuela","Vietnam","Yemen","Yugoslavia","Zambia","Consultants","Past","Associations_and_Conferences","Books","Business_Intelligence","Digital_Asset_Management","Learning_Organizations","Memory_Improvement","Organizational_Memory","Software","Effects","Email_Overload","Hypertext","Relevance_Filtering","Brainstorming","Concept_Mapping","Innovation_and_Idea_Management","Mind_Mapping","Problem_Solving","Books","Business_and_Companies","Information_Visualization","Magazines_and_E-zines","Organizations","Software","Text_Mining","Collaboration","Communities_of_Practice","Computer_Mediated_Communication","Hoarding_and_Sharing","Knowledge_Markets","Storytelling","Suggestion_Solicitation","Events","Ontologies","Publications","Research_Groups","Semantic_Web","Systems","Topic_Maps","Classification","Articles","A","B","C","D","E","F","G","H","I","J","K","L","M","N","O","P","Q","R","S","T","Two-Year_College_Libraries","U","V","W","X","Y","Z","New_Zealand","United_States","Canada","Austria","Australia","England","Netherlands","Germany","Ireland","Associations","Chats_and_Forums","Conferences","Digital_Library_Development","Directories","Employment","Intellectual_Freedom","Intellectual_Property","Journals","Librariana","Librarians","Library_History","Research_Organizations","Resource_Sharing","Schools","Software","Subject_Specialties","Technical_Services","User_Services","Weblogs","Directories","George_W._Bush_Presidential_Library","Associations","Arts","Business","Humanities","Medical","Military","Philately","Science","Social_Sciences","Sports","Theology","Europe","North_America","Antiquities","Architecture","Art_Museums","Crafts","Decorative_Arts","Film_and_Media","Folk_Art","Music","Photography","Textile_and_Costume","Theater","Africa","Asia","Caribbean","Central_America","Europe","Middle_East","North_America","Oceania","Europe","North_America","Biographical","Ethnic","Occupational","Religious","Asia","Europe","Historic_Houses","Living_History_and_Open_Air","North_America","Oceania","Women","Asia","Europe","North_America","Oceania","War","Conservation_and_Preservation","Documentation_and_Cataloguing","Exhibit_Resources","Grants_and_Funding","Museum_Studies_and_Training","Organizations","Baseball","Carriage_Driving","Hot_Air_Ballooning","Models_and_Miniatures","Numismatics","Stamp_Collecting","Toys","Agriculture","Anthropology","Archaeology","Biology","Earth_Science","Medical","Natural_History","Physics","Psychology","Technology","Automobiles","Aviation","Buses","Maritime","Motorcycles","Railroad","Trolleys","Christianity","Prizes","Tables","Databases","Computing","Electrical_Engineering","Environmental_Practice","Individual_Standards","Internet","Organizations","Quality","Standard_Document_Vendors","Telecommunications","Online_Calculators","Software","Flags_and_Symbols","Journals","Libraries","Museums","Asia","Europe","International_Law","Islamic_Law","Legal_Research","North_America","Oceania","Internet_Encyclopedia_of_Philosophy","Stanford_Encyclopedia_of_Philosophy"
