"Libraries","Collections","Curated_Virtual_Exhibitions","History","Phone_Directories","Glossaries","Papers_and_Reports","FAQs,_Help,_and_Tutorials","Cheat_Sheets","Specifications","Government_Agencies","Online_Databases","Medline","Help_and_Tutorials","Almanacs","Arts","History","Regional","Science","Agriculture","Sports","Archives","Arts","Film","Personal","Professional_Resources","Regional","Canada","United_Kingdom","Local","United_States","Local","State","Social_History","University","Medical","Ask_an_Expert","Education","For_a_Fee","Homework_Help","Libraries","Medicine_and_Health","Computers_and_Technology","Writing","Science","Math","Bibliography","Biography","A","Aaron","Abbey","Abbot","Abbott","Acker","Acuff","Adam","Adams","Adamson","Adderley","Adkins","Adler","Affleck","Agnew","Akers","Albert","Alberti","Alcott","Alexander","Ali","Allen","Allison","Almond","Amalberga","Ambrose","Amis","Ammann","Amos","Anders","Andersen","Anderson","Andrade","Andre","Andrew","Andrews","Angel","Anne","Anselm","Anthony","Aoki","Appleby","Araki","Archer","Argento","Armstrong","Arne","Arnold","Arora","Arquette","Arthur","Ashley","Ashton","Ashworth","Asner","Astin","Aston","Astor","Atkins","Aubert","Aubin","Audley","Austin","Avery","Ayres","B","Bach","Bachchan","Bachman","Bachmann","Bacon","Baden-Powell","Bagwell","Bailey","Bain","Baines","Baird","Baker","Baldwin","Ball","Ballard","Bamber","Banks","Bantock","Baptista","Barber","Barker","Barlow","Barnes","Barrett","Barrie","Barros","Barry","Barrymore","Barth","Barthelme","Barton","Basil","Bass","Bates","Bauer","Bayley","Beard","Beatrix","Beatty","Beaumont","Becker","Beckford","Beckham","Bedard","Bedi","Beesley","Behr","Bell","Bellamann","Belle","Belloc","Belushi","Benedict","Benjamin","Bennet","Bennett","Benoit","Benson","Berard","Berg","Bergen","Berger","Bergman","Berlin","Bernard","Bernardine","Bernstein","Berry","Bertha","Biel","Bierce","Big","Biggs","Bingham","Bishop","Black","Blackmore","Blair","Blake","Bland","Bloom","Boniface","Bowering","Bowie","Bradley","Brady","Brandon","Braun","Brentano","Breton","Bretton","Brewster","Brian","Brock","Broderick","Bronson","Brontë","Brooks","Brown","Browne","Browning","Bruce","Bruni","Bruno","Buchanan","Buck","Bunker","Burke","Burton","Bush","Butler","Buxton","Caan","Cabot","Caccini","Caesar","Cage","Cahill","Cain","Caine","Cale","Calvin","Cameron","Camp","Campbell","Campion","Canary","Cannon","Cardoso","Carew","Carey","Carlyle","Carman","Carpenter","Carrington","Carter","Cartwright","Caruso","Carver","Cassidy","Cerbone","Chamberlain","Chan","Chaplin","Chapman","Charles","Chase","Cheng","Chesnutt","Cheung","Cho","Chong","Chow","Christensen","Christian","Christie","Chung","Christopher","Churchill","Clark","Clarke","Clay","Clinton","Close","Cochrane","Cody","Cole","Coleman","Collingwood","Collins","Combs","Conrad","Cook","Coolidge","Cooper","Corbett","Corbin","Corr","Cousins","Cox","Crane","Craven","Crawford","Crockett","Crosby","Cross","Cruz","Culkin","Cullen","Cummings","Cunningham","Curtis","Cusack","Damon","Daniel","Darrow","David","Davidson","Davies","Dawson","Day","Dean","Deol","Diamond","Diaz","Dickinson","Dickson","Dillon","Diogenes","Dix","Donahue","Donnelly","Donovan","Dorough","Douglas","Douglass","Dove","Downey","Doyle","Drake","Draper","Drury","Duffy","Duncan","Dunn","Dunne","Duvall","Dyer","d'Abo","Edward","Edwards","Egan","Elizabeth","Elliott","Ellis","Ellison","Emerson","Estes","Estevez","Estrada","Evans","Fabian","Fairbanks","Falkner","Fallon","Farley","Farmer","Farrell","Faulkner","Fehr","Felix","Felton","Ferdinand","Fergus","Ferguson","Fernandez","Field","Fielding","Fields","Fiennes","Fillmore","Fintan","Fisher","Fitzgerald","Flair","Fleming","Fletcher","Floyd","Foley","Fonda","Foote","Forbes","Ford","Forrest","Forster","Forsyth","Foster","Fox","Francis","Franco","Frank","Franklin","Franz","Fraser","Freeman","Frey","Frost","Fry","Frye","Fuller","Funkhouser","Furlong","Fusco","Fedorov","Fleck","Fulton","Gable","Gaines","Gallagher","Gallant","Gandhi","Garcia","Gardner","Garland","Garner","Garrett","Gaynor","Gentry","George","Gertrude","Gibb","Gibson","Gilbert","Gilman","Glenn","Goddard","Goldberg","Goldman","Goldsmith","Gonzalez","Goodman","Gordon","Grant","Graves","Gray","Green","Greene","Gregg","Gregory","Grenville","Grey","Griffin","Grimm","Gross","Gunn","Guthrie","Hacker","Hackett","Hagen","Haggard","Haines","Haldeman","Hall","Hamill","Hamilton","Hamm","Hammond","Hampton","Hannah","Hanover","Hansen","Hanson","Harding","Hardy","Hare","Harlow","Harper","Harrington","Harris","Harrison","Hart","Hartley","Hartman","Hartmann","Harvey","Hawkes","Hawkins","Hayden","Hayes","Haynes","Hearn","Heath","Hecht","Henderson","Henley","Henry","Henson","Hess","Hewitt","Hicks","Hill","Hirsch","Hitchcock","Hodgson","Hoffman","Holden","Holland","Holly","Holmes","Hope","Homer","Hopkins","Hopper","Horner","Howard","Howe","Howell","Hudson","Hugh","Hughes","Humphrey","Hunt","Hurt","Hutchison","Ignatius","Ingram","Innes","Ireland","Irving","Jackson","Jacob","Jacobs","James","Jarrett","Jay","Jefferson","Jennings","Jensen","Jeter","John","Johnson","Jones","Jordan","Joseph","Judd","Kahn","Kane","Kelly","Kennedy","Khan","Kim","King","Knight","Koch","Kurosawa","Lang","Langley","Lawrence","Lee","Leigh","Lessing","Lewis","Lloyd","Long","Lopez","Lowell","Lowry","Lynch","MacArthur","MacDonald","Machel","Maguire","Mann","March","Marsden","Marshall","Martin","Martinez","Mathews","Matthews","May","McCarthy","McDonald","McLean","Merz","Meyer","Michaels","Miller","Mitchell","Monroe","Montgomery","Moore","Morgan","Morris","Morrison","Morse","Morton","Moss","Munro","Murphy","Murray","Nash","Nelson","Ness","Newton","Nicholas","Nichols","Nicholson","Nin","Nixon","Nova","O'Brien","O'Connor","O'Neal","Orozco","Owen","Owens","Pacey","Park","Parker","Parks","Paul","Paulsen","Perry","Peter","Phillips","Pitt","Plantagenet","Powell","Radcliffe","Ray","Raymond","Redgrave","Reed","Reynolds","Rhodes","Rich","Richard","Richards","Richardson","Ritchie","Robert","Roberts","Robertson","Robinson","Rockefeller","Rogers","Rose","Ross","Russell","Ryan","Sabatini","Sachs","Sakamoto","Sanchez","Sanders","Sandys","Sargent","Schmidt","Schneider","Schumacher","Scott","Sharp","Shaw","Shelley","Shepard","Sheppard","Sheridan","Sherman","Shields","Shore","Siegel","Silverman","Simmons","Simon","Simpson","Sinatra","Sinclair","Singer","Singh","Smith","Snow","Spencer","Stamitz","Stanley","Stevens","Stewart","Stone","Strauss","Strong","Stuart","Sutherland","Sadler","Swift","Schinkel","Swanson","Sedaris","Sedin","Summer","Taylor","Teresa","Thomas","Thompson","Thornton","Thorpe","Tucker","Tudor","Turner","Tyler","Urban","Vega","Wagner","Wahlberg","Wainwright","Walker","Wallace","Waller","Walpole","Walsh","Wang","Ward","Ware","Warner","Warren","Warwick","Washington","Waterhouse","Waters","Watson","Watt","Way","Wayans","Weaver","Webb","Weber","Webster","Weiss","Wells","West","Wharton","Whitaker","White","Whitney","Whitworth","Whyte","Wilde","Wilder","William","Williams","Williamson","Willis","Wilson","Windsor","Winter","Winters","Wolfe","Womack","Wong","Wood","Woodcock","Woodward","Wright","Xystus","York","Young","Yves","Zachary","Zamprogna","Zappa","Zeno","Zima","Zimmer","Books","Dictionaries","Acronyms","By_Subject","Aerospace","Application_Specific","Internet_Terms_and_Acronyms","Film","Law","Locksmithing","Medicine","Etymology","Rhyming","Symbols","Directories","Address_and_Phone_Numbers","Mobile_Phone","Asia","Education","Alumni_Directories","Reunions","Colleges_and_Universities","Academic_Departments","Admissions","Counseling_Services","Editing_Services","Graduate_Programs","International_Students","Africa","Algeria","Angola","Benin","Botswana","Burkina_Faso","Burundi","Cameroon","Cape_Verde","Central_African_Republic","Chad","Comoros","Congo","Congo,_Democratic_Republic_of_the","American_University_of_Kinshasha","Côte_d'Ivoire","Djibouti","Egypt","Cairo_University","Equatorial_Guinea","Eritrea","Ethiopia","Addis_Ababa_University","Gabon","Gambia","Ghana","Ashesi_University_College","Kwame_Nkrumah_University_of_Science_and_Technology","St._Luke_School_of_Medicine_at_Cape_Coast","University_of_Cape_Coast","University_of_Ghana","Valley_View_University","Guinea","Guinea_Bissau","Kenya","Africa_Nazarene_University","Catholic_University_of_Eastern_Africa","Egerton_University","Kenyatta_University","Maryknoll_Institute_of_African_Studies","Moi_University","Strathmore_University","University_of_Eastern_Africa","University_of_Nairobi","Law","Lesotho","Liberia","Libya","Madagascar","Malawi","Mali","Mauritania","Mauritius","Morocco","Mozambique","Namibia","Niger","Nigeria","Reunion","Rwanda","Saint_Helena","Sao_Tome_and_Principe","Senegal","Seychelles","Sierra_Leone","Somalia","South_Africa","Cape_Technikon","Central_University_of_Technology,_Free_State","Mangosuthu_Technikon","Nelson_Mandela_Metropolitan_University","Potchefstroom_University","Rhodes_University","South_African_Theological_Seminary","University_of_Johannesburg","University_of_Cape_Town","University_of_Fort_Hare","University_of_Natal","University_of_North_West","University_of_Pretoria","University_of_South_Africa","University_of_Stellenbosch","University_of_Venda","University_of_Zululand","University_of_the_Orange_Free_State","University_of_the_Western_Cape","University_of_the_Witwatersrand","Vaal_Triangle_Technikon","Durban_University_of_Technology","Cape_Peninsula_University_of_Technology","Sudan","Swaziland","Tanzania","University_of_Dar_es_Salaam","Togo","Tunisia","Uganda","Makerere_University","Mbarara_University_of_Science_and_Technology","Ndejje_University","Uganda_Christian_University","Uganda_Martyrs_University","Western_Sahara","Zambia","Zimbabwe","Africa_University","Midlands_State_University","National_University_of_Science_and_Technology","Scientific_and_Industrial_Research_and_Development_Centre","University_of_Zimbabwe","Zimbabwe_College_of_Music","Asia","Armenia","Azerbaijan","Bangladesh","Bhutan","China","Georgia","Hong_Kong","India","Andhra_Pradesh","Arts_and_Science","Arunachal_Pradesh","Assam","Chandigarh","Chhattisgarh","Delhi","Engineering","Gujarat","Jharkhand","Kerala","Law","Madhya_Pradesh","Maharashtra","Management","Medical","Tamil_Nadu","Tripura","Universities","Indonesia","Colleges","Institutes","Universities","Japan","National","Prefectural","Private","Aichi","Akita","Chiba","Aomori","Ehime","Fukui","Fukuoka","Fukushima","Gifu","Gunma","Hiroshima","Hyogo","Hokkaido","Ibaraki","Iwate","Ishikawa","Kagawa","Kagoshima","Kanagawa","Kochi","Kumamoto","Kyoto","Mie","Miyazaki","Miyagi","Nagano","Nagasaki","Nara","Niigata","Oita","Okayama","Okinawa","Osaka","Saga","Saitama","Shiga","Shimane","Shizuoka","Tochigi","Tokushima","Tokyo","Toyama","Wakayama","Yamagata","Yamaguchi","Yamanashi","Kyrgyzstan","Law","Malaysia","Universiti_Kebangsaan_Malaysia","Medicine","Mongolia","Nepal","Pakistan","Computer_Science","Engineering","Management","Medical","Textile","Philippines","Singapore","Nanyang_Technological_University","National_University_of_Singapore","South_Korea","Ajou_University","Andong_National_University","Ansan_College_of_Technology","Anyang_University","Asia_United_Theological_University","Berea_University_of_Graduate_Studies","Busan_National_University_of_Education","Capital_Baptist_Theological_Seminary","Catholic_University_of_Daegu","Catholic_University_of_Korea","Changwon_National_University","Cheju_National_University","Cheonan_College_of_Foreign_Studies","Cheonan_University","Cheonan_Yonam_College","Cheongju_National_University_of_Education","Chodang_University","Chongju_University","Chongshin_University","Chonnam_National_University","Chosun_University","Chugye_University_for_the_Arts","Chuncheon_National_University_of_Education","Chung-Ang_University","Chung_Cheong_College","Chungbuk_National_University","Chungbuk_Provincial_University_of_Science_and_Technology","Chungnam_National_University","Chungwoon_University","Daegu_Haany_University","Daegu_National_University_of_Education","Daegu_University","Daejin_University","Daekyeung_College","Daewon_Science_College","Dankook_University","Dong-A_University","Dong-Ah_Broadcasting_College","Dong-eui_University","Dong_Seoul_College","Dongguk_University","Donghae_University","Dongseo_University","Dongshin_University","Dongyang_University","Doowon_Technical_College","Duksung_Women's_University","Ewha_Womans_University","Gimcheon_College","Gongju_National_University_of_Education","Gumi_Polytechnic_College","Gyeongju_University","Gwangju_University","Gyeongin_National_University_of_Education","Gyeongsang_National_University","Hallym_University","Hanbat_National_University","Handong_Global_University","Hankuk_Aviation_University","Hankyong_National_University","Hannam_University","Hansei_University","Hanseo_University","Hansung_Technical_College","Hansung_University","Hanyang_University","Hapdong_Theological_Seminary","Honam_University","Hongik_University","Hoseo_University","Incheon_City_College","Information_and_Communications_University","Inha_University","Inje_University","International_Design_School_for_Advanced_Studies","International_Graduate_School_of_English","International_Graduate_University_for_Peace","Jecheon_Polytechnic_College","Jeju_College_of_Technology","Jeonbuk_Polytechnic_College","Jeonju_Kijeon_Women's_College","Jeonju_National_University_of_Education","Jeonju_Technical_College","Jeonju_University","Jinju_National_University","Joongbu_University","Juseong_College","KDI_School_of_Public_Policy_and_Management","Kangnam_University","Kangnung_National_University","Kangwon_National_University","Kaya_University","Kaywon_School_of_Art_and_Design","Keimyung_University","Kimpo_College","Kongju_Communication_Arts_College","Kongju_National_University","Konkuk_University","Konyang_University","Kookmin_University","Korea_Advanced_Institute_of_Science_and_Technology","Korea_Air_Force_Academy","Korea_Maritime_University","Korea_Military_Academy","Korea_National_Open_University","Korea_National_Police_University","Korea_National_University_of_Arts","Korea_Nazarene_University","Korea_Polytechnic_University","Korea_Textile_and_Fashion_Institute","Korea_University","Korea_University_of_Technology_and_Education","Korean_National_University_of_Cultural_Heritage","Korean_National_University_of_Education","Kosin_University","Kumoh_National_Institute_of_Technology","Kunsan_National_University","Kwandong_University","Kwangju_Health_College","Kwangju_Institute_of_Science_and_Technology","Kwangju_Polytechnic_College","Kwangwoon_University","Kyonggi_University","Kyung_Hee_University","Kyungdong_University","Kyungil_University","Kyungnam_University","Kyungpook_National_University","Kyungsung_University","Kyungwon_University","Kyungwoon_University","Methodist_Theological_Seminary","Miryang_National_University","Mokpo_National_Maritime_University","Mokpo_National_University","Mokwon_University","Myongji_University","Namseoul_University","National","Paichai_University","Pohang_University_of_Science_and_Technology","Presbyterian_College_and_Theological_Seminary","Pukyong_National_University","Pusan_National_University","Pusan_University_of_Foreign_Studies","Pyongtaek_University","Sahmyook_University","Samcheok_National_University","Sangji_University","Sangmyung_University","Sejong_University","Semyung_University","Seokyeong_University","Seoul-Jeongsu_Polytechnic_College","Seoul_National_University","Seoul_National_University_of_Education","Seoul_National_University_of_Technology","Seoul_Sports_Graduate_University","Seoul_Theological_University","Seoul_Women's_University","Seowon_University","Shingu_College","Silla_University","Sogang_University","Sookmyung_Women's_University","Soonchunhyang_University","Soongsil_University","Suncheon_First_College","Sunchon_National_University","SungKongHoe_University","Sungkyul_University","Sungkyunkwan_University","Sungshin_Women's_University","Sunmoon_University","Suwon_Women's_College","Transnational_Law_and_Business_University","Uiduk_University","University_of_Incheon","University_of_Seoul","University_of_Suwon","University_of_Ulsan","Westminster_Graduate_School_of_Theology","Wonkwang_University","Woosong_University","Yeungjin_Junior_College","Yeungnam_University","Yewon_Arts_University","Yonsei_University","Youngsan_University","Yuhan_College","Sri_Lanka","Taiwan","National","Private","Thailand","Ayutthaya","Bangkok","Chiang_Mai","Chon_Buri","International_Programs","Khon_Kaen","Maha_Sarakham","Nakhon_Nayok","Nakhon_Pathom","Nakhon_Ratchasima","Nakhon_Sawan","Nakhon_Si_Thammarat","Nong_Khai","Pathum_Thani","Phetchaburi","Phitsanulok","Rajamangala_University_of_Technology","Songkhla","Ubon_Ratchathani","Udon_Thani","Uzbekistan","Vietnam","Vietnam_National_University","Cambodia","Caribbean","Jamaica","Northern_Caribbean_University","Puerto_Rico","University_of_Puerto_Rico","US_Virgin_Islands","Central_America","Belize","Central_America_Health_Sciences_University","Galen_University","Sacred_Heart_Junior_College","St._John's_Junior_College","St._Luke's_University","University_of_Belize","Costa_Rica","CATIE_Centro_Agronomica_Tropical","Earth_University","Esepa_Seminary","INCAE","Instituto_Tecnologico_de_Costa_Rica","Inter-American_Institute_of_Human_Rights","Latin_American_Biblical_University","Organization_for_Tropical_Studies","Universidad_Latina_de_Costa_Rica","Universidad_Nacional","Universidad_Veritas","Universidad_de_Costa_Rica","Universidad_del_Diseño","University_for_Peace","El_Salvador","Guatemala","Francisco_Marroquin_University","Universidad_de_San_Carlos","Honduras","Universidad_Tecnológica_de_Honduras","Universidad_de_San_Pedro_Sula","Zamorano","Nicaragua","Ave_Maria_College_of_the_Americas","Panama","Florida_State_University_Panama","Smithsonian_Tropical_Research_Institute","Universidad_Tecnologica_de_Panama","College_Life","Magazines_and_E-zines","On-Campus","School_Cams","Student_Information_and_Services","Professor_Ratings","Weblogs","Directories","Business_School","Graduate_School","Law_School","Medical_School","Educators","Academic_Job_Search","Online_Course_Notes","Organizations","Publications","Teaching_Centers","Teaching_Portfolio","Teaching_Tools","Europe","Academic_Departments","Law","Veterinary_Medicine","Facultés_Universitaires_Notre-Dame_la_Paix","Veliko_Tarnovo","American_College_of_Management_and_Technology","Czech_Republic","Charles_University","Masaryk_University","Estonia","Academic_Departments","Finland","Academy_of_Fine_Arts","Germany","Baden-Württemberg","Bavaria","Berlin","Brandenburg","Bremen","Hamburg","Hesse","Lower_Saxony","North_Rhine-Westphalia","Rhineland-Palatinate","Saarland","Saxony","Saxony-Anhalt","Schleswig-Holstein","Greece","Ireland","Dublin_Institute_of_Technology","Griffith_College","Trinity_College_Dublin","University_College_Cork","University_of_Limerick","Waterford_Institute_of_Technology","Pontifical_Biblical_Institute","Pontifical_University_of_the_Holy_Cross","University_of_Milan","Venice_International_University","Riga_Technical_University","Internationale_Akademie_für_Philosophie","Saints_Cyril_and_Methodius_University","Saint_Clement_of_Ohrid_University","Goce_Delcev_University_of_Stip","University_of_Malta","Academy_of_Economic_Studies_of_Moldova","HAN_University","Portuguese_Catholic_University","Romania","Academic_Departments","Russia","Academy_of_State_Fire_Service","Bauman_Moscow_State_Technical_University","European_University_at_Saint_Petersburg","Finance_Academy_under_the_Government_of_the_Russian_Federation","Herzen_State_Pedagogical_University_of_Russia","I.M._Sechenov_Moscow_Medical_Academy","Institute_of_International_Trade_and_Law","International_Banking_Institute","Irkutsk_State_Technical_University","Ivanovo_State_University","Kemerovo_State_University","Khabarovsk_State_University_of_Technology","Mendeleyev_University_of_Chemical_Technology","Modern_University_for_the_Humanities","Moscow_Architectural_Institute_-_State_Academy","Moscow_Institute_of_Foreign_Languages","Moscow_Institute_of_Physics_and_Technology","Moscow_State_Automobile_and_Road_Technical_University","Moscow_State_Aviation_Institute_-_University_of_Aerospace_Technology","Moscow_State_Engineering_Physics_Institute_-_Technical_University","Moscow_State_Forestry_University","Moscow_State_Institute_of_International_Relations_-_MGIMO-University","Moscow_State_Technological_University_'Stankin'","Moscow_State_University_of_Culture_and_Arts","Moscow_State_University_of_Economics,_Statistics_and_Informatics","Moscow_Technical_University_of_Communications_and_Informatics","Perm_State_University","Petrozavodsk_State_University","Plekhanov_Russian_Academy_of_Economics","Pomor_State_University","Russian_Academy_of_Entrepreneurship","Russian_State_Medical_University","Russian_State_University_for_the_Humanities","Saint-Petersburg_School_of_Religion_and_Philosophy","Saint_Petersburg_Electrotechnical_University","Saint_Petersburg_Mechnikov_State_Medical_Academy","Saint_Petersburg_State_Theatre_Arts_Academy","Saint_Petersburg_State_University_of_Economics_and_Finance","Samara_State_Aerospace_University","Siberian_State_Technological_University","Southern_Ural_State_University","St._Andrew's_Biblical_Theological_College","The_East-Siberian_State_University_of_Technology","Timiryazev_Agricultural_Academy","Vladivostok_State_University_of_Economics","Yaroslavl_State_University","Saint_Petersburg_State_Polytechnical_University","Saint-Petersburg_State_University_of_Information_Technologies,_Mechanics_and_Optics","University_of_Kragujevac","University_of_Nis","University_of_Novi_Sad","University_of_Subotica","University_of_Navarra","University_of_Zaragoza","Sweden","Blekinge_Institute_of_Technology","Chalmers_University_of_Technology","Swedish_University_of_Agricultural_Sciences","University_College_of_Borås","Uppsala_University","Örebro_University","A","Academic_Departments","B","C","Consultancies_and_Services","D","E","England","F","G","H","I","J","K","L","M","N","Northern_Ireland","O","Open_University","P","Q","R","S","Scotland","T","U","V","W","Wales","X","Y","Z","Faculty_Experts_Directories","Financial_Aid","Calculators","Fee_Services","Scholarships","Graduate_Education","Business_Administration","Graduate_Programs","Guides","Middle_East","Cyprus","Iran","University_of_Tehran","Iraq","Ben_Gurion_University","Jordan","Kuwait","Law","Lebanon","Oman","Palestinian_Territory","Al-Quds_Open_University","Al-Quds_University","An-Najah_National_University","Arab_American_University","Bethlehem_Bible_College","Bethlehem_University","Birzeit_University","College_of_Technology","Hebron_University","Islamic_University_of_Gaza","Palestine_Polytechnic_University","Saudi_Arabia","United_Arab_Emirates","Dubai_Men's_College","Yemen","University_of_Science_and_Technology","North_America","Academic_Departments","British_Columbia","DeVry_University","Campuses","Law","Medicine","Mexico","United_States","A","Alabama","Alaska","Arizona","Arkansas","B","C","California","Colorado","Connecticut","D","Delaware","E","F","Florida","G","Georgia","H","Hawaii","I","Idaho","Illinois","Indiana","Iowa","J","K","Kansas","Kentucky","L","Louisiana","M","Maine","Maryland","Massachusetts","Men's_Colleges","Michigan","Minnesota","Mississippi","Missouri","Montana","N","Nebraska","Nevada","New_Hampshire","New_Jersey","New_Mexico","New_York","North_Carolina","North_Dakota","O","Ohio","Oklahoma","Oregon","P","Pennsylvania","Q","R","Rhode_Island","S","South_Carolina","South_Dakota","T","Tennessee","Texas","Two-Year_Colleges","U","Utah","V","Vermont","Virginia","W","Washington","Washington,_DC","West_Virginia","Wisconsin","Wyoming","X","Y","Z","Veterinary_Medicine","Oceania","Academic_Departments","Law","Veterinary_Medicine","Australian_Capital_Territory","New_South_Wales","Northern_Territory","Queensland","South_Australia","Tasmania","Victoria","Western_Australia","New_Zealand","Polytechnics","Universities","Tonga","South_America","Argentina","Bolivia","Brazil","Chile","Ecuador","Transdisciplinary","Academic_Departments","Publications","Virtual_Tours","Directories","Distance_Learning","Associations","Chats_and_Forums","Conferences","Correspondence_Courses","Languages","Directories","Institutions","Australia","United_Kingdom","United_States","Online_Courses","Designing_and_Printing","E-learning_Portals","Engineering","Further_Education","Healthcare","Kids","MBA","Marketing","Math","Preparatory","Typing","Online_Teaching_and_Learning","E-learning_Companies","Independent_Research","Videoconferencing","Early_Childhood","Magazines_and_E-zines","Mailing_Lists","Organizations","Special_Needs","Subjects","Art","Theory","Language_Arts","Alphabet","Literature","Math","Music","Science","Social_Studies","Educational_Testing","Opposing_Views","Test_Authoring_Firms","Testing_Research","Educators","Academic_Dishonesty","Exchange_Programs","Job_Fairs","Recruiters","How_to_Study","Postgraduate_Research","Instructional_Technology","Course_Website_Software","Evaluation","Web_Site_Evaluation","Hoax_Sites","Higher_Education","Centers","Directories","MUDs_and_MOOs","Organizations","Publications","Organizations","Publications","Weblogs","International_Baccalaureate","Notes_and_Essays","Schools","Africa","Asia","Caribbean","Central_America","Europe","Middle_East","North_America","Oceania","Africa","Botswana","Cameroon","Côte_d'Ivoire","Egypt","Ethiopia","Ghana","Kenya","Malawi","Morocco","Nigeria","Senegal","South_Africa","Tanzania","Togo","Zambia","Asia","Afghanistan","Bangladesh","Cambodia","China","India","Indonesia","Japan","Kazakhstan","Laos","Malaysia","Mongolia","Myanmar","Nepal","Pakistan","Philippines","South_Korea","Sri_Lanka","Taiwan","Thailand","Vietnam","Belgium","Russia","Spain","North_America","Peru","International_Student_Exchange","Programs","High_School","University","Language_Schools","French","Located_in_Italy","Japanese","Projects","Program_Directories","K_through_12","Associations","Bilingual_Education","Language_Schools","Practice","At-Risk_Students","Curriculum","Educators","Lesson_Plans","New_and_Prospective_Teachers","Personal_and_Class_Pages","Elementary","High_School","Middle_School","Professional_Development","Rubrics","Substitute_Teaching","Teaching_Resources","Elementary","High_School","Middle_School","Elementary","Gifted_Education","Curriculum_Differentiation","Laws","Mainstreaming","Parents","Camps","Distance_Learning","Elementary","Secondary","Resources","School_Reform","Gifted_Girls","Profoundly_Gifted","Home_Schooling","Charlotte_Mason","Unit_Studies","Correspondence_Schools","Military","News_and_Media","Asia","Religious","Christian","Jewish","Muslim","Unschooling","Chats_and_Forums","Family_Pages","Magazines_and_E-zines","Private_Schools","Residential","College_Preparatory","Sudbury_Valley_Model","Canada","United_Kingdom","Public_Schools","School_Improvement","Character_First","School_Safety","Labs_and_Experiments","School_Resource_Officers","Supplemental_Funding","Grants","Technology","Activities_and_Lessons","Teacher_Training","Technology_Coordinator","Methods_and_Theories","Instructional_Design","Distance_Learning_and_Training","Learning_Theories","Active_Learning","Aesthetic_Realism","Behaviorism","Brain-Based_Learning","Charter_Schools","Constructivism","Holistic_Education","Cooperative_Education","Experiential_Education","Inquiry_Based_Learning","Chats_and_Forums","Content_Resources","Courses","Curriculum_Resources","Implementation","Instructional_Models","Journals","Organizations","Projects","Service_Learning","Software","Teacher_Inquiry","Learning_Styles","Montessori","Organizations","Subjects","Multiple_Intelligences","Outcome-Based_Education","Problem-Based_Learning","Reggio_Emilia_Approach","Right_Brain_-_Left_Brain_Thinking","Situated_Learning","Transformative_Learning","Waldorf","News_and_Media","Organizations","Bilingual_Education","By_Country","Children's_International_Summer_Villages","Literacy","PTA","Councils","Local_Units","Academic_Papers","Fee_Based","Books","Early_Childhood","Equipment_and_Supplies","Foreign_Languages","English","Software","Spanish","Home_Schooling","K_through_12","Curriculum_Support_Material","Reading","Software","Speed_Reading","Research","Tutoring","Languages","Science","Special_Education","Study_Assistance","Special_Education","Online_Services","Test_Preparation","GCSE","GED","SAT","UK_National_Curriculum_Assessments","Digital_Yearbooks","Special_Education","Conductive_Education","Inclusion","Dyslexia","Personal_Pages","Training_Centers_and_Programs","Research","Organizations","Hearing_Impaired","Manual_Communication","Oral_Communication","Learning_Disabilities","Support","Training","Subjects","Vocational","Subject_Encyclopedias","Free","Regional","Provincial_Flags","United_States","Vexillology","Journals","Arts","Business","Society","Knots","Boating","Decorative","Fishing","Neckties","Scouting","Tyers","Knowledge_Management","Business_and_Companies","Consultants","Case_Studies","Directories","Distributed_Knowledge","Education","Employment","Events","Past","Information_Architecture","Associations_and_Conferences","Books","Business_Intelligence","Business_and_Companies","Software","Digital_Asset_Management","Software_and_Tools","Learning_Organizations","Memory_Improvement","Organizational_Memory","Software","Information_Overload","Effects","Email_Overload","Hypertext","Relevance_Filtering","Knowledge_Creation","Brainstorming","Software","Concept_Mapping","Software","Mind_Mapping","Problem_Solving","Critical_Path_Analysis","Decision_Trees","Root_Cause_Analysis","Articles","Chats_and_Forums","Conferences","Directories","Weblogs","TRIZ","Knowledge_Discovery","Books","Business_and_Companies","Information_Visualization","Projects_and_Research","Publications","Scientific_Visualization","Projects_and_Research","Software","Software","Companies","Magazines_and_E-zines","Organizations","Software","Text_Mining","Collaboration","Business_and_Companies","Software","Communities_of_Practice","Computer_Mediated_Communication","Hoarding_and_Sharing","Knowledge_Markets","Storytelling","Suggestion_Solicitation","Knowledge_Representation","Events","Languages_and_Standards","Published_Ontologies","Software_and_Tools","Tutorials","Publications","Semantic_Web","Topic_Maps","Examples_and_Use_Cases","Forums_and_Mailing_Lists","Software_and_Tools","Specifications_and_Standards","Technical_Papers","Vendors_and_Consultants","Working_Groups_and_Committees","Knowledge_Retrieval","Classification","Organizations","Publications","Articles","Software","Weblogs","Libraries","By_Region","College_and_University","A","B","C","D","E","F","G","H","I","J","K","L","M","N","O","P","Q","R","S","T","Two-Year_College_Libraries","Canada","United_States","California","U","V","W","X","Y","Z","Digital","Directories","Friends_of_the_Library","New_Zealand","United_States","Maryland","Connecticut","Indiana","Kansas","Oklahoma","Maine","Michigan","Mississippi","Tennessee","Wisconsin","Massachusetts","Ohio","Washington","North_Carolina","Pennsylvania","New_York","Texas","Alabama","California","Rhode_Island","Minnesota","Florida","West_Virginia","Arizona","Iowa","Illinois","Oregon","New_Jersey","Missouri","Alaska","Arkansas","Georgia","Colorado","Nevada","New_Mexico","Hawaii","Washington,_DC","Canada","Austria","Australia","New_South_Wales","Queensland","Victoria","South_Australia","England","Netherlands","Germany","Ireland","Government","Government_Documents","Independent","Library_and_Information_Science","Associations","Asia","Europe","United_Kingdom","North_America","Canada","United_States","Oceania","Chats_and_Forums","Mailing_Lists","Conferences","Proceedings","Digital_Library_Development","Conferences","Directories","Employment","Job_Listings","Canada","Resumes","Intellectual_Freedom","Book_Banning","Filtering_Software","USA_PATRIOT_Act","Intellectual_Property","Librarians_in_Society","Librarians","Berman,_Sanford","Ranganathan,_S._R.","Library_History","Carnegie_Libraries","Resource_Sharing","Document_Delivery","Document_Suppliers","OCLC_and_Regional_Networks","Organizations","Software","Standards","Schools","Africa","Courses","Europe","United_Kingdom","Israel","Canada","United_States","Oceania","Software","Collection_Managers","Federated_Searching","Virtual_Reference","Law","Music","Youth-Children","Technical_Services","Cataloguing","Anglo-American_Cataloguing_Rules","Authority_Control","Bibliographic_Utilities","Commercial_Services","Local_Cataloging_Resources","Metadata","Collection_Development","Preservation","Instructional_Materials","Weeding","User_Services","Circulation_Services","Information_Literacy","Library_Instruction","Readers_Advisory","Reference_Services","Virtual_Reference_Desk","Reserves_Services","Tutorials","Weblogs","Collaborative_Weblogs","Organizational_Weblogs","National","Online_Catalogs","Directories","Presidential","George_W._Bush_Presidential_Library","Public","Research","School","Special_Collections","Subject_Specific","Arts","Business","Humanities","Medical","Military","Philately","Science","Biological_and_Environmental_Sciences","Engineering","Physical_and_Chemical_Sciences","Social_Sciences","Area_Studies","Economics","Ethnic_Studies","Labor","Library_and_Information_Science","Psychology","Sports","Theology","Maps","Collecting","Directories","Google_Maps","Historical","Libraries","Trip_Routing","Europe","Museums","Arts_and_Entertainment","Antiquities","Architecture","Art_Museums","Asia","Chinese","Indian","Japanese","Europe","United_Kingdom","Denmark","Netherlands","Finland","France","Germany","Greece","Ireland","Italy","Norway","Russia","Spain","Sweden","Switzerland","Belgium","Caribbean","Contemporary_Art","Asia","Europe","Middle_East","North_America","Oceania","Directories","Middle_East","Oceania","South_America","Brazil","North_America","United_States","Mexico","Canada","Africa","Crafts","Ceramics","Glass","Metals","Paper","Wood","Decorative_Arts","Film_and_Media","Broadcast","Folk_Art","Music","Classical","Instruments","Jazz","Pop","Photography","Textile_and_Costume","Quilting","Theater","Children's_Museums","Europe","Canada","United_States","Alabama","Arizona","California","Colorado","Connecticut","Florida","Georgia","Hawaii","Illinois","Indiana","Iowa","Kansas","Kentucky","Louisiana","Maine","Maryland","Massachusetts","Michigan","Minnesota","Mississippi","Missouri","Montana","Nebraska","Nevada","New_Hampshire","New_Jersey","New_Mexico","New_York","North_Carolina","Ohio","Oregon","Pennsylvania","South_Carolina","Tennessee","Texas","Utah","Virginia","Washington","Washington,_DC","Wisconsin","Cultural","Biographical","Ethnic","African_American","Asian","Latin_American","Native_American","Scandinavian","Occupational","Firefighting","Europe","North_America","Oceania","Religious","Judaism","Holocaust","Directories","History","Asia","Japan","Europe","Denmark","United_Kingdom","Wales","Historic_Houses","Africa","Europe","Denmark","Ireland","United_Kingdom","North_America","Canada","United_States","Oceania","Living_History_and_Open_Air","Europe","United_Kingdom","North_America","Canada","United_States","North_America","Canada","Alberta","British_Columbia","Manitoba","New_Brunswick","Newfoundland_and_Labrador","Northwest_Territories","Nova_Scotia","Ontario","Prince_Edward_Island","Quebec","Saskatchewan","Yukon_Territory","United_States","Alabama","Alaska","Arizona","Arkansas","California","Colorado","Connecticut","Delaware","Florida","Georgia","Hawaii","Idaho","Illinois","Indiana","Iowa","Kansas","Kentucky","Louisiana","Maine","Maryland","Massachusetts","Michigan","Minnesota","Mississippi","Missouri","Montana","Nebraska","Nevada","New_Hampshire","New_Jersey","New_Mexico","New_York","North_Carolina","North_Dakota","Ohio","Oklahoma","Oregon","Pennsylvania","Rhode_Island","South_Carolina","South_Dakota","Tennessee","Texas","Utah","Vermont","Virginia","Washington","Washington,_DC","Wisconsin","Wyoming","Oceania","Women","Military","Asia","Europe","United_Kingdom","North_America","Canada","United_States","Air_Force","Army","Navy","Oceania","Australia","War","US_Civil_War","Museum_Resources","Conservation_and_Preservation","Consultants","Methodology","Documentation_and_Cataloguing","Museum_Collection_Software","Exhibit_Resources","Exhibit_Design","Asia","Europe","North_America","Oceania","Exhibit_Fixtures","Transportation_and_Installation","Traveling_Exhibit_Services","Grants_and_Funding","Museum_Studies_and_Training","Organizations","State_Associations","Recreation_and_Sports","Baseball","Carriage_Driving","Hot_Air_Ballooning","Models_and_Miniatures","Model_Railroad","Numismatics","Stamp_Collecting","Toys","Science","Agriculture","Anthropology","Archaeology","Cyprus","Egyptology","Greece","United_Kingdom","Biology","Earth_Science","Medical","Asia","Europe","North_America","Canada","United_States","Natural_History","Europe","United_Kingdom","North_America","Canada","United_States","Oceania","Physics","Psychology","Technology","Computers","Horology","Industry","Mining","Transportation","Automobiles","Europe","North_America","Canada","United_States","Aviation","Africa","Asia","Europe","Belgium","Denmark","Finland","Netherlands","Russia","Switzerland","United_Kingdom","North_America","Canada","United_States","Oceania","South_America","Buses","Maritime","Africa","Asia","Boats","Caribbean","Europe","Denmark","Finland","Germany","Sweden","United_Kingdom","North_America","Canada","United_States","Oceania","Ships","South_America","Railroad","Africa","Asia","Europe","North_America","Canada","United_States","Oceania","South_America","Virtual","Open_Access_Resources","Parliamentary_Procedure","Quotations","Daily_and_Random","Death_and_Dying","Famous","Inspirational","Personal_Pages","Political","Religion_and_Spirituality","Christianity","Scientific","Search_Engines","Sports","Web_Rings","Wisdom","Thesauri","Thesaurus_Construction","Time","Alternative_Systems","Clocks_and_Watches","Current_Time","Horology","Abbreviations_and_Acronyms","Calendars","Phone_Numbers_and_Addresses","Search_Engines_and_Web_Directories","Prizes","Tables","Standards","Electrical_Engineering","Environmental_Practice","Individual_Standards","BS_15000","BS_5489","BS_6008","BS_8888","HIPERLAN-1","IEC_60601","ISO","ISO_10179","ISO_10303","ISO_10360","ISO_10646","ISO_10744","ISO_12083","ISO_12207","ISO_14048","ISO_15022","ISO_15055","ISO_15056","ISO_15445","ISO_15926","ISO_16949","ISO_17025","ISO_17166","ISO_17878","ISO_19115","ISO_19757","ISO_2014","ISO_2015","ISO_2022","ISO_2146","ISO_28597","ISO_4217","ISO_639","ISO_8178","ISO_8211","ISO_8601","ISO_8859","ISO_8878","ISO_9000","ISO_9001","ISO_9002","ISO_9004","ISO_9613","ISO_9660","ISO_9735","ISO_9899","ISO_TR_11404","MPEG-4","National_Electrical_Code","SOI_TN_94-116","TD-SCDMA","UNSPSC","Weather_Icons","Regional","Standard_Document_Vendors","Units_of_Measurement","Online_Calculators","Application_Notes_and_Data_Sheets","BASIC_Stamp","Chip_Directory","Obsolete_Component_Sources","Receiver_and_Antenna_Theory","Theory_and_Math","Vacuum_Tubes","Wire_Tables","Flags_and_Symbols","Journals","Libraries","Collections","Museums","Europe","United_Kingdom","Islamic_Law","Legal_Research","North_America","Newfoundland_and_Labrador","Northwest_Territories","Nova_Scotia","Ontario","Prince_Edward_Island","Saskatchewan","United_States","Oceania"
