"Libraries","Collections","Curated_Virtual_Exhibitions","History","Glossaries","Papers_and_Reports","FAQs,_Help,_and_Tutorials","Government_Agencies","Online_Databases","Medline","Almanacs","Arts","History","Regional","Science","Agriculture","Sports","Archives","Arts","Film","Personal","Professional_Resources","Regional","Canada","United_Kingdom","Local","United_States","Local","State","Social_History","University","Medical","Ask_an_Expert","Education","For_a_Fee","Homework_Help","Libraries","Medicine_and_Health","Computers_and_Technology","Writing","Science","Math","Bibliography","Biography","A","Aaron","Abbey","Abbot","Abbott","Acker","Acuff","Adam","Adams","Adamson","Adderley","Adkins","Adler","Affleck","Agnew","Akers","Albert","Alberti","Alcott","Alexander","Ali","Allen","Allison","Almond","Amalberga","Ambrose","Amis","Ammann","Amos","Anders","Andersen","Anderson","Andrade","Andre","Andrew","Andrews","Angel","Anne","Anselm","Anthony","Aoki","Appleby","Araki","Archer","Argento","Armstrong","Arne","Arnold","Arora","Arquette","Arthur","Ashley","Ashton","Ashworth","Asner","Astin","Aston","Astor","Atkins","Aubert","Aubin","Audley","Austin","Avery","Ayres","B","Bach","Bachchan","Bachman","Bachmann","Bacon","Baden-Powell","Bagwell","Bailey","Bain","Baines","Baird","Baker","Baldwin","Ball","Ballard","Bamber","Banks","Bantock","Baptista","Barber","Barker","Barlow","Barnes","Barrett","Barrie","Barros","Barry","Barrymore","Barth","Barthelme","Barton","Basil","Bass","Bates","Bauer","Bayley","Beard","Beatrix","Beatty","Beaumont","Becker","Beckford","Beckham","Bedard","Bedi","Beesley","Behr","Bell","Bellamann","Belle","Belloc","Belushi","Benedict","Benjamin","Bennet","Bennett","Benoit","Benson","Berard","Berg","Bergen","Berger","Bergman","Berlin","Bernard","Bernardine","Bernstein","Berry","Bertha","Biel","Bierce","Big","Biggs","Bingham","Bishop","Black","Blackmore","Blair","Blake","Bland","Bloom","Boniface","Bowering","Bowie","Bradley","Brady","Brandon","Braun","Brentano","Breton","Bretton","Brewster","Brian","Brock","Broderick","Bronson","Brontë","Brooks","Brown","Browne","Browning","Bruce","Bruni","Bruno","Buchanan","Buck","Bunker","Burke","Burton","Bush","Butler","Buxton","Caan","Cabot","Caccini","Caesar","Cage","Cahill","Cain","Caine","Cale","Calvin","Cameron","Camp","Campbell","Campion","Canary","Cannon","Cardoso","Carew","Carey","Carlyle","Carman","Carpenter","Carrington","Carter","Cartwright","Caruso","Carver","Cassidy","Cerbone","Chamberlain","Chan","Chaplin","Chapman","Charles","Chase","Cheng","Chesnutt","Cheung","Cho","Chong","Chow","Christensen","Christian","Christie","Chung","Christopher","Churchill","Clark","Clarke","Clay","Clinton","Close","Cochrane","Cody","Cole","Coleman","Collingwood","Collins","Combs","Conrad","Cook","Coolidge","Cooper","Corbett","Corbin","Corr","Cousins","Cox","Crane","Craven","Crawford","Crockett","Crosby","Cross","Cruz","Culkin","Cullen","Cummings","Cunningham","Curtis","Cusack","Damon","Daniel","Darrow","David","Davidson","Davies","Dawson","Day","Dean","Deol","Diamond","Diaz","Dickinson","Dickson","Dillon","Diogenes","Dix","Donahue","Donnelly","Donovan","Dorough","Douglas","Douglass","Dove","Downey","Doyle","Drake","Draper","Drury","Duffy","Duncan","Dunn","Dunne","Duvall","Dyer","d'Abo","Edward","Edwards","Egan","Elizabeth","Elliott","Ellis","Ellison","Emerson","Estes","Estevez","Estrada","Evans","Fabian","Fairbanks","Falkner","Fallon","Farley","Farmer","Farrell","Faulkner","Fehr","Felix","Felton","Ferdinand","Fergus","Ferguson","Fernandez","Field","Fielding","Fields","Fiennes","Fillmore","Fintan","Fisher","Fitzgerald","Flair","Fleming","Fletcher","Floyd","Foley","Fonda","Foote","Forbes","Ford","Forrest","Forster","Forsyth","Foster","Fox","Francis","Franco","Frank","Franklin","Franz","Fraser","Freeman","Frey","Frost","Fry","Frye","Fuller","Funkhouser","Furlong","Fusco","Fedorov","Fleck","Fulton","Gable","Gaines","Gallagher","Gallant","Gandhi","Garcia","Gardner","Garland","Garner","Garrett","Gaynor","Gentry","George","Gertrude","Gibb","Gibson","Gilbert","Gilman","Glenn","Goddard","Goldberg","Goldman","Goldsmith","Gonzalez","Goodman","Gordon","Grant","Graves","Gray","Green","Greene","Gregg","Gregory","Grenville","Grey","Griffin","Grimm","Gross","Gunn","Guthrie","Hacker","Hackett","Hagen","Haggard","Haines","Haldeman","Hall","Hamill","Hamilton","Hamm","Hammond","Hampton","Hannah","Hanover","Hansen","Hanson","Harding","Hardy","Hare","Harlow","Harper","Harrington","Harris","Harrison","Hart","Hartley","Hartman","Hartmann","Harvey","Hawkes","Hawkins","Hayden","Hayes","Haynes","Hearn","Heath","Hecht","Henderson","Henley","Henry","Henson","Hess","Hewitt","Hicks","Hill","Hirsch","Hitchcock","Hodgson","Hoffman","Holden","Holland","Holly","Holmes","Hope","Homer","Hopkins","Hopper","Horner","Howard","Howe","Howell","Hudson","Hugh","Hughes","Humphrey","Hunt","Hurt","Hutchison","Ignatius","Ingram","Innes","Ireland","Irving","Jackson","Jacob","Jacobs","James","Jarrett","Jay","Jefferson","Jennings","Jensen","Jeter","John","Johnson","Jones","Jordan","Joseph","Judd","Kahn","Kane","Kelly","Kennedy","Khan","Kim","King","Knight","Koch","Kurosawa","Lang","Langley","Lawrence","Lee","Leigh","Lessing","Lewis","Lloyd","Long","Lopez","Lowell","Lowry","Lynch","MacArthur","MacDonald","Machel","Maguire","Mann","March","Marsden","Marshall","Martin","Martinez","Mathews","Matthews","May","McCarthy","McDonald","McLean","Merz","Meyer","Michaels","Miller","Mitchell","Monroe","Montgomery","Moore","Morgan","Morris","Morrison","Morse","Morton","Moss","Munro","Murphy","Murray","Nash","Nelson","Ness","Newton","Nicholas","Nichols","Nicholson","Nin","Nixon","Nova","O'Brien","O'Connor","O'Neal","Orozco","Owen","Owens","Pacey","Park","Parker","Parks","Paul","Paulsen","Perry","Peter","Phillips","Pitt","Plantagenet","Powell","Radcliffe","Ray","Raymond","Redgrave","Reed","Reynolds","Rhodes","Rich","Richard","Richards","Richardson","Ritchie","Robert","Roberts","Robertson","Robinson","Rockefeller","Rogers","Rose","Ross","Russell","Ryan","Sabatini","Sachs","Sakamoto","Sanchez","Sanders","Sandys","Sargent","Schmidt","Schneider","Schumacher","Scott","Sharp","Shaw","Shelley","Shepard","Sheppard","Sheridan","Sherman","Shields","Shore","Siegel","Silverman","Simmons","Simon","Simpson","Sinatra","Sinclair","Singer","Singh","Smith","Snow","Spencer","Stamitz","Stanley","Stevens","Stewart","Stone","Strauss","Strong","Stuart","Sutherland","Sadler","Swift","Schinkel","Swanson","Sedaris","Sedin","Summer","Taylor","Teresa","Thomas","Thompson","Thornton","Thorpe","Tucker","Tudor","Turner","Tyler","Urban","Vega","Wagner","Wahlberg","Wainwright","Walker","Wallace","Waller","Walpole","Walsh","Wang","Ward","Ware","Warner","Warren","Warwick","Washington","Waterhouse","Waters","Watson","Watt","Way","Wayans","Weaver","Webb","Weber","Webster","Weiss","Wells","West","Wharton","Whitaker","White","Whitney","Whitworth","Whyte","Wilde","Wilder","William","Williams","Williamson","Willis","Wilson","Windsor","Winter","Winters","Wolfe","Womack","Wong","Wood","Woodcock","Woodward","Wright","Xystus","York","Young","Yves","Zachary","Zamprogna","Zappa","Zeno","Zima","Zimmer","Books","Dictionaries","Acronyms","By_Subject","Aerospace","Application_Specific","Internet_Terms_and_Acronyms","Film","Law","Locksmithing","Medicine","Etymology","Rhyming","Symbols","Directories","Address_and_Phone_Numbers","Mobile_Phone","Asia","Education","Alumni_Directories","Reunions","Colleges_and_Universities","Academic_Departments","Admissions","Counseling_Services","Editing_Services","Graduate_Programs","International_Students","Africa","Algeria","Angola","Benin","Botswana","Burkina_Faso","Burundi","Cameroon","Cape_Verde","Central_African_Republic","Chad","Comoros","Congo","Congo,_Democratic_Republic_of_the","Côte_d'Ivoire","Djibouti","Egypt","Equatorial_Guinea","Eritrea","Ethiopia","Gabon","Gambia","Ghana","Guinea","Guinea_Bissau","Kenya","Law","Lesotho","Liberia","Libya","Madagascar","Malawi","Mali","Mauritania","Mauritius","Morocco","Mozambique","Namibia","Niger","Nigeria","Reunion","Rwanda","Saint_Helena","Sao_Tome_and_Principe","Senegal","Seychelles","Sierra_Leone","Somalia","South_Africa","Sudan","Swaziland","Tanzania","Togo","Tunisia","Uganda","Western_Sahara","Zambia","Zimbabwe","Asia","Armenia","Azerbaijan","Bangladesh","Bhutan","China","Georgia","Hong_Kong","India","Indonesia","Japan","Kyrgyzstan","Law","Malaysia","Medicine","Mongolia","Nepal","Pakistan","Philippines","Singapore","South_Korea","Sri_Lanka","Taiwan","Thailand","Uzbekistan","Vietnam","Cambodia","Caribbean","Jamaica","Puerto_Rico","US_Virgin_Islands","Central_America","Belize","Costa_Rica","El_Salvador","Guatemala","Honduras","Nicaragua","Panama","College_Life","Magazines_and_E-zines","On-Campus","School_Cams","Student_Information_and_Services","Weblogs","Directories","Business_School","Graduate_School","Law_School","Medical_School","Educators","Academic_Job_Search","Online_Course_Notes","Organizations","Publications","Teaching_Centers","Teaching_Portfolio","Teaching_Tools","Europe","Academic_Departments","Czech_Republic","Estonia","Finland","Germany","Greece","Ireland","Romania","Russia","Sweden","Faculty_Experts_Directories","Financial_Aid","Calculators","Fee_Services","Scholarships","Graduate_Education","Business_Administration","Graduate_Programs","Guides","Middle_East","Cyprus","Iran","Iraq","Jordan","Kuwait","Law","Lebanon","Oman","Palestinian_Territory","Saudi_Arabia","United_Arab_Emirates","Yemen","North_America","DeVry_University","Law","Medicine","Mexico","United_States","Veterinary_Medicine","Oceania","Academic_Departments","New_Zealand","Tonga","South_America","Argentina","Bolivia","Brazil","Chile","Ecuador","Transdisciplinary","Academic_Departments","Publications","Virtual_Tours","Directories","Distance_Learning","Associations","Chats_and_Forums","Conferences","Correspondence_Courses","Languages","Directories","Institutions","Australia","United_Kingdom","United_States","Online_Courses","Designing_and_Printing","E-learning_Portals","Engineering","Further_Education","Healthcare","Kids","MBA","Marketing","Math","Preparatory","Typing","Online_Teaching_and_Learning","E-learning_Companies","Independent_Research","Videoconferencing","Early_Childhood","Magazines_and_E-zines","Mailing_Lists","Organizations","Special_Needs","Subjects","Art","Language_Arts","Math","Music","Science","Social_Studies","Educational_Testing","Opposing_Views","Test_Authoring_Firms","Testing_Research","Educators","Academic_Dishonesty","Exchange_Programs","Job_Fairs","Recruiters","How_to_Study","Postgraduate_Research","Instructional_Technology","Course_Website_Software","Evaluation","Web_Site_Evaluation","Higher_Education","Centers","Directories","MUDs_and_MOOs","Organizations","Publications","Organizations","Publications","Weblogs","International_Baccalaureate","Notes_and_Essays","Schools","Africa","Asia","North_America","International_Student_Exchange","Programs","Language_Schools","French","Japanese","Projects","Program_Directories","K_through_12","Associations","Bilingual_Education","Language_Schools","Practice","At-Risk_Students","Curriculum","Educators","Lesson_Plans","New_and_Prospective_Teachers","Personal_and_Class_Pages","Professional_Development","Rubrics","Substitute_Teaching","Teaching_Resources","Elementary","Gifted_Education","Curriculum_Differentiation","Laws","Mainstreaming","Parents","Resources","Home_Schooling","Charlotte_Mason","Military","News_and_Media","Religious","Unschooling","Private_Schools","Residential","Sudbury_Valley_Model","Public_Schools","School_Improvement","School_Safety","Labs_and_Experiments","School_Resource_Officers","Supplemental_Funding","Grants","Technology","Activities_and_Lessons","Teacher_Training","Technology_Coordinator","Methods_and_Theories","Instructional_Design","Distance_Learning_and_Training","Learning_Theories","Active_Learning","Aesthetic_Realism","Behaviorism","Brain-Based_Learning","Charter_Schools","Constructivism","Cooperative_Education","Experiential_Education","Inquiry_Based_Learning","Learning_Styles","Montessori","Multiple_Intelligences","Outcome-Based_Education","Problem-Based_Learning","Reggio_Emilia_Approach","Right_Brain_-_Left_Brain_Thinking","Situated_Learning","Transformative_Learning","Waldorf","News_and_Media","Organizations","Bilingual_Education","By_Country","Children's_International_Summer_Villages","Literacy","PTA","Councils","Local_Units","Academic_Papers","Fee_Based","Books","Early_Childhood","Equipment_and_Supplies","Foreign_Languages","English","Spanish","Home_Schooling","K_through_12","Curriculum_Support_Material","Reading","Software","Speed_Reading","Research","Tutoring","Special_Education","Study_Assistance","Online_Services","Test_Preparation","GCSE","GED","SAT","UK_National_Curriculum_Assessments","Digital_Yearbooks","Special_Education","Conductive_Education","Inclusion","Dyslexia","Organizations","Hearing_Impaired","Learning_Disabilities","Support","Training","Subjects","Vocational","Subject_Encyclopedias","Free","Regional","Provincial_Flags","United_States","Vexillology","Journals","Arts","Business","Society","Knots","Boating","Decorative","Fishing","Neckties","Scouting","Tyers","Knowledge_Management","Business_and_Companies","Consultants","Case_Studies","Directories","Distributed_Knowledge","Education","Employment","Events","Past","Information_Architecture","Associations_and_Conferences","Books","Business_Intelligence","Business_and_Companies","Software","Digital_Asset_Management","Software_and_Tools","Learning_Organizations","Memory_Improvement","Organizational_Memory","Software","Information_Overload","Effects","Email_Overload","Hypertext","Relevance_Filtering","Knowledge_Creation","Brainstorming","Software","Concept_Mapping","Software","Mind_Mapping","Problem_Solving","Critical_Path_Analysis","Decision_Trees","Root_Cause_Analysis","TRIZ","Knowledge_Discovery","Books","Business_and_Companies","Information_Visualization","Projects_and_Research","Publications","Scientific_Visualization","Software","Companies","Magazines_and_E-zines","Organizations","Software","Text_Mining","Collaboration","Business_and_Companies","Software","Communities_of_Practice","Computer_Mediated_Communication","Hoarding_and_Sharing","Knowledge_Markets","Storytelling","Suggestion_Solicitation","Knowledge_Representation","Events","Languages_and_Standards","Published_Ontologies","Software_and_Tools","Tutorials","Publications","Semantic_Web","Topic_Maps","Examples_and_Use_Cases","Forums_and_Mailing_Lists","Software_and_Tools","Specifications_and_Standards","Technical_Papers","Vendors_and_Consultants","Working_Groups_and_Committees","Knowledge_Retrieval","Classification","Organizations","Publications","Articles","Software","Weblogs","Libraries","By_Region","College_and_University","A","B","C","D","E","F","G","H","I","J","K","L","M","N","O","P","Q","R","S","T","Two-Year_College_Libraries","Canada","United_States","U","V","W","X","Y","Z","Digital","Directories","Friends_of_the_Library","New_Zealand","United_States","Maryland","Connecticut","Indiana","Kansas","Oklahoma","Maine","Michigan","Mississippi","Tennessee","Wisconsin","Massachusetts","Ohio","Washington","North_Carolina","Pennsylvania","New_York","Texas","Alabama","California","Rhode_Island","Minnesota","Florida","West_Virginia","Arizona","Iowa","Illinois","Oregon","New_Jersey","Missouri","Alaska","Arkansas","Georgia","Colorado","Nevada","New_Mexico","Hawaii","Washington,_DC","Canada","Austria","Australia","New_South_Wales","Queensland","Victoria","South_Australia","England","Netherlands","Germany","Ireland","Government","Government_Documents","Independent","Library_and_Information_Science","Associations","Asia","Europe","North_America","Oceania","Chats_and_Forums","Mailing_Lists","Conferences","Proceedings","Digital_Library_Development","Conferences","Directories","Employment","Job_Listings","Resumes","Intellectual_Freedom","Book_Banning","Filtering_Software","USA_PATRIOT_Act","Intellectual_Property","Librarians_in_Society","Librarians","Berman,_Sanford","Ranganathan,_S._R.","Library_History","Carnegie_Libraries","Resource_Sharing","Document_Delivery","Schools","Africa","Courses","Europe","Oceania","Software","Collection_Managers","Federated_Searching","Virtual_Reference","Law","Music","Youth-Children","Technical_Services","Cataloguing","Collection_Development","Preservation","Weeding","User_Services","Circulation_Services","Information_Literacy","Library_Instruction","Readers_Advisory","Reference_Services","Reserves_Services","Tutorials","Weblogs","Collaborative_Weblogs","Organizational_Weblogs","National","Online_Catalogs","Directories","Presidential","George_W._Bush_Presidential_Library","Public","Research","School","Special_Collections","Subject_Specific","Arts","Business","Humanities","Medical","Military","Philately","Science","Biological_and_Environmental_Sciences","Engineering","Physical_and_Chemical_Sciences","Social_Sciences","Area_Studies","Economics","Ethnic_Studies","Labor","Library_and_Information_Science","Psychology","Sports","Theology","Maps","Collecting","Directories","Google_Maps","Historical","Libraries","Trip_Routing","Europe","Museums","Arts_and_Entertainment","Antiquities","Architecture","Art_Museums","Asia","Europe","Caribbean","Contemporary_Art","Directories","Middle_East","Oceania","South_America","North_America","Africa","Crafts","Ceramics","Glass","Metals","Paper","Wood","Decorative_Arts","Film_and_Media","Broadcast","Folk_Art","Music","Classical","Instruments","Jazz","Pop","Photography","Textile_and_Costume","Quilting","Theater","Children's_Museums","Europe","Canada","United_States","Cultural","Biographical","Ethnic","African_American","Asian","Latin_American","Native_American","Scandinavian","Occupational","Firefighting","Religious","Judaism","Directories","History","Asia","Japan","Europe","Denmark","United_Kingdom","Historic_Houses","Africa","Europe","North_America","Oceania","Living_History_and_Open_Air","Europe","North_America","North_America","Canada","United_States","Oceania","Women","Military","Asia","Europe","United_Kingdom","North_America","Canada","United_States","Oceania","Australia","War","US_Civil_War","Museum_Resources","Conservation_and_Preservation","Consultants","Methodology","Documentation_and_Cataloguing","Museum_Collection_Software","Exhibit_Resources","Exhibit_Design","Exhibit_Fixtures","Transportation_and_Installation","Traveling_Exhibit_Services","Grants_and_Funding","Museum_Studies_and_Training","Organizations","State_Associations","Recreation_and_Sports","Baseball","Carriage_Driving","Hot_Air_Ballooning","Models_and_Miniatures","Model_Railroad","Numismatics","Stamp_Collecting","Toys","Science","Agriculture","Anthropology","Archaeology","Cyprus","Egyptology","Greece","United_Kingdom","Biology","Earth_Science","Medical","Asia","Europe","North_America","Natural_History","Europe","North_America","Oceania","Physics","Psychology","Technology","Computers","Horology","Industry","Transportation","Automobiles","Europe","North_America","Aviation","Africa","Asia","Europe","North_America","Oceania","South_America","Buses","Maritime","Africa","Asia","Boats","Caribbean","Europe","North_America","Oceania","Ships","South_America","Railroad","Africa","Asia","Europe","North_America","Oceania","South_America","Virtual","Open_Access_Resources","Parliamentary_Procedure","Quotations","Daily_and_Random","Death_and_Dying","Famous","Inspirational","Personal_Pages","Political","Religion_and_Spirituality","Christianity","Scientific","Search_Engines","Sports","Web_Rings","Wisdom","Thesauri","Thesaurus_Construction","Time","Alternative_Systems","Clocks_and_Watches","Current_Time","Horology","Prizes","Tables","Standards","Electrical_Engineering","Environmental_Practice","Individual_Standards","HIPERLAN-1","ISO","MPEG-4","National_Electrical_Code","SOI_TN_94-116","TD-SCDMA","UNSPSC","Weather_Icons","Regional","Standard_Document_Vendors","Units_of_Measurement","Online_Calculators","Application_Notes_and_Data_Sheets","BASIC_Stamp","Chip_Directory","Obsolete_Component_Sources","Receiver_and_Antenna_Theory","Theory_and_Math","Vacuum_Tubes","Wire_Tables","Flags_and_Symbols","Journals","Libraries","Collections","Museums","Europe","United_Kingdom","Islamic_Law","Legal_Research","North_America","United_States","Oceania"
