"Libraries","Collections","Curated_Virtual_Exhibitions","History","Phone_Directories","Glossaries","Papers_and_Reports","FAQs,_Help,_and_Tutorials","Cheat_Sheets","Specifications","Government_Agencies","Online_Databases","Medline","Help_and_Tutorials","Almanacs","Arts","History","Regional","Science","Agriculture","Sports","Archives","Arts","Film","Personal","Professional_Resources","Regional","Canada","United_Kingdom","Local","United_States","Local","State","Social_History","University","Medical","Ask_an_Expert","Education","For_a_Fee","Homework_Help","Libraries","Medicine_and_Health","Computers_and_Technology","Writing","Science","Math","Bibliography","Biography","A","Aaron","Abbey","Abbot","Abbott","Acker","Acuff","Adam","Adams","Adamson","Adderley","Adkins","Adler","Affleck","Agnew","Akers","Albert","Alberti","Alcott","Alexander","Ali","Allen","Allison","Almond","Amalberga","Ambrose","Amis","Ammann","Amos","Anders","Andersen","Anderson","Andrade","Andre","Andrew","Andrews","Angel","Anne","Anselm","Anthony","Aoki","Appleby","Araki","Archer","Argento","Armstrong","Arne","Arnold","Arora","Arquette","Arthur","Ashley","Ashton","Ashworth","Asner","Astin","Aston","Astor","Atkins","Aubert","Aubin","Audley","Austin","Avery","Ayres","B","Bach","Bachchan","Bachman","Bachmann","Bacon","Baden-Powell","Bagwell","Bailey","Bain","Baines","Baird","Baker","Baldwin","Ball","Ballard","Bamber","Banks","Bantock","Baptista","Barber","Barker","Barlow","Barnes","Barrett","Barrie","Barros","Barry","Barrymore","Barth","Barthelme","Barton","Basil","Bass","Bates","Bauer","Bayley","Beard","Beatrix","Beatty","Beaumont","Becker","Beckford","Beckham","Bedard","Bedi","Beesley","Behr","Bell","Bellamann","Belle","Belloc","Belushi","Benedict","Benjamin","Bennet","Bennett","Benoit","Benson","Berard","Berg","Bergen","Berger","Bergman","Berlin","Bernard","Bernardine","Bernstein","Berry","Bertha","Biel","Bierce","Big","Biggs","Bingham","Bishop","Black","Blackmore","Blair","Blake","Bland","Bloom","Boniface","Bowering","Bowie","Bradley","Brady","Brandon","Braun","Brentano","Breton","Bretton","Brewster","Brian","Brock","Broderick","Bronson","Brontë","Brooks","Brown","Browne","Browning","Bruce","Bruni","Bruno","Buchanan","Buck","Bunker","Burke","Burton","Bush","Butler","Buxton","Caan","Cabot","Caccini","Caesar","Cage","Cahill","Cain","Caine","Cale","Calvin","Cameron","Camp","Campbell","Campion","Canary","Cannon","Cardoso","Carew","Carey","Carlyle","Carman","Carpenter","Carrington","Carter","Cartwright","Caruso","Carver","Cassidy","Cerbone","Chamberlain","Chan","Chaplin","Chapman","Charles","Chase","Cheng","Chesnutt","Cheung","Cho","Chong","Chow","Christensen","Christian","Christie","Chung","Christopher","Churchill","Clark","Clarke","Clay","Clinton","Close","Cochrane","Cody","Cole","Coleman","Collingwood","Collins","Combs","Conrad","Cook","Coolidge","Cooper","Corbett","Corbin","Corr","Cousins","Cox","Crane","Craven","Crawford","Crockett","Crosby","Cross","Cruz","Culkin","Cullen","Cummings","Cunningham","Curtis","Cusack","Damon","Daniel","Darrow","David","Davidson","Davies","Dawson","Day","Dean","Deol","Diamond","Diaz","Dickinson","Dickson","Dillon","Diogenes","Dix","Donahue","Donnelly","Donovan","Dorough","Douglas","Douglass","Dove","Downey","Doyle","Drake","Draper","Drury","Duffy","Duncan","Dunn","Dunne","Duvall","Dyer","d'Abo","Edward","Edwards","Egan","Elizabeth","Elliott","Ellis","Ellison","Emerson","Estes","Estevez","Estrada","Evans","Fabian","Fairbanks","Falkner","Fallon","Farley","Farmer","Farrell","Faulkner","Fehr","Felix","Felton","Ferdinand","Fergus","Ferguson","Fernandez","Field","Fielding","Fields","Fiennes","Fillmore","Fintan","Fisher","Fitzgerald","Flair","Fleming","Fletcher","Floyd","Foley","Fonda","Foote","Forbes","Ford","Forrest","Forster","Forsyth","Foster","Fox","Francis","Franco","Frank","Franklin","Franz","Fraser","Freeman","Frey","Frost","Fry","Frye","Fuller","Funkhouser","Furlong","Fusco","Fedorov","Fleck","Fulton","Gable","Gaines","Gallagher","Gallant","Gandhi","Garcia","Gardner","Garland","Garner","Garrett","Gaynor","Gentry","George","Gertrude","Gibb","Gibson","Gilbert","Gilman","Glenn","Goddard","Goldberg","Goldman","Goldsmith","Gonzalez","Goodman","Gordon","Grant","Graves","Gray","Green","Greene","Gregg","Gregory","Grenville","Grey","Griffin","Grimm","Gross","Gunn","Guthrie","Hacker","Hackett","Hagen","Haggard","Haines","Haldeman","Hall","Hamill","Hamilton","Hamm","Hammond","Hampton","Hannah","Hanover","Hansen","Hanson","Harding","Hardy","Hare","Harlow","Harper","Harrington","Harris","Harrison","Hart","Hartley","Hartman","Hartmann","Harvey","Hawkes","Hawkins","Hayden","Hayes","Haynes","Hearn","Heath","Hecht","Henderson","Henley","Henry","Henson","Hess","Hewitt","Hicks","Hill","Hirsch","Hitchcock","Hodgson","Hoffman","Holden","Holland","Holly","Holmes","Hope","Homer","Hopkins","Hopper","Horner","Howard","Howe","Howell","Hudson","Hugh","Hughes","Humphrey","Hunt","Hurt","Hutchison","Ignatius","Ingram","Innes","Ireland","Irving","Jackson","Jacob","Jacobs","James","Jarrett","Jay","Jefferson","Jennings","Jensen","Jeter","John","Johnson","Jones","Jordan","Joseph","Judd","Kahn","Kane","Kelly","Kennedy","Khan","Kim","King","Knight","Koch","Kurosawa","Lang","Langley","Lawrence","Lee","Leigh","Lessing","Lewis","Lloyd","Long","Lopez","Lowell","Lowry","Lynch","MacArthur","MacDonald","Machel","Maguire","Mann","March","Marsden","Marshall","Martin","Martinez","Mathews","Matthews","May","McCarthy","McDonald","McLean","Merz","Meyer","Michaels","Miller","Mitchell","Monroe","Montgomery","Moore","Morgan","Morris","Morrison","Morse","Morton","Moss","Munro","Murphy","Murray","Nash","Nelson","Ness","Newton","Nicholas","Nichols","Nicholson","Nin","Nixon","Nova","O'Brien","O'Connor","O'Neal","Orozco","Owen","Owens","Pacey","Park","Parker","Parks","Paul","Paulsen","Perry","Peter","Phillips","Pitt","Plantagenet","Powell","Radcliffe","Ray","Raymond","Redgrave","Reed","Reynolds","Rhodes","Rich","Richard","Richards","Richardson","Ritchie","Robert","Roberts","Robertson","Robinson","Rockefeller","Rogers","Rose","Ross","Russell","Ryan","Sabatini","Sachs","Sakamoto","Sanchez","Sanders","Sandys","Sargent","Schmidt","Schneider","Schumacher","Scott","Sharp","Shaw","Shelley","Shepard","Sheppard","Sheridan","Sherman","Shields","Shore","Siegel","Silverman","Simmons","Simon","Simpson","Sinatra","Sinclair","Singer","Singh","Smith","Snow","Spencer","Stamitz","Stanley","Stevens","Stewart","Stone","Strauss","Strong","Stuart","Sutherland","Sadler","Swift","Schinkel","Swanson","Sedaris","Sedin","Summer","Taylor","Teresa","Thomas","Thompson","Thornton","Thorpe","Tucker","Tudor","Turner","Tyler","Urban","Vega","Wagner","Wahlberg","Wainwright","Walker","Wallace","Waller","Walpole","Walsh","Wang","Ward","Ware","Warner","Warren","Warwick","Washington","Waterhouse","Waters","Watson","Watt","Way","Wayans","Weaver","Webb","Weber","Webster","Weiss","Wells","West","Wharton","Whitaker","White","Whitney","Whitworth","Whyte","Wilde","Wilder","William","Williams","Williamson","Willis","Wilson","Windsor","Winter","Winters","Wolfe","Womack","Wong","Wood","Woodcock","Woodward","Wright","Xystus","York","Young","Yves","Zachary","Zamprogna","Zappa","Zeno","Zima","Zimmer","Books","Dictionaries","Acronyms","By_Subject","Aerospace","Application_Specific","Internet_Terms_and_Acronyms","Film","Law","Locksmithing","Medicine","Etymology","Rhyming","Symbols","Directories","Address_and_Phone_Numbers","Mobile_Phone","Asia","Education","Alumni_Directories","Reunions","Colleges_and_Universities","Academic_Departments","Admissions","Counseling_Services","Editing_Services","Graduate_Programs","International_Students","Africa","Algeria","Angola","Benin","Botswana","Burkina_Faso","Burundi","Cameroon","Cape_Verde","Central_African_Republic","Chad","Comoros","Congo","Congo,_Democratic_Republic_of_the","American_University_of_Kinshasha","Côte_d'Ivoire","Djibouti","Egypt","Cairo_University","Equatorial_Guinea","Eritrea","Ethiopia","Addis_Ababa_University","Gabon","Gambia","Ghana","Ashesi_University_College","Kwame_Nkrumah_University_of_Science_and_Technology","St._Luke_School_of_Medicine_at_Cape_Coast","University_of_Cape_Coast","University_of_Ghana","Valley_View_University","Guinea","Guinea_Bissau","Kenya","Africa_Nazarene_University","Catholic_University_of_Eastern_Africa","Egerton_University","Kenyatta_University","Maryknoll_Institute_of_African_Studies","Moi_University","Strathmore_University","University_of_Eastern_Africa","University_of_Nairobi","Law","Lesotho","Liberia","Libya","Madagascar","Malawi","Mali","Mauritania","Mauritius","Morocco","Mozambique","Namibia","Niger","Nigeria","Reunion","Rwanda","Saint_Helena","Sao_Tome_and_Principe","Senegal","Seychelles","Sierra_Leone","Somalia","South_Africa","Cape_Technikon","Central_University_of_Technology,_Free_State","Mangosuthu_Technikon","Nelson_Mandela_Metropolitan_University","Potchefstroom_University","Rhodes_University","Clubs_and_Societies","South_African_Theological_Seminary","University_of_Johannesburg","University_of_Cape_Town","University_of_Fort_Hare","University_of_Natal","University_of_North_West","University_of_Pretoria","University_of_South_Africa","University_of_Stellenbosch","University_of_Venda","University_of_Zululand","University_of_the_Orange_Free_State","University_of_the_Western_Cape","University_of_the_Witwatersrand","Vaal_Triangle_Technikon","Durban_University_of_Technology","Cape_Peninsula_University_of_Technology","Sudan","Swaziland","Tanzania","University_of_Dar_es_Salaam","Togo","Tunisia","Uganda","Makerere_University","Mbarara_University_of_Science_and_Technology","Ndejje_University","Uganda_Christian_University","Uganda_Martyrs_University","Western_Sahara","Zambia","Zimbabwe","Africa_University","Midlands_State_University","National_University_of_Science_and_Technology","Scientific_and_Industrial_Research_and_Development_Centre","University_of_Zimbabwe","Zimbabwe_College_of_Music","Asia","Armenia","Azerbaijan","Bangladesh","Bhutan","China","Georgia","Hong_Kong","India","Andhra_Pradesh","International_Institute_of_Information_Technology","Jawaharlal_Nehru_Technological_University","Osmania_University","Arts_and_Science","Arunachal_Pradesh","Assam","Gauhati_University","Indian_Institute_of_Technology_-_Guwahati","Chandigarh","Panjab_University","Chhattisgarh","Delhi","All_India_Institute_of_Medical_Sciences","Jawaharlal_Nehru_University","Engineering","Gujarat","AES_Post-Graduate_Institute_of_Business_Management","Bhavnagar_University","Dhirubhai_Ambani_Institute_of_Information_and_Communication_Technology","Entrepreneurship_Development_Institute_of_India_-_Ahmedabad","Government_Engineering_College","Gujarat_University","H.K._Arts_College,_Ahmedabad","H.L._College_of_Commerce","Indian_Institute_of_Management,_Ahmedabad","L.D._College_of_Engineering","Maharaja_Sayajirao_University","Nirma_University_of_Science_and_Technology","North_Gujarat_University","Saurashtra_University","Smt._N._H._L._Municipal_Medical_College","Som-Lalit_Education_and_Research_Foundation","South_Gujarat_University","Kurukshetra_University","National_Dairy_Research_Institute","Jharkhand","Birla_Institute_of_Technology,_Mesra","Manipal_Academy_of_Higher_Education","Kerala","Alumni","Engineering_Colleges","Medical_Colleges","Universities","Law","Madhya_Pradesh","Maharashtra","Armed_Forces_Medical_College","Management","Medical","Punjab_Agricultural_University","Punjabi_University","Birla_Institute_of_Technology_and_Science","National_Law_University,_Jodhpur","Tamil_Nadu","Annamalai_University","K.L.N._Institutions","Tripura","Universities","University_of_Calcutta","Bengal_Engineering_and_Science_University,_Shibpur","Indonesia","Colleges","Institutes","Universities","Brawijaya_University","University_of_Indonesia","Japan","National","Prefectural","Private","Aichi","Nagoya","Akita","Chiba","Aomori","Ehime","Fukui","Fukuoka","Fukushima","Gifu","Gunma","Hiroshima","Hyogo","Kobe","Hokkaido","Ibaraki","Tsukuba","Iwate","Ishikawa","Kagawa","Kagoshima","Kanagawa","Kochi","Kumamoto","Kyoto","Mie","Miyazaki","Miyagi","Nagano","Nagasaki","Nara","Niigata","Oita","Okayama","Okinawa","Osaka","Saga","Saitama","Shiga","Shimane","Shizuoka","Tochigi","Tokushima","Tokyo","Toyama","Wakayama","Yamagata","Yamaguchi","Yamanashi","Kyrgyzstan","Law","Malaysia","Universiti_Kebangsaan_Malaysia","Medicine","Mongolia","Nepal","Pakistan","Computer_Science","Engineering","Management","Medical","Chats_and_Forums","Textile","Philippines","Mountain_View_College","Adamson_University","Singapore","Nanyang_Technological_University","National_University_of_Singapore","Accommodation_and_Campuses","Administration_and_Offices","Design_and_Environment","Libraries_and_Museums","Medicine","Publications_and_Media","South_Korea","Ajou_University","Andong_National_University","Ansan_College_of_Technology","Anyang_University","Asia_United_Theological_University","Berea_University_of_Graduate_Studies","Busan_National_University_of_Education","Capital_Baptist_Theological_Seminary","Catholic_University_of_Daegu","Catholic_University_of_Korea","Changwon_National_University","Cheju_National_University","Cheonan_College_of_Foreign_Studies","Cheonan_University","Cheonan_Yonam_College","Cheongju_National_University_of_Education","Chodang_University","Chongju_University","Chongshin_University","Chonnam_National_University","Chosun_University","Chugye_University_for_the_Arts","Chuncheon_National_University_of_Education","Chung-Ang_University","Chung_Cheong_College","Chungbuk_National_University","Chungbuk_Provincial_University_of_Science_and_Technology","Chungnam_National_University","Chungwoon_University","Daegu_Haany_University","Daegu_National_University_of_Education","Daegu_University","Daejin_University","Daekyeung_College","Daewon_Science_College","Dankook_University","Dong-A_University","Dong-Ah_Broadcasting_College","Dong-eui_University","Dong_Seoul_College","Dongguk_University","Donghae_University","Dongseo_University","Dongshin_University","Dongyang_University","Doowon_Technical_College","Duksung_Women's_University","Ewha_Womans_University","Gimcheon_College","Gongju_National_University_of_Education","Gumi_Polytechnic_College","Gyeongju_University","Gwangju_University","Gyeongin_National_University_of_Education","Gyeongsang_National_University","Hallym_University","Hanbat_National_University","Handong_Global_University","Hankuk_Aviation_University","Hankyong_National_University","Hannam_University","Hansei_University","Hanseo_University","Hansung_Technical_College","Hansung_University","Hanyang_University","Hapdong_Theological_Seminary","Honam_University","Hongik_University","Hoseo_University","Incheon_City_College","Information_and_Communications_University","Inha_University","Inje_University","International_Design_School_for_Advanced_Studies","International_Graduate_School_of_English","International_Graduate_University_for_Peace","Jecheon_Polytechnic_College","Jeju_College_of_Technology","Jeonbuk_Polytechnic_College","Jeonju_Kijeon_Women's_College","Jeonju_National_University_of_Education","Jeonju_Technical_College","Jeonju_University","Jinju_National_University","Joongbu_University","Juseong_College","KDI_School_of_Public_Policy_and_Management","Kangnam_University","Kangnung_National_University","Kangwon_National_University","Kaya_University","Kaywon_School_of_Art_and_Design","Keimyung_University","Kimpo_College","Kongju_Communication_Arts_College","Kongju_National_University","Konkuk_University","Konyang_University","Kookmin_University","Korea_Advanced_Institute_of_Science_and_Technology","Korea_Air_Force_Academy","Korea_Maritime_University","Korea_Military_Academy","Korea_National_Open_University","Korea_National_Police_University","Korea_National_University_of_Arts","Korea_Nazarene_University","Korea_Polytechnic_University","Korea_Textile_and_Fashion_Institute","Korea_University","Korea_University_of_Technology_and_Education","Korean_National_University_of_Cultural_Heritage","Korean_National_University_of_Education","Kosin_University","Kumoh_National_Institute_of_Technology","Kunsan_National_University","Kwandong_University","Kwangju_Health_College","Kwangju_Institute_of_Science_and_Technology","Kwangju_Polytechnic_College","Kwangwoon_University","Kyonggi_University","Kyung_Hee_University","Kyungdong_University","Kyungil_University","Kyungnam_University","Kyungpook_National_University","Kyungsung_University","Kyungwon_University","Kyungwoon_University","Methodist_Theological_Seminary","Miryang_National_University","Mokpo_National_Maritime_University","Mokpo_National_University","Mokwon_University","Myongji_University","Namseoul_University","National","Paichai_University","Pohang_University_of_Science_and_Technology","Presbyterian_College_and_Theological_Seminary","Pukyong_National_University","Pusan_National_University","Pusan_University_of_Foreign_Studies","Pyongtaek_University","Sahmyook_University","Samcheok_National_University","Sangji_University","Sangmyung_University","Sejong_University","Semyung_University","Seokyeong_University","Seoul-Jeongsu_Polytechnic_College","Seoul_National_University","Seoul_National_University_of_Education","Seoul_National_University_of_Technology","Seoul_Sports_Graduate_University","Seoul_Theological_University","Seoul_Women's_University","Seowon_University","Shingu_College","Silla_University","Sogang_University","Sookmyung_Women's_University","Soonchunhyang_University","Soongsil_University","Suncheon_First_College","Sunchon_National_University","SungKongHoe_University","Sungkyul_University","Sungkyunkwan_University","Sungshin_Women's_University","Sunmoon_University","Suwon_Women's_College","Transnational_Law_and_Business_University","Uiduk_University","University_of_Incheon","University_of_Seoul","University_of_Suwon","University_of_Ulsan","Westminster_Graduate_School_of_Theology","Wonkwang_University","Woosong_University","Yeungjin_Junior_College","Yeungnam_University","Yewon_Arts_University","Yonsei_University","Youngsan_University","Yuhan_College","Sri_Lanka","Taiwan","National","National_Chiao_Tung_University","Private","Thailand","Ayutthaya","Bangkok","Assumption_University","Bangkok_University","Chulalongkorn_University","Kasetsart_University","King_Mongkut's_Institute_of_Technology_Ladkrabang","King_Mongkut's_University_of_Technology_Thonburi","Mahidol_University","National_Institute_of_Development_Administration","Ramkhamhaeng_University","Thammasat_University","Chiang_Mai","Chiang_Mai_University","Chon_Buri","Asian_University_of_Science_and_Technology","International_Programs","Khon_Kaen","Maha_Sarakham","Mahasarakham_University","Nakhon_Nayok","Nakhon_Pathom","Nakhon_Ratchasima","Suranaree_University_of_Technology","Nakhon_Sawan","Nakhon_Si_Thammarat","Nong_Khai","Pathum_Thani","Asian_Institute_of_Technology","Rangsit_University","Shinawatra_University","Sirindhorn_International_Institute_of_Technology","Phetchaburi","Phitsanulok","Rajamangala_University_of_Technology","Songkhla","Prince_of_Songkla_University","Ubon_Ratchathani","Udon_Thani","Uzbekistan","Vietnam","Vietnam_National_University","Cambodia","Caribbean","Jamaica","Northern_Caribbean_University","Puerto_Rico","University_of_Puerto_Rico","US_Virgin_Islands","Central_America","Belize","Central_America_Health_Sciences_University","Galen_University","Sacred_Heart_Junior_College","St._John's_Junior_College","St._Luke's_University","University_of_Belize","Costa_Rica","CATIE_Centro_Agronomica_Tropical","Earth_University","Esepa_Seminary","INCAE","Instituto_Tecnologico_de_Costa_Rica","Inter-American_Institute_of_Human_Rights","Latin_American_Biblical_University","Organization_for_Tropical_Studies","Universidad_Latina_de_Costa_Rica","Universidad_Nacional","Universidad_Veritas","Universidad_de_Costa_Rica","Universidad_del_Diseño","University_for_Peace","El_Salvador","Guatemala","Francisco_Marroquin_University","Universidad_de_San_Carlos","Honduras","Universidad_Tecnológica_de_Honduras","Universidad_de_San_Pedro_Sula","Zamorano","Nicaragua","Ave_Maria_College_of_the_Americas","Panama","Florida_State_University_Panama","Smithsonian_Tropical_Research_Institute","Universidad_Tecnologica_de_Panama","College_Life","Magazines_and_E-zines","On-Campus","School_Cams","Student_Information_and_Services","Professor_Ratings","Weblogs","Directories","Business_School","Graduate_School","Law_School","Medical_School","Educators","Academic_Job_Search","Online_Course_Notes","Organizations","Publications","Teaching_Centers","Teaching_Portfolio","Teaching_Tools","Europe","Academic_Departments","Law","Veterinary_Medicine","Facultés_Universitaires_Notre-Dame_la_Paix","Universitaire_Faculteiten_Sint-Ignatius_te_Antwerpen","Veliko_Tarnovo","American_College_of_Management_and_Technology","Czech_Republic","Charles_University","Masaryk_University","Estonia","Academic_Departments","Finland","Academy_of_Fine_Arts","Germany","Baden-Württemberg","Fachhochschule_Aalen_-_University_of_Applied_Sciences","Fachhochschule_Esslingen_-_University_of_Applied_Sciences","University_of_Konstanz","University_of_Mannheim","University_of_Maryland_University_College_-_Mannheim_Campus","Bavaria","University_of_Bamberg","Berlin","Humboldt-University_of_Berlin","Brandenburg","Bremen","Hamburg","Hesse","Fachhochschule_Gießen-Friedberg_-_University_of_Applied_Sciences","Lower_Saxony","Georg_August_University_of_Göttingen","Leibniz_University_of_Hanover","Technical_University_of_Brunswick","North_Rhine-Westphalia","Academy_of_Music_Cologne","University_of_Dortmund","University_of_Hagen","Rhineland-Palatinate","Saarland","Saxony","Saxony-Anhalt","Schleswig-Holstein","Greece","Ireland","Dublin_Institute_of_Technology","Griffith_College","Trinity_College_Dublin","University_College_Cork","University_of_Limerick","Waterford_Institute_of_Technology","Pontifical_Biblical_Institute","Pontifical_University_of_the_Holy_Cross","University_of_Milan","Venice_International_University","Riga_Technical_University","Internationale_Akademie_für_Philosophie","Saints_Cyril_and_Methodius_University","Departments_and_Programs","Saint_Clement_of_Ohrid_University","Departments_and_Programs","Goce_Delcev_University_of_Stip","University_of_Malta","Academy_of_Economic_Studies_of_Moldova","HAN_University","Portuguese_Catholic_University","Romania","Academic_Departments","Russia","Academy_of_State_Fire_Service","Bauman_Moscow_State_Technical_University","European_University_at_Saint_Petersburg","Finance_Academy_under_the_Government_of_the_Russian_Federation","Herzen_State_Pedagogical_University_of_Russia","I.M._Sechenov_Moscow_Medical_Academy","Institute_of_International_Trade_and_Law","International_Banking_Institute","Irkutsk_State_Technical_University","Ivanovo_State_University","Kemerovo_State_University","Khabarovsk_State_University_of_Technology","Mendeleyev_University_of_Chemical_Technology","Modern_University_for_the_Humanities","Moscow_Architectural_Institute_-_State_Academy","Moscow_Institute_of_Foreign_Languages","Moscow_Institute_of_Physics_and_Technology","Moscow_State_Automobile_and_Road_Technical_University","Moscow_State_Aviation_Institute_-_University_of_Aerospace_Technology","Moscow_State_Engineering_Physics_Institute_-_Technical_University","Moscow_State_Forestry_University","Moscow_State_Institute_of_International_Relations_-_MGIMO-University","Moscow_State_Technological_University_'Stankin'","Departments_and_Faculties","Research_Institutes","Moscow_State_University_of_Culture_and_Arts","Moscow_State_University_of_Economics,_Statistics_and_Informatics","Moscow_Technical_University_of_Communications_and_Informatics","Departments_and_Programs","Perm_State_University","Petrozavodsk_State_University","Plekhanov_Russian_Academy_of_Economics","Pomor_State_University","Departments_and_Programs","Research","Russian_Academy_of_Entrepreneurship","Russian_State_Medical_University","Russian_State_University_for_the_Humanities","Saint-Petersburg_School_of_Religion_and_Philosophy","Saint_Petersburg_Electrotechnical_University","Saint_Petersburg_Mechnikov_State_Medical_Academy","Saint_Petersburg_State_Theatre_Arts_Academy","Saint_Petersburg_State_University_of_Economics_and_Finance","Samara_State_Aerospace_University","Siberian_State_Technological_University","Southern_Ural_State_University","St._Andrew's_Biblical_Theological_College","The_East-Siberian_State_University_of_Technology","Timiryazev_Agricultural_Academy","Vladivostok_State_University_of_Economics","Yaroslavl_State_University","Saint_Petersburg_State_Polytechnical_University","Libraries_and_Museums","Saint-Petersburg_State_University_of_Information_Technologies,_Mechanics_and_Optics","University_of_Kragujevac","University_of_Nis","University_of_Novi_Sad","University_of_Subotica","University_of_Navarra","University_of_Zaragoza","Sweden","Blekinge_Institute_of_Technology","Chalmers_University_of_Technology","Swedish_University_of_Agricultural_Sciences","University_College_of_Borås","Uppsala_University","Örebro_University","A","Academic_Departments","B","C","Consultancies_and_Services","D","E","England","American_Intercontinental_University","American_University_in_London","Anglia_Ruskin_University","Arts_Institute_of_Bournemouth","Aston_University","Barnfield_College","Basingstoke_College_of_Technology","Bath_Spa_University","Bede_College","Bedford_College","Berkshire_College_of_Agriculture","Birmingham_College_of_Food,_Tourism_and_Creative_Studies","Birmingham_School_of_Acting","Bishop_Burton_College","Blackburn_College","Bolton_Community_College","Bournemouth_University","Bridgwater_College","Bromley_College","Brooklands_College","Brunel_University","Birmingham_City_University","Burnley_College","Burton_College","Bury_College","Cambridge_Regional_College","Cannock_Chase_Technical_College","Canterbury_Christ_Church_University","Capel_Manor_College","Castle_College_Nottingham","City_College,_Birmingham","City_College_Coventry","City_University","City_of_Bristol_College","Coventry_University","Cranfield_University","Dudley_College_of_Technology","Henley_College_Coventry","Lancaster_University","Matthew_Boulton_College","Myerscough_College","North_East_Worcestershire_College","Reaseheath_College","St._John's_College","Stoke_on_Trent_College","Tamworth_and_Lichfield_College","University_College_Falmouth","University_of_Bedfordshire","University_of_Bolton","University_of_Cambridge","University_of_Central_Lancashire","Durham_University","York_College","F","G","H","I","J","K","L","M","N","Northern_Ireland","Belfast_Metropolitan_College","South_Eastern_Regional_College","South_West_College","North_West_Regional_College","Southern_Regional_College","Queen's_University_of_Belfast","University_of_Ulster","O","Open_University","Organizations","Students_and_Tutors","P","Q","R","S","Scotland","Aberdeen_College","Adam_Smith_College","Angus_College","Anniesland_College","Argyll_College","Ayr_College","Banff_and_Buchan_College","Barony_College","Borders_College","Cardonald_College","Central_College_of_Commerce","Clydebank_College","Dundee_College","Edinburgh's_Telford_College","Edinburgh_College_of_Art","Forth_Valley_College","Glasgow_Caledonian_University","Glasgow_College_of_Nautical_Studies","Carnegie_College","Glasgow_Metropolitan_College","Glasgow_School_of_Art","Heriot-Watt_University","Institute_for_System_Level_Integration","International_Christian_College","James_Watt_College","John_Wheatley_College","Motherwell_College","Napier_University","North_Glasgow_College","Oatridge_College","Queen_Margaret_University","Robert_Gordon_University","Royal_Scottish_Academy_of_Music_and_Drama","Sabhal_Mòr_Ostaig","South_Lanarkshire_College","Scottish_Agricultural_College","Scottish_Association_for_Marine_Science","Stevenson_College","Stow_College","The_North_Highland_College","UHI_Millennium_Institute","University_of_Aberdeen","University_of_Abertay_Dundee","University_of_Dundee","University_of_Edinburgh","University_of_Glasgow","University_of_St_Andrews","University_of_Stirling","University_of_Strathclyde","West_Lothian_College","Leith_School_of_Art","Coatbridge_College","Cumbernauld_College","University_of_the_West_of_Scotland","T","U","V","W","Wales","Barry_College","Cardiff_University","Coleg_Llandrillo_Cymru","University_of_Glamorgan","University_of_Wales,_Aberystwyth","University_of_Wales,_Bangor","University_of_Wales,_Lampeter","University_of_Wales,_Swansea","X","Y","Z","Faculty_Experts_Directories","Financial_Aid","Calculators","Fee_Services","Scholarships","Graduate_Education","Business_Administration","Graduate_Programs","Guides","Middle_East","Cyprus","Iran","University_of_Tehran","Iraq","Ben_Gurion_University","Jordan","Kuwait","Law","Lebanon","Oman","Palestinian_Territory","Al-Quds_Open_University","Al-Quds_University","An-Najah_National_University","Arab_American_University","Bethlehem_Bible_College","Bethlehem_University","Birzeit_University","College_of_Technology","Hebron_University","Islamic_University_of_Gaza","Palestine_Polytechnic_University","Saudi_Arabia","United_Arab_Emirates","Dubai_Men's_College","Yemen","University_of_Science_and_Technology","North_America","Academic_Departments","British_Columbia","Colleges","Thompson_Rivers_University","St._Francis_Xavier_University","Colleges","University_of_Ottawa","University_of_Toronto","University_of_Ontario_Institute_of_Technology","Algoma_University","University_of_Quebec","University_of_Sherbrooke","University_of_Saskatchewan","Yukon_College","DeVry_University","Campuses","Law","Medicine","Mexico","United_States","A","Alabama","Two-Year_Colleges","Alaska","Two-Year_Colleges","Arizona","Arizona_State_University","Miracle_Valley_Bible_College_and_Seminary","Two-Year_Colleges","University_of_Advancing_Technology","Arkansas","Ecclesia_College","Henderson_State_University","Two-Year_Colleges","B","C","California","Two-Year_Colleges","Colorado","Belleview_Christian_College_and_Bible_Seminary","Colorado_Theological_Seminary","Two-Year_Colleges","Connecticut","Charter_Oak_State_College","Connecticut_College","Connecticut_State_University_System","Hartford_Seminary","Lyme_Academy_College_of_Fine_Arts","Mitchell_College","Trinity_College","Two-Year_Colleges","University_of_Connecticut","University_of_Hartford","Wesleyan_University","D","Delaware","Two-Year_Colleges","E","F","Florida","Ave_Maria_University","Hodges_University","Keiser_University","Warner_University","Palm_Beach_Atlantic_University","Southeastern_University","The_Orlando_Institute","Two-Year_Colleges","Webber_International_University","Northwest_Florida_State_College","G","Georgia","Atlanta_University_Center","Emory_University","Kennesaw_State_University","North_Georgia_College_and_State_University","Oglethorpe_University","Savannah_College_of_Art_and_Design","Thomas_University","Truett-McConnell_College","Two-Year_Colleges","H","Hawaii","Two-Year_Colleges","I","Idaho","Two-Year_Colleges","Illinois","Aurora_University","Benedictine_University","Concordia_University","Dominican_University","Elmhurst_College","Eureka_College","Governors_State_University","Illinois_State_University","McKendree_University","Millikin_University","Moody_Bible_Institute","North_Central_College","Northeastern_Illinois_University","Robert_Morris_College","Rockford_College","Roosevelt_University","Rush_University","Shimer_College","Trinity_Christian_College","Two-Year_Colleges","Judson_University","Indiana","Associated_Mennonite_Biblical_Seminary","Bethel_College","Calumet_College_of_St._Joseph","Goshen_College","Huntington_University","Hyles-Anderson_College","Indiana_Bible_College","Indiana_University_Southeast","Indiana_Wesleyan_University","Marian_College","Martin_University","Purdue_University","Two-Year_Colleges","University_of_Evansville","Trine_University","Iowa","Buena_Vista_University","Central_College","Coe_College","Dordt_College","Faith_Baptist_Bible_College_and_Theological_Seminary","Graceland_University","Iowa_Wesleyan_College","Luther_College","Northwestern_College","Saint_Ambrose_University","Simpson_College","Two-Year_Colleges","Upper_Iowa_University","Waldorf_College","Wartburg_College","William_Penn_University","Grand_View_University","J","K","Kansas","Bethany_College","Bethel_College","Central_Christian_College","Kansas_Wesleyan_University","McPherson_College","Newman_University","Southwestern_College","Sterling_College","Tabor_College","Two-Year_Colleges","University_of_Saint_Mary","Kentucky","Alice_Lloyd_College","Asbury_College","Berea_College","Brescia_University","Campbellsville_University","Mid-Continent_University","Georgetown_College","Kentucky_Christian_College","Lindsey_Wilson_College","Midway_College","Pikeville_College","Spalding_University","The_Southern_Baptist_Theological_Seminary","Two-Year_Colleges","Union_College","University_of_the_Cumberlands","L","Louisiana","Louisiana_Baptist_University","Two-Year_Colleges","M","Maine","Bowdoin_College","College_of_the_Atlantic","Two-Year_Colleges","University_of_Maine","Maryland","Two-Year_Colleges","United_States_Naval_Academy","University_System_of_Maryland","Massachusetts","Amherst_College","Boston_College","Hebrew_College","Lasell_College","Springfield_College","Two-Year_Colleges","Men's_Colleges","Michigan","Alma_College","Andrews_University","Central_Michigan_University","Concordia_University","Ferris_State_University","Finlandia_University","Hope_College","Spring_Arbor_University","Two-Year_Colleges","Minnesota","Alder_Graduate_School","Art_Institutes_International_Minnesota","Carleton_College","College_of_Visual_Arts","Crossroads_College","Crown_College","Gustavus_Adolphus_College","Martin_Luther_College","Two-Year_Colleges","Mississippi","Two-Year_Colleges","Missouri","Two-Year_Colleges","Montana","Rocky_Mountain_College","University_of_Great_Falls","N","Nebraska","Concordia_University_Nebraska","Doane_College","Hastings_College","Midland_Lutheran_College","Nebraska_Wesleyan_University","Two-Year_Colleges","Union_College","Nevada","Morrison_University","Two-Year_Colleges","New_Hampshire","Antioch_University","Chester_College_of_New_England","Colby-Sawyer_College","Daniel_Webster_College","Dartmouth_College","Franconia_College","Granite_State_College","Keene_State_College","Magdalen_College","New_England_College","Plymouth_State_University","Saint_Anselm_College","Southern_New_Hampshire_University","Thomas_More_College_of_Liberal_Arts","Two-Year_Colleges","Franklin_Pierce_University","New_Jersey","Centenary_College","New_Jersey_Institute_of_Technology","Two-Year_Colleges","New_Mexico","Two-Year_Colleges","University_of_the_Southwest","New_York","CUNY","Cazenovia_College","Columbia_University","Cornell_University","D'Youville_College","Daemen_College","Dominican_College","Hartwick_College","Houghton_College","Keuka_College","Manhattanville_College","Monroe_College","Mount_Saint_Mary_College","Nazareth_College","New_York_University","Nyack_College","Rensselaer_Polytechnic_Institute","SUNY","The_Academy_for_Jewish_Religion","The_New_School","Touro_College","Two-Year_Colleges","University_of_Rochester","Utica_College","Vassar_College","Yeshiva_University","North_Carolina","Art_Institute_of_Charlotte","Barber-Scotia_College","Brevard_College","Carolina_Bible_College","Montreat_College","North_Carolina_Agricultural_and_Technical_State_University","Southern_Evangelical_Seminary_and_Bible_College","Two-Year_Colleges","Wake_Forest_University","North_Dakota","Two-Year_Colleges","O","Ohio","Ohio_Christian_University","Payne_Theological_Seminary","Tri-State_Bible_College","Two-Year_Colleges","University_of_Northwestern_Ohio","Oklahoma","Langston_University","Northwestern_Oklahoma_State_University","Oklahoma_Baptist_University","Oklahoma_Christian_University","Saint_Gregory's_University","Two-Year_Colleges","Oklahoma_Panhandle_State_University","Oregon","Corban_College","George_Fox_University","Gutenberg_College","Linfield_College","Oregon_Institute_of_Technology","Reed_College","Two-Year_Colleges","Warner_Pacific_College","P","Pennsylvania","Arcadia_University","Bethel_Seminary_of_the_East","DeSales_University","Dickinson_College","Gratz_College","Keystone_College","Lehigh_University","Mount_Aloysius_College","Peirce_College","Penn_State_University","Point_Park_University","Seton_Hill_University","Shippensburg_University","Two-Year_Colleges","West_Chester_University","Q","R","Rhode_Island","Roger_Williams_University","S","South_Carolina","Columbia_International_University","Furman_University","Lander_University","Morris_College","Southern_Wesleyan_University","Two-Year_Colleges","University_of_South_Carolina","Voorhees_College","North_Greenville_University","South_Dakota","Presentation_College","Sioux_Falls_Seminary","T","Tennessee","Baptist_College_of_Health_Sciences","Bethel_College","Crown_College","East_Tennessee_State_University","Knoxville_College","Sewanee_-_University_of_the_South","Trevecca_Nazarene_University","Two-Year_Colleges","Texas","Baptist_University_of_the_Américas","Baylor_College_of_Medicine","East_Texas_Baptist_University","Huston-Tillotson_University","Jarvis_Christian_College","Southwestern_Assemblies_of_God_University","Texas_A&amp;M_University","Texas_College","Texas_State_University_-_San_Marcos","Two-Year_Colleges","Universidad_Nacional_Autonoma_de_Mexico","University_of_North_Texas","Two-Year_Colleges","U","Utah","Financial_Aid_Assistance","Salt_Lake_Seminary","Two-Year_Colleges","Weber_State_University","V","Vermont","College_of_Saint_Joseph","Sterling_College","Two-Year_Colleges","Virginia","Apprentice_School","Christ_College","James_Madison_University","Patrick_Henry_College","Two-Year_Colleges","W","Washington","Gonzaga_University","Two-Year_Colleges","Washington,_DC","Corcoran_College_of_Art_and_Design","Dominican_House_of_Studies","Gallaudet_University","Johns_Hopkins_University","Potomac_College","West_Virginia","Mountain_State_University","Wisconsin","Alverno_College","Beloit_College","Cardinal_Stritch_University","Carthage_College","Concordia_University","Edgewood_College","Lakeland_College","Lawrence_University","Maranatha_Baptist_Bible_College","Marian_College","Medical_College_of_Wisconsin","Milwaukee_School_of_Engineering","Mount_Mary_College","Northland_Baptist_Bible_College","Northland_College","Ripon_College","Saint_Norbert_College","Two-Year_Colleges","Viterbo_University","Wisconsin_International_University","Wisconsin_Lutheran_College","Wyoming","Jackson_Hole_Bible_College","Two-Year_Colleges","University_of_Wyoming","Warren_National_University","X","Y","Z","Veterinary_Medicine","Oceania","Academic_Departments","Law","Veterinary_Medicine","Australian_Capital_Territory","Australian_National_University","University_of_Canberra","New_South_Wales","Charles_Sturt_University","Macquarie_University","Southern_Cross_University","University_of_New_England","University_of_New_South_Wales","University_of_Newcastle","University_of_Sydney","University_of_Technology,_Sydney","University_of_Western_Sydney","University_of_Wollongong","Northern_Territory","Charles_Darwin_University","Queensland","James_Cook_University","University_of_Queensland","South_Australia","University_of_South_Australia","Tasmania","Victoria","Deakin_University","Melbourne_University_Private","Monash_University","Swinburne_University_of_Technology","The_University_of_Melbourne","Western_Australia","Murdoch_University","University_of_Notre_Dame","New_Zealand","Polytechnics","Universities","Tonga","South_America","Argentina","Bolivia","Brazil","Chile","Ecuador","Transdisciplinary","Academic_Departments","Publications","Virtual_Tours","Directories","Distance_Learning","Associations","Chats_and_Forums","Conferences","Correspondence_Courses","Languages","Directories","Institutions","Australia","United_Kingdom","United_States","Online_Courses","Designing_and_Printing","E-learning_Portals","Engineering","Further_Education","Healthcare","Kids","MBA","Marketing","Math","Preparatory","Typing","Online_Teaching_and_Learning","E-learning_Companies","Independent_Research","Videoconferencing","Early_Childhood","Magazines_and_E-zines","Mailing_Lists","Organizations","Special_Needs","Subjects","Art","Theory","Language_Arts","Alphabet","Literature","Math","Music","Science","Social_Studies","Educational_Testing","Opposing_Views","Test_Authoring_Firms","Testing_Research","Educators","Academic_Dishonesty","Exchange_Programs","Job_Fairs","Recruiters","How_to_Study","Postgraduate_Research","Instructional_Technology","Course_Website_Software","Evaluation","Web_Site_Evaluation","Hoax_Sites","Scôz_am_Rhein","Higher_Education","Centers","Directories","MUDs_and_MOOs","Organizations","Publications","Organizations","Publications","Weblogs","International_Baccalaureate","Notes_and_Essays","Schools","Africa","Egypt","Ghana","Morocco","Tanzania","Uganda","Asia","China","Hong_Kong","Indonesia","Malaysia","Singapore","Thailand","Caribbean","Central_America","Costa_Rica","Europe","Czech_Republic","Denmark","France","Greece","Italy","Netherlands","Norway","Poland","Sweden","Switzerland","United_Kingdom","Middle_East","Turkey","North_America","Bermuda","Canada","Mexico","United_States","Oceania","Australia","Africa","Botswana","Cameroon","Côte_d'Ivoire","Egypt","Ethiopia","Ghana","Kenya","Malawi","Morocco","Nigeria","Senegal","South_Africa","Tanzania","Togo","Zambia","Asia","Afghanistan","Bangladesh","Cambodia","China","India","Indonesia","Japan","Kazakhstan","Laos","Malaysia","Mongolia","Myanmar","Nepal","Pakistan","Philippines","South_Korea","Sri_Lanka","Taiwan","Thailand","Vietnam","Belgium","Russia","Spain","North_America","Peru","International_Student_Exchange","Programs","High_School","University","Language_Schools","French","Located_in_Italy","Japanese","Projects","Program_Directories","K_through_12","Associations","Bilingual_Education","Language_Schools","Practice","At-Risk_Students","Curriculum","Educators","Lesson_Plans","New_and_Prospective_Teachers","Personal_and_Class_Pages","Elementary","High_School","Middle_School","Professional_Development","Rubrics","Substitute_Teaching","Teaching_Resources","Elementary","High_School","Middle_School","Associations","Elementary","Gifted_Education","Curriculum_Differentiation","Laws","Mainstreaming","Parents","Camps","Distance_Learning","Elementary","Secondary","Resources","School_Reform","Gifted_Girls","Profoundly_Gifted","Home_Schooling","Charlotte_Mason","Unit_Studies","Commercial","Free","Single_Units","Correspondence_Schools","Military","News_and_Media","Asia","Australia","Religious","Christian","Latter-Day_Saints","Jewish","Muslim","Unschooling","Chats_and_Forums","Family_Pages","Magazines_and_E-zines","Private_Schools","Residential","College_Preparatory","Sudbury_Valley_Model","Canada","United_Kingdom","Public_Schools","School_Improvement","Character_First","School_Safety","Labs_and_Experiments","School_Resource_Officers","Supplemental_Funding","Grants","Technology","Activities_and_Lessons","Teacher_Training","Technology_Coordinator","Methods_and_Theories","Instructional_Design","Distance_Learning_and_Training","Learning_Theories","Active_Learning","Aesthetic_Realism","Behaviorism","Brain-Based_Learning","Charter_Schools","Constructivism","Holistic_Education","Cooperative_Education","Experiential_Education","Inquiry_Based_Learning","Chats_and_Forums","Content_Resources","Courses","Curriculum_Resources","Implementation","Instructional_Models","Journals","Organizations","Projects","Service_Learning","Software","Teacher_Inquiry","Learning_Styles","Montessori","Organizations","Subjects","Multiple_Intelligences","Outcome-Based_Education","Problem-Based_Learning","Reggio_Emilia_Approach","Right_Brain_-_Left_Brain_Thinking","Situated_Learning","Transformative_Learning","Waldorf","News_and_Media","Organizations","Bilingual_Education","By_Country","Children's_International_Summer_Villages","Literacy","PTA","Councils","Local_Units","Academic_Papers","Fee_Based","Books","Early_Childhood","Equipment_and_Supplies","Foreign_Languages","English","Software","Spanish","Home_Schooling","K_through_12","Curriculum_Support_Material","Reading","Software","Speed_Reading","Research","Tutoring","Languages","Science","Special_Education","Study_Assistance","Special_Education","Online_Services","Test_Preparation","GCSE","GED","CFA","SAT","UK_National_Curriculum_Assessments","Digital_Yearbooks","Special_Education","Conductive_Education","Inclusion","Dyslexia","Personal_Pages","Training_Centers_and_Programs","Research","Organizations","Hearing_Impaired","Manual_Communication","Oral_Communication","Learning_Disabilities","Support","Training","Subjects","Vocational","Subject_Encyclopedias","Free","Regional","Provincial_Flags","United_States","Vexillology","Journals","Arts","Business","Society","Knots","Boating","Decorative","Fishing","Neckties","Scouting","Tyers","Knowledge_Management","Business_and_Companies","Consultants","Case_Studies","Directories","Distributed_Knowledge","Education","Employment","Events","Past","Information_Architecture","Associations_and_Conferences","Books","Business_Intelligence","Business_and_Companies","Software","Digital_Asset_Management","Software_and_Tools","Learning_Organizations","Memory_Improvement","Organizational_Memory","Software","Information_Overload","Effects","Email_Overload","Hypertext","Relevance_Filtering","Knowledge_Creation","Brainstorming","Software","Concept_Mapping","Software","Mind_Mapping","Problem_Solving","Critical_Path_Analysis","Decision_Trees","Root_Cause_Analysis","Articles","Chats_and_Forums","Conferences","Directories","Weblogs","TRIZ","Knowledge_Discovery","Books","Business_and_Companies","Information_Visualization","Projects_and_Research","Publications","Scientific_Visualization","Projects_and_Research","Software","Software","Companies","Magazines_and_E-zines","Organizations","Software","Text_Mining","Collaboration","Business_and_Companies","Software","Communities_of_Practice","Computer_Mediated_Communication","Hoarding_and_Sharing","Knowledge_Markets","Storytelling","Suggestion_Solicitation","Knowledge_Representation","Events","Languages_and_Standards","Published_Ontologies","Software_and_Tools","Tutorials","Publications","Semantic_Web","Topic_Maps","Examples_and_Use_Cases","Forums_and_Mailing_Lists","Software_and_Tools","Specifications_and_Standards","Technical_Papers","Vendors_and_Consultants","Working_Groups_and_Committees","Knowledge_Retrieval","Classification","Organizations","Publications","Articles","Software","Weblogs","Libraries","By_Region","College_and_University","A","B","C","D","E","F","G","H","I","J","K","L","M","N","O","P","Q","R","S","T","Two-Year_College_Libraries","Canada","United_States","California","U","V","W","X","Y","Z","Digital","Directories","Friends_of_the_Library","New_Zealand","United_States","Maryland","Connecticut","Indiana","Kansas","Oklahoma","Maine","Michigan","Mississippi","Tennessee","Wisconsin","Massachusetts","Ohio","Washington","North_Carolina","Pennsylvania","New_York","Texas","Alabama","California","Rhode_Island","Minnesota","Florida","West_Virginia","Arizona","Iowa","Illinois","Oregon","New_Jersey","Missouri","Alaska","Arkansas","Georgia","Colorado","Nevada","New_Mexico","Hawaii","Washington,_DC","Canada","Austria","Australia","New_South_Wales","Queensland","Victoria","South_Australia","England","Netherlands","Germany","Ireland","Government","Government_Documents","Independent","Library_and_Information_Science","Associations","Asia","Europe","United_Kingdom","North_America","Canada","United_States","State-Level_Groups","Oceania","Chats_and_Forums","Mailing_Lists","Conferences","Proceedings","Digital_Library_Development","Conferences","Directories","Employment","Job_Listings","Canada","Resumes","Intellectual_Freedom","Book_Banning","Filtering_Software","USA_PATRIOT_Act","Intellectual_Property","Librarians_in_Society","Librarians","Berman,_Sanford","Ranganathan,_S._R.","Library_History","Carnegie_Libraries","Resource_Sharing","Document_Delivery","Document_Suppliers","OCLC_and_Regional_Networks","Organizations","Software","Standards","Schools","Africa","Courses","Europe","United_Kingdom","Israel","Canada","United_States","Graduate_Schools","Oceania","Software","Collection_Managers","Federated_Searching","Virtual_Reference","Law","Music","Youth-Children","Technical_Services","Cataloguing","Anglo-American_Cataloguing_Rules","Authority_Control","Bibliographic_Utilities","Bliss_Bibliographic_Classification","Colon_Classification","Dewey_Decimal","Library_of_Congress","SuDocs","Subject-Specific_Schemes","UDC","Commercial_Services","Local_Cataloging_Resources","Metadata","Dublin_Core","FGDC","MARC","RDF","Z39.50","Collection_Development","Preservation","Instructional_Materials","Weeding","User_Services","Circulation_Services","Information_Literacy","Library_Instruction","Readers_Advisory","Reference_Services","Virtual_Reference_Desk","Reserves_Services","Tutorials","Weblogs","Collaborative_Weblogs","Organizational_Weblogs","National","Online_Catalogs","Directories","Presidential","George_W._Bush_Presidential_Library","Public","Research","School","Special_Collections","Subject_Specific","Arts","Business","Humanities","Medical","Military","Philately","Science","Biological_and_Environmental_Sciences","Engineering","Physical_and_Chemical_Sciences","Social_Sciences","Area_Studies","Economics","Ethnic_Studies","Labor","Library_and_Information_Science","Psychology","Sports","Theology","Maps","Collecting","Directories","Google_Maps","Historical","Libraries","Trip_Routing","Europe","Museums","Arts_and_Entertainment","Antiquities","Architecture","Art_Museums","Asia","Chinese","Indian","Japanese","Europe","United_Kingdom","Denmark","Netherlands","Finland","France","Germany","Greece","Ireland","Italy","Norway","Russia","Spain","Sweden","Switzerland","Belgium","Caribbean","Contemporary_Art","Asia","Europe","United_Kingdom","Middle_East","North_America","Canada","United_States","Oceania","Directories","Middle_East","Oceania","South_America","Brazil","North_America","United_States","Alabama","California","Florida","Georgia","Massachusetts","Missouri","New_Jersey","New_York","North_Carolina","Ohio","Pennsylvania","Texas","Virginia","Washington","Washington,_DC","Wisconsin","Mexico","Canada","Alberta","British_Columbia","Nova_Scotia","Ontario","Africa","Crafts","Ceramics","Glass","Metals","Paper","Wood","Decorative_Arts","Film_and_Media","Broadcast","Folk_Art","Music","Classical","Instruments","Jazz","Pop","Photography","Textile_and_Costume","Quilting","Theater","Children's_Museums","Europe","Canada","United_States","Alabama","Arizona","California","Colorado","Connecticut","Florida","Georgia","Hawaii","Illinois","Indiana","Iowa","Kansas","Kentucky","Louisiana","Maine","Maryland","Massachusetts","Michigan","Minnesota","Mississippi","Missouri","Montana","Nebraska","Nevada","New_Hampshire","New_Jersey","New_Mexico","New_York","North_Carolina","Ohio","Oregon","Pennsylvania","South_Carolina","Tennessee","Texas","Utah","Virginia","Washington","Washington,_DC","Wisconsin","Cultural","Biographical","Ethnic","African_American","Asian","Latin_American","Native_American","Scandinavian","Occupational","Firefighting","Europe","North_America","Canada","United_States","Oceania","Religious","Judaism","Holocaust","Directories","History","Asia","Japan","Europe","Denmark","United_Kingdom","Wales","Historic_Houses","Africa","Europe","Denmark","Ireland","United_Kingdom","North_America","Canada","British_Columbia","Manitoba","New_Brunswick","Nova_Scotia","Ontario","United_States","Alabama","Alaska","Arizona","Arkansas","California","Colorado","Connecticut","Delaware","Florida","Georgia","Hawaii","Idaho","Illinois","Indiana","Iowa","Kansas","Kentucky","Louisiana","Maine","Maryland","Massachusetts","Michigan","Minnesota","Mississippi","Missouri","Montana","Nebraska","Nevada","New_Hampshire","New_Jersey","New_Mexico","New_York","North_Carolina","North_Dakota","Ohio","Oklahoma","Oregon","Pennsylvania","Rhode_Island","South_Carolina","South_Dakota","Tennessee","Texas","Utah","Vermont","Virginia","Washington","Washington,_DC","West_Virginia","Wisconsin","Wyoming","Oceania","Living_History_and_Open_Air","Europe","United_Kingdom","North_America","Canada","Alberta","British_Columbia","Manitoba","New_Brunswick","Nova_Scotia","Ontario","Prince_Edward_Island","Quebec","Saskatchewan","United_States","Alabama","Alaska","Arizona","Arkansas","California","Colorado","Connecticut","Delaware","Florida","Georgia","Hawaii","Idaho","Illinois","Indiana","Iowa","Kansas","Kentucky","Louisiana","Maine","Maryland","Michigan","Minnesota","Mississippi","Missouri","Montana","Nebraska","Nevada","New_Hampshire","New_Jersey","New_Mexico","New_York","North_Carolina","North_Dakota","Ohio","Oklahoma","Oregon","Pennsylvania","Rhode_Island","South_Carolina","South_Dakota","Tennessee","Texas","Utah","Vermont","Virginia","Washington","West_Virginia","Wisconsin","Wyoming","North_America","Canada","Alberta","British_Columbia","Manitoba","New_Brunswick","Newfoundland_and_Labrador","Northwest_Territories","Nova_Scotia","Ontario","Prince_Edward_Island","Quebec","Saskatchewan","Yukon_Territory","United_States","Alabama","Alaska","Arizona","Arkansas","California","Colorado","Connecticut","Delaware","Florida","Georgia","Hawaii","Idaho","Illinois","Indiana","Iowa","Kansas","Kentucky","Louisiana","Maine","Maryland","Massachusetts","Michigan","Minnesota","Mississippi","Missouri","Montana","Nebraska","Nevada","New_Hampshire","New_Jersey","New_Mexico","New_York","North_Carolina","North_Dakota","Ohio","Oklahoma","Oregon","Pennsylvania","Rhode_Island","South_Carolina","South_Dakota","Tennessee","Texas","Utah","Vermont","Virginia","Washington","Washington,_DC","Wisconsin","Wyoming","Oceania","Women","Military","Asia","Europe","United_Kingdom","North_America","Canada","United_States","Air_Force","Army","Navy","Oceania","Australia","War","US_Civil_War","Museum_Resources","Conservation_and_Preservation","Consultants","Methodology","Documentation_and_Cataloguing","Museum_Collection_Software","Exhibit_Resources","Exhibit_Design","Asia","Europe","United_Kingdom","North_America","Canada","United_States","Oceania","Exhibit_Fixtures","Transportation_and_Installation","Traveling_Exhibit_Services","Grants_and_Funding","Museum_Studies_and_Training","Organizations","State_Associations","Recreation_and_Sports","Baseball","Carriage_Driving","Hot_Air_Ballooning","Models_and_Miniatures","Model_Railroad","Numismatics","Stamp_Collecting","Toys","Science","Agriculture","Anthropology","Archaeology","Cyprus","Egyptology","Greece","United_Kingdom","Biology","Earth_Science","Medical","Asia","Europe","North_America","Canada","United_States","Natural_History","Europe","United_Kingdom","North_America","Canada","United_States","Alabama","Arizona","California","Colorado","Connecticut","Florida","Georgia","Hawaii","Illinois","Iowa","Kansas","Massachusetts","Michigan","New_York","North_Carolina","Ohio","Oregon","Pennsylvania","Texas","Utah","Oceania","Physics","Psychology","Technology","Computers","Horology","Industry","Mining","Europe","North_America","Oceania","Transportation","Automobiles","Europe","North_America","Canada","United_States","California","Colorado","Florida","Illinois","Indiana","Maine","Michigan","Nevada","New_York","North_Carolina","Ohio","Pennsylvania","South_Dakota","Tennessee","Texas","Aviation","Africa","Asia","Europe","Belgium","Denmark","Finland","Netherlands","Russia","Switzerland","United_Kingdom","North_America","Canada","United_States","Alabama","Alaska","Arizona","Arkansas","California","Colorado","Connecticut","Florida","Georgia","Illinois","Indiana","Iowa","Kansas","Maine","Maryland","Michigan","Minnesota","Missouri","New_Jersey","New_York","North_Carolina","Ohio","Oregon","Pennsylvania","Rhode_Island","Texas","Washington","Wisconsin","Oceania","South_America","Buses","Maritime","Africa","Asia","Boats","Caribbean","Europe","Denmark","Finland","Germany","Sweden","United_Kingdom","North_America","Canada","United_States","California","Connecticut","Delaware","Florida","Maine","Maryland","Massachusetts","Michigan","New_Hampshire","New_York","North_Carolina","Ohio","Oregon","Pennsylvania","Texas","Virginia","Washington","Wisconsin","Oceania","Ships","South_America","Railroad","Africa","Asia","Europe","North_America","Canada","United_States","Alabama","California","Colorado","Connecticut","Florida","Georgia","Illinois","Indiana","Iowa","Maine","Maryland","Massachusetts","Michigan","Minnesota","Nevada","New_York","North_Carolina","Ohio","Oklahoma","Oregon","Pennsylvania","Tennessee","Texas","Washington","West_Virginia","Wisconsin","Oceania","South_America","Virtual","Open_Access_Resources","Parliamentary_Procedure","Quotations","Daily_and_Random","Death_and_Dying","Famous","Inspirational","Personal_Pages","Political","Religion_and_Spirituality","Christianity","Scientific","Search_Engines","Sports","Web_Rings","Wisdom","Thesauri","Thesaurus_Construction","Time","Alternative_Systems","Clocks_and_Watches","Current_Time","Horology","Abbreviations_and_Acronyms","Calendars","Phone_Numbers_and_Addresses","Search_Engines_and_Web_Directories","Prizes","Tables","Standards","Electrical_Engineering","Environmental_Practice","Individual_Standards","BS_15000","BS_5489","BS_6008","BS_8888","HIPERLAN-1","IEC_60601","ISO","ISO_10179","ISO_10303","ISO_10360","ISO_10646","ISO_10744","ISO_12083","ISO_12207","ISO_14048","ISO_15022","ISO_15055","ISO_15056","ISO_15445","ISO_15926","ISO_16949","ISO_17025","ISO_17166","ISO_17878","ISO_19115","ISO_19757","ISO_2014","ISO_2015","ISO_2022","ISO_2146","ISO_28597","ISO_4217","ISO_639","ISO_8178","ISO_8211","ISO_8601","ISO_8859","ISO_8878","ISO_9000","2000","ISO_9001","ISO_9002","ISO_9004","ISO_9613","ISO_9660","ISO_9735","ISO_9899","ISO_TR_11404","MPEG-4","National_Electrical_Code","SOI_TN_94-116","TD-SCDMA","UNSPSC","Weather_Icons","Regional","Standard_Document_Vendors","Units_of_Measurement","Online_Calculators","Application_Notes_and_Data_Sheets","BASIC_Stamp","Chip_Directory","Obsolete_Component_Sources","Receiver_and_Antenna_Theory","Theory_and_Math","Vacuum_Tubes","Wire_Tables","Flags_and_Symbols","Journals","Libraries","Collections","Museums","Europe","United_Kingdom","Islamic_Law","Legal_Research","North_America","Newfoundland_and_Labrador","Northwest_Territories","Nova_Scotia","Ontario","Prince_Edward_Island","Saskatchewan","United_States","Oceania"
