"Libraries","Collections","Curated_Virtual_Exhibitions","History","Phone_Directories","Glossaries","Papers_and_Reports","FAQs,_Help,_and_Tutorials","Cheat_Sheets","Specifications","Government_Agencies","Online_Databases","Medline","Help_and_Tutorials","Almanacs","Arts","History","Regional","Science","Agriculture","Sports","Archives","Arts","Film","Personal","Professional_Resources","Regional","Canada","United_Kingdom","Local","United_States","Local","State","Social_History","University","Medical","Ask_an_Expert","Education","For_a_Fee","Homework_Help","Libraries","Medicine_and_Health","Computers_and_Technology","Writing","Science","Math","Bibliography","Biography","A","Aaron","Abbey","Abbot","Abbott","Acker","Acuff","Adam","Adams","Adamson","Adderley","Adkins","Adler","Affleck","Agnew","Akers","Albert","Alberti","Alcott","Alexander","Ali","Allen","Allison","Almond","Amalberga","Ambrose","Amis","Ammann","Amos","Anders","Andersen","Anderson","Andrade","Andre","Andrew","Andrews","Angel","Anne","Anselm","Anthony","Aoki","Appleby","Araki","Archer","Argento","Armstrong","Arne","Arnold","Arora","Arquette","Arthur","Ashley","Ashton","Ashworth","Asner","Astin","Aston","Astor","Atkins","Aubert","Aubin","Audley","Austin","Avery","Ayres","B","Bach","Bachchan","Bachman","Bachmann","Bacon","Baden-Powell","Bagwell","Bailey","Bain","Baines","Baird","Baker","Baldwin","Ball","Ballard","Bamber","Banks","Bantock","Baptista","Barber","Barker","Barlow","Barnes","Barrett","Barrie","Barros","Barry","Barrymore","Barth","Barthelme","Barton","Basil","Bass","Bates","Bauer","Bayley","Beard","Beatrix","Beatty","Beaumont","Becker","Beckford","Beckham","Bedard","Bedi","Beesley","Behr","Bell","Bellamann","Belle","Belloc","Belushi","Benedict","Benjamin","Bennet","Bennett","Benoit","Benson","Berard","Berg","Bergen","Berger","Bergman","Berlin","Bernard","Bernardine","Bernstein","Berry","Bertha","Biel","Bierce","Big","Biggs","Bingham","Bishop","Black","Blackmore","Blair","Blake","Bland","Bloom","Boniface","Bowering","Bowie","Bradley","Brady","Brandon","Braun","Brentano","Breton","Bretton","Brewster","Brian","Brock","Broderick","Bronson","Brontë","Brooks","Brown","Browne","Browning","Bruce","Bruni","Bruno","Buchanan","Buck","Bunker","Burke","Burton","Bush","Butler","Buxton","Caan","Cabot","Caccini","Caesar","Cage","Cahill","Cain","Caine","Cale","Calvin","Cameron","Camp","Campbell","Campion","Canary","Cannon","Cardoso","Carew","Carey","Carlyle","Carman","Carpenter","Carrington","Carter","Cartwright","Caruso","Carver","Cassidy","Cerbone","Chamberlain","Chan","Chaplin","Chapman","Charles","Chase","Cheng","Chesnutt","Cheung","Cho","Chong","Chow","Christensen","Christian","Christie","Chung","Christopher","Churchill","Clark","Clarke","Clay","Clinton","Close","Cochrane","Cody","Cole","Coleman","Collingwood","Collins","Combs","Conrad","Cook","Coolidge","Cooper","Corbett","Corbin","Corr","Cousins","Cox","Crane","Craven","Crawford","Crockett","Crosby","Cross","Cruz","Culkin","Cullen","Cummings","Cunningham","Curtis","Cusack","Damon","Daniel","Darrow","David","Davidson","Davies","Dawson","Day","Dean","Deol","Diamond","Diaz","Dickinson","Dickson","Dillon","Diogenes","Dix","Donahue","Donnelly","Donovan","Dorough","Douglas","Douglass","Dove","Downey","Doyle","Drake","Draper","Drury","Duffy","Duncan","Dunn","Dunne","Duvall","Dyer","d'Abo","Edward","Edwards","Egan","Elizabeth","Elliott","Ellis","Ellison","Emerson","Estes","Estevez","Estrada","Evans","Fabian","Fairbanks","Falkner","Fallon","Farley","Farmer","Farrell","Faulkner","Fehr","Felix","Felton","Ferdinand","Fergus","Ferguson","Fernandez","Field","Fielding","Fields","Fiennes","Fillmore","Fintan","Fisher","Fitzgerald","Flair","Fleming","Fletcher","Floyd","Foley","Fonda","Foote","Forbes","Ford","Forrest","Forster","Forsyth","Foster","Fox","Francis","Franco","Frank","Franklin","Franz","Fraser","Freeman","Frey","Frost","Fry","Frye","Fuller","Funkhouser","Furlong","Fusco","Fedorov","Fleck","Fulton","Gable","Gaines","Gallagher","Gallant","Gandhi","Garcia","Gardner","Garland","Garner","Garrett","Gaynor","Gentry","George","Gertrude","Gibb","Gibson","Gilbert","Gilman","Glenn","Goddard","Goldberg","Goldman","Goldsmith","Gonzalez","Goodman","Gordon","Grant","Graves","Gray","Green","Greene","Gregg","Gregory","Grenville","Grey","Griffin","Grimm","Gross","Gunn","Guthrie","Hacker","Hackett","Hagen","Haggard","Haines","Haldeman","Hall","Hamill","Hamilton","Hamm","Hammond","Hampton","Hannah","Hanover","Hansen","Hanson","Harding","Hardy","Hare","Harlow","Harper","Harrington","Harris","Harrison","Hart","Hartley","Hartman","Hartmann","Harvey","Hawkes","Hawkins","Hayden","Hayes","Haynes","Hearn","Heath","Hecht","Henderson","Henley","Henry","Henson","Hess","Hewitt","Hicks","Hill","Hirsch","Hitchcock","Hodgson","Hoffman","Holden","Holland","Holly","Holmes","Hope","Homer","Hopkins","Hopper","Horner","Howard","Howe","Howell","Hudson","Hugh","Hughes","Humphrey","Hunt","Hurt","Hutchison","Ignatius","Ingram","Innes","Ireland","Irving","Jackson","Jacob","Jacobs","James","Jarrett","Jay","Jefferson","Jennings","Jensen","Jeter","John","Johnson","Jones","Jordan","Joseph","Judd","Kahn","Kane","Kelly","Kennedy","Khan","Kim","King","Knight","Koch","Kurosawa","Lang","Langley","Lawrence","Lee","Leigh","Lessing","Lewis","Lloyd","Long","Lopez","Lowell","Lowry","Lynch","MacArthur","MacDonald","Machel","Maguire","Mann","March","Marsden","Marshall","Martin","Martinez","Mathews","Matthews","May","McCarthy","McDonald","McLean","Merz","Meyer","Michaels","Miller","Mitchell","Monroe","Montgomery","Moore","Morgan","Morris","Morrison","Morse","Morton","Moss","Munro","Murphy","Murray","Nash","Nelson","Ness","Newton","Nicholas","Nichols","Nicholson","Nin","Nixon","Nova","O'Brien","O'Connor","O'Neal","Orozco","Owen","Owens","Pacey","Park","Parker","Parks","Paul","Paulsen","Perry","Peter","Phillips","Pitt","Plantagenet","Powell","Radcliffe","Ray","Raymond","Redgrave","Reed","Reynolds","Rhodes","Rich","Richard","Richards","Richardson","Ritchie","Robert","Roberts","Robertson","Robinson","Rockefeller","Rogers","Rose","Ross","Russell","Ryan","Sabatini","Sachs","Sakamoto","Sanchez","Sanders","Sandys","Sargent","Schmidt","Schneider","Schumacher","Scott","Sharp","Shaw","Shelley","Shepard","Sheppard","Sheridan","Sherman","Shields","Shore","Siegel","Silverman","Simmons","Simon","Simpson","Sinatra","Sinclair","Singer","Singh","Smith","Snow","Spencer","Stamitz","Stanley","Stevens","Stewart","Stone","Strauss","Strong","Stuart","Sutherland","Sadler","Swift","Schinkel","Swanson","Sedaris","Sedin","Summer","Taylor","Teresa","Thomas","Thompson","Thornton","Thorpe","Tucker","Tudor","Turner","Tyler","Urban","Vega","Wagner","Wahlberg","Wainwright","Walker","Wallace","Waller","Walpole","Walsh","Wang","Ward","Ware","Warner","Warren","Warwick","Washington","Waterhouse","Waters","Watson","Watt","Way","Wayans","Weaver","Webb","Weber","Webster","Weiss","Wells","West","Wharton","Whitaker","White","Whitney","Whitworth","Whyte","Wilde","Wilder","William","Williams","Williamson","Willis","Wilson","Windsor","Winter","Winters","Wolfe","Womack","Wong","Wood","Woodcock","Woodward","Wright","Xystus","York","Young","Yves","Zachary","Zamprogna","Zappa","Zeno","Zima","Zimmer","Books","Dictionaries","Acronyms","By_Subject","Aerospace","Application_Specific","Internet_Terms_and_Acronyms","Film","Law","Locksmithing","Medicine","Etymology","Rhyming","Symbols","Directories","Address_and_Phone_Numbers","Mobile_Phone","Asia","Education","Alumni_Directories","Reunions","Colleges_and_Universities","Academic_Departments","Admissions","Counseling_Services","Editing_Services","Graduate_Programs","International_Students","Africa","Algeria","Angola","Benin","Botswana","Burkina_Faso","Burundi","Cameroon","Cape_Verde","Central_African_Republic","Chad","Comoros","Congo","Congo,_Democratic_Republic_of_the","American_University_of_Kinshasha","Côte_d'Ivoire","Djibouti","Egypt","Cairo_University","Equatorial_Guinea","Eritrea","Ethiopia","Addis_Ababa_University","Gabon","Gambia","Ghana","Ashesi_University_College","Kwame_Nkrumah_University_of_Science_and_Technology","St._Luke_School_of_Medicine_at_Cape_Coast","University_of_Cape_Coast","University_of_Ghana","Valley_View_University","Guinea","Guinea_Bissau","Kenya","Africa_Nazarene_University","Catholic_University_of_Eastern_Africa","Egerton_University","Kenyatta_University","Maryknoll_Institute_of_African_Studies","Moi_University","Strathmore_University","University_of_Eastern_Africa","University_of_Nairobi","Law","Lesotho","Liberia","Libya","Madagascar","Malawi","Mali","Mauritania","Mauritius","Morocco","Mozambique","Namibia","Niger","Nigeria","Reunion","Rwanda","Saint_Helena","Sao_Tome_and_Principe","Senegal","Seychelles","Sierra_Leone","Somalia","South_Africa","Cape_Technikon","Central_University_of_Technology,_Free_State","Mangosuthu_Technikon","Nelson_Mandela_Metropolitan_University","Potchefstroom_University","Rhodes_University","Clubs_and_Societies","South_African_Theological_Seminary","University_of_Johannesburg","University_of_Cape_Town","University_of_Fort_Hare","University_of_Natal","University_of_North_West","University_of_Pretoria","University_of_South_Africa","University_of_Stellenbosch","University_of_Venda","University_of_Zululand","University_of_the_Orange_Free_State","University_of_the_Western_Cape","University_of_the_Witwatersrand","Vaal_Triangle_Technikon","Durban_University_of_Technology","Cape_Peninsula_University_of_Technology","Sudan","Swaziland","Tanzania","University_of_Dar_es_Salaam","Togo","Tunisia","Uganda","Makerere_University","Mbarara_University_of_Science_and_Technology","Ndejje_University","Uganda_Christian_University","Uganda_Martyrs_University","Western_Sahara","Zambia","Zimbabwe","Africa_University","Midlands_State_University","National_University_of_Science_and_Technology","Scientific_and_Industrial_Research_and_Development_Centre","University_of_Zimbabwe","Zimbabwe_College_of_Music","Asia","Armenia","Azerbaijan","Bangladesh","Bhutan","China","Georgia","Hong_Kong","India","Andhra_Pradesh","International_Institute_of_Information_Technology","Jawaharlal_Nehru_Technological_University","Osmania_University","Arts_and_Science","Arunachal_Pradesh","Assam","Gauhati_University","Indian_Institute_of_Technology_-_Guwahati","Chandigarh","Panjab_University","Chhattisgarh","Delhi","All_India_Institute_of_Medical_Sciences","Maulana_Azad_Medical_College","St._Stephen's_College","Centres","Jawaharlal_Nehru_University","Engineering","Gujarat","AES_Post-Graduate_Institute_of_Business_Management","Bhavnagar_University","Dhirubhai_Ambani_Institute_of_Information_and_Communication_Technology","Events","Entrepreneurship_Development_Institute_of_India_-_Ahmedabad","Government_Engineering_College","Gujarat_University","H.K._Arts_College,_Ahmedabad","H.L._College_of_Commerce","Indian_Institute_of_Management,_Ahmedabad","L.D._College_of_Engineering","Maharaja_Sayajirao_University","Nirma_University_of_Science_and_Technology","North_Gujarat_University","Saurashtra_University","Smt._N._H._L._Municipal_Medical_College","Som-Lalit_Education_and_Research_Foundation","South_Gujarat_University","Kurukshetra_University","National_Dairy_Research_Institute","Jharkhand","Birla_Institute_of_Technology,_Mesra","Manipal_Academy_of_Higher_Education","Kerala","Alumni","Engineering_Colleges","Medical_Colleges","Universities","Law","Madhya_Pradesh","Maharashtra","Armed_Forces_Medical_College","Student_WebPages","Management","Medical","Punjab_Agricultural_University","Punjabi_University","Birla_Institute_of_Technology_and_Science","National_Law_University,_Jodhpur","Tamil_Nadu","Annamalai_University","K.L.N._Institutions","Tripura","Universities","Alumni","University_of_Calcutta","Bengal_Engineering_and_Science_University,_Shibpur","Alumni","Indonesia","Colleges","Institutes","Universities","Brawijaya_University","University_of_Indonesia","Japan","National","Prefectural","Private","Aichi","Nagoya","Akita","Chiba","Aomori","Ehime","Fukui","Fukuoka","Fukushima","Gifu","Gunma","Hiroshima","Hyogo","Kobe","Hokkaido","Ibaraki","Tsukuba","Iwate","Ishikawa","Kagawa","Kagoshima","Kanagawa","Kochi","Kumamoto","Kyoto","Mie","Miyazaki","Miyagi","Nagano","Nagasaki","Nara","Niigata","Oita","Okayama","Okinawa","Osaka","Saga","Saitama","Shiga","Shimane","Shizuoka","Tochigi","Tokushima","Tokyo","Toyama","Wakayama","Yamagata","Yamaguchi","Yamanashi","Kyrgyzstan","Law","Malaysia","Universiti_Kebangsaan_Malaysia","Medicine","Mongolia","Nepal","Pakistan","Computer_Science","Engineering","Management","Medical","Chats_and_Forums","Textile","Philippines","Mountain_View_College","Adamson_University","Singapore","Nanyang_Technological_University","National_University_of_Singapore","Accommodation_and_Campuses","Administration_and_Offices","Design_and_Environment","Libraries_and_Museums","Medicine","Publications_and_Media","South_Korea","Ajou_University","Andong_National_University","Ansan_College_of_Technology","Anyang_University","Asia_United_Theological_University","Berea_University_of_Graduate_Studies","Busan_National_University_of_Education","Capital_Baptist_Theological_Seminary","Catholic_University_of_Daegu","Catholic_University_of_Korea","Changwon_National_University","Cheju_National_University","Cheonan_College_of_Foreign_Studies","Cheonan_University","Cheonan_Yonam_College","Cheongju_National_University_of_Education","Chodang_University","Chongju_University","Chongshin_University","Chonnam_National_University","Chosun_University","Chugye_University_for_the_Arts","Chuncheon_National_University_of_Education","Chung-Ang_University","Chung_Cheong_College","Chungbuk_National_University","Chungbuk_Provincial_University_of_Science_and_Technology","Chungnam_National_University","Chungwoon_University","Daegu_Haany_University","Daegu_National_University_of_Education","Daegu_University","Daejin_University","Daekyeung_College","Daewon_Science_College","Dankook_University","Dong-A_University","Dong-Ah_Broadcasting_College","Dong-eui_University","Dong_Seoul_College","Dongguk_University","Donghae_University","Dongseo_University","Dongshin_University","Dongyang_University","Doowon_Technical_College","Duksung_Women's_University","Ewha_Womans_University","Gimcheon_College","Gongju_National_University_of_Education","Gumi_Polytechnic_College","Gyeongju_University","Gwangju_University","Gyeongin_National_University_of_Education","Gyeongsang_National_University","Hallym_University","Hanbat_National_University","Handong_Global_University","Hankuk_Aviation_University","Hankyong_National_University","Hannam_University","Hansei_University","Hanseo_University","Hansung_Technical_College","Hansung_University","Hanyang_University","Hapdong_Theological_Seminary","Honam_University","Hongik_University","Hoseo_University","Incheon_City_College","Information_and_Communications_University","Inha_University","Inje_University","International_Design_School_for_Advanced_Studies","International_Graduate_School_of_English","International_Graduate_University_for_Peace","Jecheon_Polytechnic_College","Jeju_College_of_Technology","Jeonbuk_Polytechnic_College","Jeonju_Kijeon_Women's_College","Jeonju_National_University_of_Education","Jeonju_Technical_College","Jeonju_University","Jinju_National_University","Joongbu_University","Juseong_College","KDI_School_of_Public_Policy_and_Management","Kangnam_University","Kangnung_National_University","Kangwon_National_University","Kaya_University","Kaywon_School_of_Art_and_Design","Keimyung_University","Kimpo_College","Kongju_Communication_Arts_College","Kongju_National_University","Konkuk_University","Konyang_University","Kookmin_University","Korea_Advanced_Institute_of_Science_and_Technology","Korea_Air_Force_Academy","Korea_Maritime_University","Korea_Military_Academy","Korea_National_Open_University","Korea_National_Police_University","Korea_National_University_of_Arts","Korea_Nazarene_University","Korea_Polytechnic_University","Korea_Textile_and_Fashion_Institute","Korea_University","Korea_University_of_Technology_and_Education","Korean_National_University_of_Cultural_Heritage","Korean_National_University_of_Education","Kosin_University","Kumoh_National_Institute_of_Technology","Kunsan_National_University","Kwandong_University","Kwangju_Health_College","Kwangju_Institute_of_Science_and_Technology","Kwangju_Polytechnic_College","Kwangwoon_University","Kyonggi_University","Kyung_Hee_University","Kyungdong_University","Kyungil_University","Kyungnam_University","Kyungpook_National_University","Kyungsung_University","Kyungwon_University","Kyungwoon_University","Methodist_Theological_Seminary","Miryang_National_University","Mokpo_National_Maritime_University","Mokpo_National_University","Mokwon_University","Myongji_University","Namseoul_University","National","Paichai_University","Pohang_University_of_Science_and_Technology","Presbyterian_College_and_Theological_Seminary","Pukyong_National_University","Pusan_National_University","Pusan_University_of_Foreign_Studies","Pyongtaek_University","Sahmyook_University","Samcheok_National_University","Sangji_University","Sangmyung_University","Sejong_University","Semyung_University","Seokyeong_University","Seoul-Jeongsu_Polytechnic_College","Seoul_National_University","Seoul_National_University_of_Education","Seoul_National_University_of_Technology","Seoul_Sports_Graduate_University","Seoul_Theological_University","Seoul_Women's_University","Seowon_University","Shingu_College","Silla_University","Sogang_University","Sookmyung_Women's_University","Soonchunhyang_University","Soongsil_University","Suncheon_First_College","Sunchon_National_University","SungKongHoe_University","Sungkyul_University","Sungkyunkwan_University","Sungshin_Women's_University","Sunmoon_University","Suwon_Women's_College","Transnational_Law_and_Business_University","Uiduk_University","University_of_Incheon","University_of_Seoul","University_of_Suwon","University_of_Ulsan","Westminster_Graduate_School_of_Theology","Wonkwang_University","Woosong_University","Yeungjin_Junior_College","Yeungnam_University","Yewon_Arts_University","Yonsei_University","Youngsan_University","Yuhan_College","Sri_Lanka","Taiwan","National","National_Chiao_Tung_University","Private","Thailand","Ayutthaya","Bangkok","Assumption_University","Bangkok_University","Chulalongkorn_University","Kasetsart_University","King_Mongkut's_Institute_of_Technology_Ladkrabang","King_Mongkut's_University_of_Technology_Thonburi","Mahidol_University","National_Institute_of_Development_Administration","Ramkhamhaeng_University","Thammasat_University","Faculty_of_Commerce_and_Accountancy","Chiang_Mai","Chiang_Mai_University","Chon_Buri","Asian_University_of_Science_and_Technology","International_Programs","Khon_Kaen","Maha_Sarakham","Mahasarakham_University","Nakhon_Nayok","Nakhon_Pathom","Nakhon_Ratchasima","Suranaree_University_of_Technology","Institute_of_Science","Nakhon_Sawan","Nakhon_Si_Thammarat","Nong_Khai","Pathum_Thani","Asian_Institute_of_Technology","Rangsit_University","Shinawatra_University","Sirindhorn_International_Institute_of_Technology","People","Research","Phetchaburi","Phitsanulok","Rajamangala_University_of_Technology","Songkhla","Prince_of_Songkla_University","Ubon_Ratchathani","Udon_Thani","Uzbekistan","Vietnam","Vietnam_National_University","Cambodia","Caribbean","Jamaica","Northern_Caribbean_University","Puerto_Rico","University_of_Puerto_Rico","US_Virgin_Islands","Central_America","Belize","Central_America_Health_Sciences_University","Galen_University","Sacred_Heart_Junior_College","St._John's_Junior_College","St._Luke's_University","University_of_Belize","Costa_Rica","CATIE_Centro_Agronomica_Tropical","Earth_University","Esepa_Seminary","INCAE","Instituto_Tecnologico_de_Costa_Rica","Inter-American_Institute_of_Human_Rights","Latin_American_Biblical_University","Organization_for_Tropical_Studies","Universidad_Latina_de_Costa_Rica","Universidad_Nacional","Universidad_Veritas","Universidad_de_Costa_Rica","Universidad_del_Diseño","University_for_Peace","El_Salvador","Guatemala","Francisco_Marroquin_University","Universidad_de_San_Carlos","Honduras","Universidad_Tecnológica_de_Honduras","Universidad_de_San_Pedro_Sula","Zamorano","Nicaragua","Ave_Maria_College_of_the_Americas","Panama","Florida_State_University_Panama","Smithsonian_Tropical_Research_Institute","Universidad_Tecnologica_de_Panama","College_Life","Magazines_and_E-zines","On-Campus","School_Cams","Student_Information_and_Services","Professor_Ratings","Weblogs","Directories","Business_School","Graduate_School","Law_School","Medical_School","Educators","Academic_Job_Search","Online_Course_Notes","Organizations","Publications","Teaching_Centers","Teaching_Portfolio","Teaching_Tools","Europe","Academic_Departments","Law","Veterinary_Medicine","Facultés_Universitaires_Notre-Dame_la_Paix","Universitaire_Faculteiten_Sint-Ignatius_te_Antwerpen","Veliko_Tarnovo","American_College_of_Management_and_Technology","Czech_Republic","Charles_University","Masaryk_University","Estonia","Academic_Departments","Finland","Academy_of_Fine_Arts","Germany","Baden-Württemberg","Fachhochschule_Aalen_-_University_of_Applied_Sciences","Fachhochschule_Esslingen_-_University_of_Applied_Sciences","University_of_Konstanz","University_of_Mannheim","University_of_Maryland_University_College_-_Mannheim_Campus","Bavaria","University_of_Bamberg","Berlin","Humboldt-University_of_Berlin","Brandenburg","Bremen","Hamburg","Hesse","Fachhochschule_Gießen-Friedberg_-_University_of_Applied_Sciences","Lower_Saxony","Georg_August_University_of_Göttingen","Leibniz_University_of_Hanover","Technical_University_of_Brunswick","North_Rhine-Westphalia","Academy_of_Music_Cologne","University_of_Dortmund","University_of_Hagen","Rhineland-Palatinate","Saarland","Saxony","Saxony-Anhalt","Schleswig-Holstein","Greece","Ireland","Dublin_Institute_of_Technology","Griffith_College","Trinity_College_Dublin","University_College_Cork","University_of_Limerick","Waterford_Institute_of_Technology","Pontifical_Biblical_Institute","Pontifical_University_of_the_Holy_Cross","University_of_Milan","Venice_International_University","Riga_Technical_University","Internationale_Akademie_für_Philosophie","Saints_Cyril_and_Methodius_University","Departments_and_Programs","Saint_Clement_of_Ohrid_University","Departments_and_Programs","Goce_Delcev_University_of_Stip","University_of_Malta","Academy_of_Economic_Studies_of_Moldova","HAN_University","Portuguese_Catholic_University","Romania","Academic_Departments","Russia","Academy_of_State_Fire_Service","Bauman_Moscow_State_Technical_University","European_University_at_Saint_Petersburg","Finance_Academy_under_the_Government_of_the_Russian_Federation","Herzen_State_Pedagogical_University_of_Russia","I.M._Sechenov_Moscow_Medical_Academy","Institute_of_International_Trade_and_Law","International_Banking_Institute","Irkutsk_State_Technical_University","Ivanovo_State_University","Kemerovo_State_University","Khabarovsk_State_University_of_Technology","Mendeleyev_University_of_Chemical_Technology","Modern_University_for_the_Humanities","Moscow_Architectural_Institute_-_State_Academy","Moscow_Institute_of_Foreign_Languages","Moscow_Institute_of_Physics_and_Technology","Moscow_State_Automobile_and_Road_Technical_University","Moscow_State_Aviation_Institute_-_University_of_Aerospace_Technology","Moscow_State_Engineering_Physics_Institute_-_Technical_University","Moscow_State_Forestry_University","Moscow_State_Institute_of_International_Relations_-_MGIMO-University","Moscow_State_Technological_University_'Stankin'","Departments_and_Faculties","Research_Institutes","Moscow_State_University_of_Culture_and_Arts","Moscow_State_University_of_Economics,_Statistics_and_Informatics","Moscow_Technical_University_of_Communications_and_Informatics","Departments_and_Programs","Perm_State_University","Petrozavodsk_State_University","Plekhanov_Russian_Academy_of_Economics","Pomor_State_University","Departments_and_Programs","Research","Russian_Academy_of_Entrepreneurship","Russian_State_Medical_University","Russian_State_University_for_the_Humanities","Saint-Petersburg_School_of_Religion_and_Philosophy","Saint_Petersburg_Electrotechnical_University","Saint_Petersburg_Mechnikov_State_Medical_Academy","Saint_Petersburg_State_Theatre_Arts_Academy","Saint_Petersburg_State_University_of_Economics_and_Finance","Samara_State_Aerospace_University","Siberian_State_Technological_University","Southern_Ural_State_University","St._Andrew's_Biblical_Theological_College","The_East-Siberian_State_University_of_Technology","Timiryazev_Agricultural_Academy","Vladivostok_State_University_of_Economics","Yaroslavl_State_University","Saint_Petersburg_State_Polytechnical_University","Libraries_and_Museums","Saint-Petersburg_State_University_of_Information_Technologies,_Mechanics_and_Optics","University_of_Kragujevac","University_of_Nis","University_of_Novi_Sad","University_of_Subotica","University_of_Navarra","University_of_Zaragoza","Sweden","Blekinge_Institute_of_Technology","Chalmers_University_of_Technology","Swedish_University_of_Agricultural_Sciences","University_College_of_Borås","Uppsala_University","Languages","Science_and_Technology","Information_Technology","Örebro_University","A","Academic_Departments","B","C","Consultancies_and_Services","D","E","England","American_Intercontinental_University","American_University_in_London","Anglia_Ruskin_University","Arts_Institute_of_Bournemouth","Aston_University","Research","Barnfield_College","Basingstoke_College_of_Technology","Bath_Spa_University","Bede_College","Bedford_College","Berkshire_College_of_Agriculture","Birmingham_College_of_Food,_Tourism_and_Creative_Studies","Birmingham_School_of_Acting","Bishop_Burton_College","Blackburn_College","Bolton_Community_College","Bournemouth_University","Bridgwater_College","Bromley_College","Brooklands_College","Brunel_University","Birmingham_City_University","Burnley_College","Burton_College","Bury_College","Cambridge_Regional_College","Cannock_Chase_Technical_College","Canterbury_Christ_Church_University","Capel_Manor_College","Castle_College_Nottingham","City_College,_Birmingham","City_College_Coventry","City_University","City_of_Bristol_College","Coventry_University","Cranfield_University","Departments_and_Programs","Dudley_College_of_Technology","Henley_College_Coventry","Lancaster_University","Departments_and_Programs","Lancaster_University_Management_School","Faculty_of_Science_and_Technology","Faculty_of_Arts_and_Social_Sciences","Organizations","Publications_and_Media","Student_Life","Arts","Departments_and_Programs","News_and_Media","Housing","Independent_Guides","International_Students","Maps_and_Views","Online_Resources","Organizations","Research","Administration","Admissions","Departments_and_Programs","Environmental_and_Social_Sciences","Humanities_and_Education","Science,_Computing_and_Engineering","The_Business_School","Libraries_and_Museums","Organizations","Publications_and_Media","Research","Research_Institutes","Matthew_Boulton_College","Myerscough_College","North_East_Worcestershire_College","Reaseheath_College","St._John's_College","Stoke_on_Trent_College","Tamworth_and_Lichfield_College","University_College_Falmouth","Departments_and_Programs","University_of_Bedfordshire","University_of_Bolton","Departments_and_Programs","Alumni","Departments_and_Programs","Faculty_of_Arts","Faculty_of_Engineering","Faculty_of_Medical_and_Veterinary_Sciences","Faculty_of_Medicine_and_Dentistry","University_of_Cambridge","Christ's_College","Admissions","Organizations","Churchill_College","Admissions","Organizations","Clare_College","Emmanuel_College","Admissions","Organizations","Girton_College","Trinity_College","Admissions","Organizations","Departments_and_Programs","School_of_Arts_and_Humanities","School_of_Technology","School_of_the_Biological_Sciences","School_of_the_Humanities_and_Social_Sciences","School_of_the_Physical_Sciences","Organizations","Academic","Charitable_and_Campaigns","Hobbies_and_Games","Performing_Arts","Religious","Social_and_Cultural","Sports","Rowing","School_of_Arts_and_Humanities","Computer_Laboratory","Theological_Colleges","University_of_Central_Lancashire","Heythrop_College","Imperial_College_of_Science,_Technology_and_Medicine","King's_College_London","School_of_Oriental_and_African_Studies","Research","Departments_and_Programs","Organizations","Research","Balliol_College","Brasenose_College","Christ_Church","Corpus_Christi_College","Exeter_College","Harris_Manchester_College","Hertford_College","Jesus_College","Keble_College","Lady_Margaret_Hall","Linacre_College","Lincoln_College","Magdalen_College","Mansfield_College","Merton_College","New_College","Nuffield_College","Oriel_College","Pembroke_College","Somerville_College","St._Anne's_College","St._Antony's_College","St._Catherine's_College","St._Cross_College","St._Edmund_Hall","St._Hilda's_College","St._Hugh's_College","The_Queen's_College","Worcester_College","University_College","St._John's_College","Green_Templeton_College","Departments","Associated_Institutions","Humanities_Division","Medical_Sciences_Division","Social_Sciences_Division","Mathematical,_Physical_and_Life_Sciences_Division","Libraries_and_Museums","Sports","Research","Permanent_Private_Halls","News_and_Media","Departments_and_Programs","Faculty_of_Pure_Science","Faculty_of_Social_Sciences","Organisations","Publications_and_Media","Departments_and_Programs","School_of_Humanities","School_of_Life_Sciences","School_of_Science_and_Technology","School_of_Social_Sciences_and_Cultural_Studies","The_Sussex_Institute","Wimbledon_College_of_Art","Durham_University","Colleges","Student_Organisations","York_College","Departments_and_Programs","F","G","H","I","J","K","L","M","N","Northern_Ireland","Belfast_Metropolitan_College","South_Eastern_Regional_College","South_West_College","North_West_Regional_College","Southern_Regional_College","Queen's_University_of_Belfast","University_of_Ulster","O","Open_University","Organizations","Students_and_Tutors","P","Q","R","S","Scotland","Aberdeen_College","News_And_Media","Admissions","Organisations","Library","Sports","Adam_Smith_College","Angus_College","Anniesland_College","Argyll_College","Ayr_College","Banff_and_Buchan_College","Barony_College","Borders_College","Cardonald_College","Central_College_of_Commerce","Clydebank_College","Dundee_College","Edinburgh's_Telford_College","Edinburgh_College_of_Art","Forth_Valley_College","Glasgow_Caledonian_University","Glasgow_College_of_Nautical_Studies","Carnegie_College","Glasgow_Metropolitan_College","Glasgow_School_of_Art","Heriot-Watt_University","Institute_for_System_Level_Integration","International_Christian_College","James_Watt_College","John_Wheatley_College","Motherwell_College","Napier_University","North_Glasgow_College","Oatridge_College","Queen_Margaret_University","Robert_Gordon_University","Administration","Departments_and_Programs","Libraries_and_Museums","Organisations","Research","Royal_Scottish_Academy_of_Music_and_Drama","Sabhal_Mòr_Ostaig","South_Lanarkshire_College","Scottish_Agricultural_College","Scottish_Association_for_Marine_Science","Stevenson_College","Stow_College","The_North_Highland_College","UHI_Millennium_Institute","University_of_Aberdeen","University_of_Abertay_Dundee","University_of_Dundee","University_of_Edinburgh","Departments_and_Programs","Organizations","University_of_Glasgow","Departments_and_Programs","University_of_St_Andrews","Student_Societies","University_of_Stirling","University_of_Strathclyde","West_Lothian_College","Leith_School_of_Art","Coatbridge_College","Cumbernauld_College","University_of_the_West_of_Scotland","T","U","V","W","Wales","Barry_College","Cardiff_University","Coleg_Llandrillo_Cymru","News_and_Media","University_of_Glamorgan","University_of_Wales,_Aberystwyth","Academic_Departments","Administrative_and_Support_Departments","Students'_Union","University_of_Wales,_Bangor","University_of_Wales,_Lampeter","University_of_Wales,_Swansea","X","Y","Z","Faculty_Experts_Directories","Financial_Aid","Calculators","Fee_Services","Scholarships","Graduate_Education","Business_Administration","Graduate_Programs","Guides","Middle_East","Cyprus","Iran","University_of_Tehran","Iraq","Ben_Gurion_University","Jordan","Kuwait","Law","Lebanon","Oman","Palestinian_Territory","Al-Quds_Open_University","Al-Quds_University","An-Najah_National_University","Arab_American_University","Bethlehem_Bible_College","Bethlehem_University","Birzeit_University","College_of_Technology","Hebron_University","Islamic_University_of_Gaza","Palestine_Polytechnic_University","Saudi_Arabia","United_Arab_Emirates","Dubai_Men's_College","Yemen","University_of_Science_and_Technology","North_America","Academic_Departments","Athletics","Concordia_University_College_of_Alberta","Athletics","Grande_Prairie_Regional_College","Athletics","Grant_MacEwan_College","Athletics","Keyano_College","Athletics","King's_University_College","Athletics","Lakeland_College","Athletics","Medicine_Hat_College","Athletics","Athletics","Red_Deer_College","Athletics","Lethbridge_College","Athletics","Athletics","Athletics","Athletics","Management,_Faculty_of","British_Columbia","Colleges","Arbutus_College","Administration","Admissions_and_Financial_Aid","Athletics","Athletics","Athletics","Athletics","Okanagan_College","Athletics","Athletics","Administration","Admissions_and_Financial_Aid","Alumni","Campuses","SFU_Harbour_Centre","Departments_and_Programs","Maps_and_Views","SFU_Surrey","Departments_and_Programs","Applied_Sciences,_Faculty_of","Arts,_Faculty_of","Business_Administration,_Faculty_of","Education,_Faculty_of","Science,_Faculty_of","Events_and_Attractions","Libraries_and_Museums","Maps_and_Views","Organization","Publications_and_Media","Centres_and_Institutes","Laboratories_and_Individuals","Athletics","Administration","Admissions_and_Financial_Aid","Athletics","Land_and_Food_Systems,_Faculty_of","Libraries_and_Museums","Okanagan","Alumni","Fraternities","Sororities","Publications_and_Media","Research","Athletics","Administration","Admissions_and_Financial_Aid","Alumni","Athletics","Courses","Departments_and_Programs","Business,_Faculty_of","Human_and_Social_Development,_Faculty_of","Science,_Faculty_of","Social_Sciences,_Faculty_of","Events_and_Attractions","Libraries","Maps,_Buildings_and_Views","Publications_and_Media","Research","Centres_and_Institutes","Laboratories_and_Individuals","Student_Organizations","Teaching_and_Learning","Thompson_Rivers_University","Athletics","Athletics","Athletics","Athletics","Departments_and_Programs","Saint_Paul's_College","Athletics","Athletics","Athletics","Athletics","Fredericton","Athletics","Saint_John","Athletics","Athletics","Athletics","Athletics","Athletics","Athletics","St._Francis_Xavier_University","Athletics","Nova_Scotia_Agricultural_College","Athletics","Athletics","Departments_and_Programs","Athletics","Colleges","Algonquin_College","Niagara_College","Royal_Military_College_of_Canada","Athletics","Athletics","Athletics","Athletics","Athletics","Athletics","Athletics","Athletics","Athletics","Athletics","University_of_Guelph-Humber","University_of_Ottawa","Athletics","University_of_Toronto","Administration","Alumni","Campuses","Colleges","The_Toronto_School_of_Theology","Knox_College","Victoria_University","Departments_and_Programs","Libraries_and_Museums","Organisations","Publications_and_Media","Research","Athletics","Athletics","Departments_and_Programs","Huron_College","Athletics","Athletics","University_of_Ontario_Institute_of_Technology","Algoma_University","Athletics","Athletics","Champlain_College","Champlain_Lennoxville_College","Athletics","John_Abbott_College","Athletics","Athletics","Administration","Alumni","Athletics","Departments_and_Programs","Libraries_and_Museums","Redpath_Museum","University_of_Quebec","University_of_Sherbrooke","Briercrest_Bible_College","Athletics","University_of_Saskatchewan","Departments_and_Programs","Agriculture","Arts_and_Science","Commerce","Dentistry","Education","Engineering","Extension_Division","Graduate_Studies_and_Research","Kinesiology","Law","Medicine","Nursing","Pharmacy_and_Nutrition","Veterinary_Medicine","Publications_and_Media","Yukon_College","DeVry_University","Campuses","Law","Medicine","Mexico","United_States","A","Alabama","Administration","Alumni","Athletics","Departments_and_Programs","Libraries_and_Museums","News_and_Media","Organizations","Fraternities_and_Sororities","Research","Organizations","Athletics","Athletics","Two-Year_Colleges","Huntsville","Athletics","Organizations","Athletics","Alaska","Two-Year_Colleges","Arizona","Arizona_State_University","Alumni","Athletics","Centers_and_Institutes","Departments","College_of_Architecture_and_Environmental_Design","College_of_Business","College_of_Engineering_and_Applied_Sciences","College_of_Fine_Arts","College_of_Liberal_Arts_and_Sciences","College_of_Public_Programs","Miracle_Valley_Bible_College_and_Seminary","Two-Year_Colleges","Athletics","Departments_and_Programs","College_of_Agriculture","College_of_Architecture","College_of_Education","College_of_Engineering_and_Mines","College_of_Fine_Arts","College_of_Humanities","College_of_Law","College_of_Medicine","College_of_Nursing","College_of_Pharmacy","College_of_Science","College_of_Social_and_Behavioral_Sciences","Eller_College_of_Business_and_Public_Administration","Graduate_College","School_of_Health_Professions","Libraries_and_Museums","University_of_Advancing_Technology","Departments","Admissions","Career_Services","College_of_Multimedia","Multimedia_Degrees","College_of_Software_Engineering","Software_Engineering_Degrees","College_of_Technology_Commerce","Technology_Commerce_Degrees","Graduate_College","Online_College","Online_Degrees","Professional_Development_Center","News_and_Media","Organizations","People","Arkansas","Ecclesia_College","Organizations","Henderson_State_University","Athletics","Greek_Life","Music_Ensembles","Two-Year_Colleges","Athletics","Fort_Smith","Athletics","B","C","California","Extension","Athletics","CSU_Fresno","Departments_and_Programs","Organizations","Athletics","Departments_and_Programs","Faculty","Administration","Alumni","Departments_and_Programs","Libraries_and_Museums","Organizations","Greek_Life","Publications_and_Media","Organizations","Academy_of_Art_University","Alliant_International_University","American_InterContinental_University_Los_Angeles","Antioch_University","Art_Center_College_of_Design","Art_Institute_of_California","Azusa_Pacific_University","Athletics","Bethany_University","Athletics","Bethel_Seminary_San_Diego","Biola_University","Athletics","California_American_University","California_Baptist_University","Athletics","California_College_of_the_Arts","California_Institute_of_Technology","Departments_and_Programs","Houses","California_Institute_of_the_Arts","Athletics","Christian_Life_College","Christian_Life_International_Bible_College","Cogswell_Polytechnical_College","Coleman_College","Concordia_University","Athletics","Athletics","Fresno_Pacific_University","Athletics","Fuller_Theological_Seminary","Golden_State_Baptist_College","Athletics","Athletics","Hope_International_University","Athletics","Humphreys_College","Jesuit_School_of_Theology_at_Berkeley","John_F._Kennedy_University","La_Sierra_University","Loma_Linda_University","Libraries_and_Museums","Marymount_College","Master's_College","Athletics","Menlo_College","Athletics","Athletics","National_University","American_Jewish_University","Athletics","Organizations","Otis_College_of_Art_and_Design","Pacific_Graduate_School_of_Psychology","Pacific_Oaks_College","Pacific_States_University","Pacific_Union_College","Athletics","Pacifica_Graduate_Institute","Patten_University","Athletics","Libraries_and_Museums","Organizations","Point_Loma_Nazarene_University","Athletics","Samuel_Merritt_College","San_Diego_Christian_College","Athletics","San_Francisco_Art_Institute","San_Francisco_Conservatory_of_Music","Shasta_Bible_College","Simpson_University","Athletics","Soka_University_of_America","Southern_California_Institute_of_Architecture","Publications_and_Media","Trinity_Life_Bible_College","Christ_Theological_Seminary","Vanguard_University","Athletics","Westmont_College","Athletics","Student_Media","Student_Ministries","Woodbury_University","Two-Year_Colleges","Bakersfield_College","Athletics","College_of_the_Redwoods","Administration","Admissions","Athletics","Campuses","Libraries_and_Museums","Organizations","Research","College_of_the_Siskiyous","Copper_Mountain_Community_College","Fresno_City_College","Grossmont_College","Lassen_Community_College","Mendocino_College","Santa_Rosa_Junior_College","Shasta_College","Sierra_College","Southwestern_College","Berkeley","History","Fraternities_and_Sororities","Schools_and_Colleges","Organizations","Athletic","Greek_Life","Honor_Societies","Religious","Organizations","Colorado","Belleview_Christian_College_and_Bible_Seminary","Athletics","Athletics","Colorado_Theological_Seminary","Two-Year_Colleges","Admissions","Alumni","Fraternities_and_Sororities","Connecticut","Athletics","Charter_Oak_State_College","Connecticut_College","Arboretum","Athletics","The_Four_Centers","Toor_Cummings_Center","Connecticut_State_University_System","School_of_Education_and_Professional_Studies","Administration","Admissions","Organizations","Student","Ancell_School_of_Business","School_of_Arts_and_Sciences","School_of_Professional_Studies","School_of_Visual_and_Performing_Arts","Athletics","Hartford_Seminary","Duncan_Black_Macdonald_Center","Lyme_Academy_College_of_Fine_Arts","Mitchell_College","Athletics","Graduate_School","Trinity_College","Athletics","Publications_and_Media","Two-Year_Colleges","Connecticut_Community_College_System","Asnuntuck","Capital","Gateway","Middlesex","Northwestern","Departments_and_Programs","Departments_and_Programs","Tunxis","Paier_College_of_Art","Saint_Vincent's_College","University_of_Connecticut","Alumni","Institute_of_Water_Resources","Center_for_Land_Use_Education_and_Research","College_of_Continuing_Studies","Libraries_and_Museums","Organizations","Center_for_Academic_Programs","Center_for_Contemporary_African_Studies","Center_for_Environmental_Sciences_and_Engineering","Center_for_International_Social_Work_Studies","Center_for_Oral_History","Center_on_Postsecondary_Education_and_Disability","Neag_Center_for_Gifted_Education_and_Talent_Development","Wildlife_Conservation_Research_Center","School_of_Dental_Medicine","Departments_and_Programs","Organizations","Institute_of_Materials_Science","School_of_Law","School_of_Social_Work","University_of_Hartford","Faculty_Pages","Community_Division","Athletics","Wesleyan_University","Davison_Art_Center","Center_for_the_Arts","Admissions","Divinity_School","Institute_of_Sacred_Music","Beinecke_Rare_Book_and_Manuscript_Library","Science_Libraries","Social_Science_Library","Sterling_Memorial_Library","Maps_and_Views","News_and_Media","Greek_Life","Political","Health_and_Medicine","Humanities_and_Social_Sciences","Sciences_and_Engineering","School_of_Art","School_of_Drama","School_of_Law","Publications_and_Media","School_of_Management","Administration","School_of_Nursing","School_of_Public_Health","D","Delaware","Athletics","Two-Year_Colleges","Athletics","E","F","Florida","Ave_Maria_University","Hodges_University","Athletics","Athletics","Athletics","Greek_Life","Keiser_University","Warner_University","Athletics","Alumni","Departments_and_Programs","Palm_Beach_Atlantic_University","Athletics","Libraries_and_Museums","Chats_and_Forums","Athletics","Southeastern_University","The_Orlando_Institute","Two-Year_Colleges","Campuses","Athletics","News_and_Media","Organizations","Fraternities_and_Sororities","Libraries_and_Museums","Webber_International_University","Athletics","Northwest_Florida_State_College","G","Georgia","Athletics","Atlanta_University_Center","Athletics","Athletics","Athletics","Organizations","Athletics","Athletics","Emory_University","Athletics","Fraternities_and_Sororities","Kennesaw_State_University","Libraries_and_Museums","Athletics","North_Georgia_College_and_State_University","Athletics","Organizations","Oglethorpe_University","Departments_and_Programs","International_Time_Capsule_Society","Athletics","Athletics","Savannah_College_of_Art_and_Design","Athletics","Athletics","Thomas_University","Athletics","Truett-McConnell_College","Two-Year_Colleges","Athletics","Athletics","H","Hawaii","Two-Year_Colleges","I","Idaho","Organizations","Fraternities_and_Sororities","Athletics","Two-Year_Colleges","Athletics","Admissions","Ethnic","Greek_Life","Religious","Sports_Clubs","Publications_and_Media","Athletics","Illinois","Athletics","Aurora_University","Athletics","Benedictine_University","Athletics","Concordia_University","Athletics","Libraries_and_Museums","Dominican_University","Elmhurst_College","Athletics","Eureka_College","Athletics","Governors_State_University","Athletics","Illinois_State_University","Administration","Admissions","Alumni","Athletics","College_of_Applied_Science_and_Technology","College_of_Arts_and_Sciences","College_of_Business","College_of_Education","College_of_Fine_Arts","Mennonite_College_of_Nursing","Events_and_Attractions","Fundraising","Libraries_and_Museums","Organizations","Publications_and_Media","Technology","Athletics","Libraries_and_Museums","Publications_and_Media","McKendree_University","Athletics","Millikin_University","Athletics","Moody_Bible_Institute","North_Central_College","Athletics","Athletics","Northeastern_Illinois_University","Robert_Morris_College","Athletics","Rockford_College","Athletics","Roosevelt_University","Rush_University","Shimer_College","Trinity_Christian_College","Athletics","Two-Year_Colleges","Illinois_Eastern_Community_Colleges","Lexington_College","Administration","Admissions","Alumni","Bookstores","Housing","Webcams","Magazines_and_Journals","Organizations","Arts","Students","Personal_Pages","University_of_Chicago_Press","Urbana-Champaign","Administration","Alumni_Clubs","Research","Issues","Chief_Illiniwek","Hobby_Interests","Publications_and_Media","Research","College_of_Engineering","Graduate_School_of_Library_and_Information_Science","Athletics","Athletics","Judson_University","Athletics","Indiana","Associated_Mennonite_Biblical_Seminary","Bethel_College","Athletics","Calumet_College_of_St._Joseph","Athletics","Organizations","Goshen_College","Athletics","Athletics","Huntington_University","Athletics","Hyles-Anderson_College","Indiana_Bible_College","Athletics","Greek_Life","Indiana_University_Southeast","Athletics","Indiana_Wesleyan_University","Athletics","Marian_College","Athletics","Martin_University","Purdue_University","Alumni","Athletics_and_Club_Sports","Recreational_Clubs","Purdue_North_Central","Fort_Wayne_Campus","Upland_Campus","Athletics","Two-Year_Colleges","University_of_Evansville","Administration","Admissions","Alumni","Athletics","Departments_and_Programs","College_of_Arts_and_Sciences","Department_of_Philosophy_and_Religion","College_of_Education_and_Health_Sciences","College_of_Engineering_and_Computer_Science","School_of_Business_Administration","Libraries_and_Museums","Organizations","Fraternities_and_Sororities","Publications_and_Media","Research","Libraries_and_Museums","Athletics","Trine_University","Athletics","Iowa","Athletics","Athletics","Buena_Vista_University","Athletics","Central_College","Athletics","Departments_and_Programs","Organizations","Athletics","Coe_College","Athletics","Athletics","Dordt_College","Athletics","Athletics","Faith_Baptist_Bible_College_and_Theological_Seminary","Graceland_University","Athletics","Iowa_Wesleyan_College","Athletics","Athletics","Luther_College","Athletics","Athletics","Northwestern_College","Athletics","Saint_Ambrose_University","Athletics","Simpson_College","Athletics","Two-Year_Colleges","Athletics","Upper_Iowa_University","Athletics","Waldorf_College","Athletics","Wartburg_College","Athletics","William_Penn_University","Athletics","Grand_View_University","Athletics","J","K","Kansas","Athletics","Bethany_College","Athletics","Bethel_College","Athletics","Central_Christian_College","Athletics","Organizations","Athletics","Greek_Life","Kansas_Wesleyan_University","Athletics","McPherson_College","Athletics","Newman_University","Athletics","Athletics","Southwestern_College","Athletics","Sterling_College","Athletics","Tabor_College","Athletics","Two-Year_Colleges","University_of_Saint_Mary","Athletics","Kentucky","Alice_Lloyd_College","Athletics","Asbury_College","Athletics","Berea_College","Athletics","Brescia_University","Athletics","Campbellsville_University","Athletics","Mid-Continent_University","Athletics","Georgetown_College","Athletics","Kentucky_Christian_College","Lindsey_Wilson_College","Athletics","Midway_College","Athletics","Pikeville_College","Athletics","Spalding_University","Athletics","The_Southern_Baptist_Theological_Seminary","Athletics","Two-Year_Colleges","Hazard_Community_and_Technical_College","Hopkinsville_Community_College","Union_College","Athletics","Athletics","Organizations","Greek_Life","Organizations","Greek_Life","Organizations","University_of_the_Cumberlands","Athletics","L","Louisiana","Louisiana_Baptist_University","Alumni","Athletics","College_of_Arts_and_Sciences","Paul_M._Hebert_Law_Center","Organizations","Greek_Life","Admissions","Club_Sports","Newspapers","Greek_Life","Athletics","Athletics","Departments_and_Programs","Organizations","Fraternities_and_Sororities","Schools_and_Colleges","Two-Year_Colleges","Louisiana_State_University","Lafayette","Athletics","M","Maine","Bowdoin_College","Organizations","College_of_the_Atlantic","Athletics","Athletics","Athletics","Two-Year_Colleges","Athletics","University_of_Maine","Athletics","Athletics","Athletics","Athletics","Athletics","Maryland","Athletics","Athletics","Organizations","Fraternities_and_Sororities","Athletics","Two-Year_Colleges","United_States_Naval_Academy","Admissions","Alumni","Classes","Athletics","Departments_and_Programs","Libraries_and_Museums","Organizations","Parents'_Clubs","Publications_and_Media","University_System_of_Maryland","Center_for_Environmental_Science","University_of_Maryland_Biotechnology_Institute","Libraries_and_Museums","Organizations","Fraternities_and_Sororities","Massachusetts","Amherst_College","Alumni","Athletics","Organizations","Musical_Groups","Publications","Religious_Organizations","Athletics","Boston_College","Organizations","Organizations","Athletics","Libraries_and_Museums","Organizations","Athletics","Directories","Libraries_and_Museums","Athletics","Athletics","Athletics","Administration","Alumni","Arts_and_Entertainment","Faculty_of_Arts_and_Sciences","Division_of_Continuing_Education","Libraries","Research","Faculty_of_Medicine","Harvard_Medical_Center","Research","Harvard_Medical_School","Research","Libraries","Graduate_School_of_Design","Libraries","Graduate_School_of_Education","Libraries","Research","Harvard_Business_School","Alumni","Libraries","Harvard_Divinity_School","Libraries","Research","Harvard_Law_School","Libraries","Research","John_F._Kennedy_School_of_Government","Libraries","Research","Libraries","Maps_and_Views","Organizations","Radcliffe_Institute_for_Advanced_Study","Libraries","Research","School_of_Public_Health","Research","Hebrew_College","Lasell_College","Athletics","Athletics","Athletics","Organizations","Fraternities_and_Sororities","Athletics","Athletics","Athletics","Athletics","Alumnae","Clubs","Springfield_College","Athletics","Organizations","Greek_Life","Two-Year_Colleges","Amherst","Organizations","Fraternities_and_Sororities","Athletics","Athletics","Athletics","Athletics","Athletics","Athletics","Men's_Colleges","Michigan","Alma_College","Andrews_University","Athletics","Central_Michigan_University","Athletics","Colleges_and_Departments","Libraries","Organizations","Greek_Life","Concordia_University","Athletics","Athletics","Ferris_State_University","Colleges_and_Departments","College_of_Allied_Health_Sciences","Departments","College_of_Arts_and_Sciences","Departments","College_of_Business","Departments","College_of_Education_and_Human_Services","College_of_Optometry","College_of_Pharmacy","College_of_Technology","University_College","Finlandia_University","Athletics","Hope_College","Administration","Academic_Affairs","Finance_and_Operations","Housing","University_Development","Admissions_and_Enrollment","Alumni","Regional","Colleges_and_Departments","Departments","Professional_Schools","Departments","Professional_Schools","Departments","Professional_Schools","Departments","Departments","Departments","Departments","Departments","Departments","Departments","Professional_Schools","Departments","International_Studies_and_Programs","Conference_and_Event_Facilities","Greek_Life","Organizations","Professional_and_Honorary_Organizations","Outreach_and_Extension","MSU_Extension","University_Outreach","Performing_Arts_and_Entertainment","Publications_and_Media","Student_Resources","Athletics","Spring_Arbor_University","Athletics","Two-Year_Colleges","Administration","Literature,_Science,_and_the_Arts","Athletics","Education,_School_of","Engineering,_College_of","Organizations","Minnesota","Alder_Graduate_School","Art_Institutes_International_Minnesota","Departments_and_Programs","Organizations","Bethel_Seminary","Departments_and_Programs","Carleton_College","Admissions","Alumni","Departments_and_Programs","Programs","Libraries_and_Museums","Organizations","Publications_and_Media","Research","Alumni","Libraries_and_Museums","Libraries_and_Museums","Athletics","College_of_Visual_Arts","Crossroads_College","Athletics","Crown_College","Athletics","Gustavus_Adolphus_College","Athletics","Organizations","Research","Alumni","Libraries_and_Museums","Martin_Luther_College","Athletics","Departments_and_Programs","Athletics","Departments_and_Programs","Two-Year_Colleges","Minneapolis_Community_and_Technical_College","Publications_and_Media","Libraries_and_Museums","Organizations","Greek_Life","Mississippi","Athletics","Athletics","Athletics","Athletics","Two-Year_Colleges","Athletics","Fraternities_and_Sororities","Athletics","Missouri","Athletics","Athletics","Athletics","Athletics","Athletics","Athletics","Athletics","Athletics","Academic_Departments","Admissions","Athletics","Two-Year_Colleges","Organizations","Organizations","Montana","Athletics","Athletics","Rocky_Mountain_College","Athletics","University_of_Great_Falls","Athletics","Athletics","Western","Athletics","N","Nebraska","Athletics","Concordia_University_Nebraska","Athletics","Athletics","Doane_College","Athletics","Hastings_College","Athletics","Midland_Lutheran_College","Athletics","Nebraska_Wesleyan_University","Athletics","Athletics","Two-Year_Colleges","Union_College","Libraries_and_Museums","Organizations","Fraternities","Sororities","Publications_and_Media","Research","Libraries_and_Museums","Athletics","Nevada","Morrison_University","Two-Year_Colleges","New_Hampshire","Antioch_University","Chester_College_of_New_England","Colby-Sawyer_College","Athletics","Daniel_Webster_College","Athletics","Dartmouth_College","Franconia_College","Granite_State_College","Keene_State_College","Magdalen_College","New_England_College","Athletics","Plymouth_State_University","Libraries_and_Museums","Athletics","Saint_Anselm_College","Southern_New_Hampshire_University","Athletics","Thomas_More_College_of_Liberal_Arts","Two-Year_Colleges","Departments_and_Programs","Franklin_Pierce_University","Athletics","New_Jersey","Athletics","Athletics","Centenary_College","Athletics","Athletics","Athletics","New_Jersey_Institute_of_Technology","Club_Sports","Greek_Life","School_of_Arts_and_Sciences","Athletics","Two-Year_Colleges","Burlington_County_College","Athletics","New_Mexico","Organizations","Two-Year_Colleges","Libraries_and_Museums","University_of_the_Southwest","Athletics","New_York","Athletics","Libraries_and_Museums","Organizations","Fraternities_and_Sororities","Athletics","CUNY","Baruch_College","Brooklyn_College","Athletics","City_College_of_New_York","College_of_Staten_Island","Athletics","College_of_Technology","Departments_and_Programs","Organizations","Cazenovia_College","Athletics","Athletics","Columbia_University","Cornell_University","Student_and_Academic_Services","Cornell_Commitment","Classes","Organizations","Departments_and_Programs","Weill_Medical_College","Ethnic_and_International","D'Youville_College","Athletics","Daemen_College","Athletics","Dominican_College","Athletics","Departments_and_Programs","Athletics","Hartwick_College","Athletics","Athletics","Organizations","Fraternities_and_Sororities","Houghton_College","Athletics","Publications_and_Media","Keuka_College","Athletics","Manhattanville_College","Athletics","Monroe_College","Mount_Saint_Mary_College","Athletics","Nazareth_College","Athletics","New_York_University","Centers_and_Institutes","Departments_and_Programs","School_of_Medicine","Student_Organizations,_Activities_and_Events","Nyack_College","Athletics","Schools_and_Colleges","Athletics","Rensselaer_Polytechnic_Institute","Media","Professional_Organizations","Cultural","Club_Sports","Music","Technology","Gaming","Government","Community_Service","Honors_Societies","Cars_Trains_Planes","Business","Cooking","Theater_and_Performance","Academic_Departments","Alumni_Resources","Student_Resources","Athletics","Admissions","Athletics","National_Technical_Institute_for_the_Deaf","Libraries","SUNY","Campus_Organizations","Departments_and_Colleges","Athletics","Departments","Research","Athletics","Canton_College_of_Technology","Athletics","Athletics","Organizations","Greek_Life","Institute_of_Technology","Academic_Schools","News_and_Media","Athletics","Student_Clubs","University_Centers_and_Colleges","Athletics","Brooklyn_Campus","Athletics","Suffolk_Campus","Athletics","Athletics","The_Academy_for_Jewish_Religion","The_New_School","Libraries","Touro_College","Two-Year_Colleges","CUNY","SUNY","University_of_Rochester","Postdoctoral_Fellowships","Summer_Fellowships","Clinical_Centers","Divisions_and_Units","Study_Abroad","Centers_and_Institutes","Programs_and_Projects","Utica_College","Athletics","Vassar_College","Athletics","Yeshiva_University","North_Carolina","Art_Institute_of_Charlotte","Barber-Scotia_College","Athletics","Athletics","Brevard_College","Athletics","Carolina_Bible_College","Academics_and_Research","Arts_and_Sciences_and_Trinity_College","Centers","Divinity_School","Fuqua_School_of_Business","Graduate_School","Interdisciplinary_Programs","Nicholas_School_of_the_Environment_and_Earth_Sciences","Pratt_School_of_Engineering","School_of_Law","School_of_Medicine","School_of_Nursing","Service_Programs","Community_Service","News_and_Media","Organizations","Fraternities_and_Sororities","Athletics","Montreat_College","Athletics","North_Carolina_Agricultural_and_Technical_State_University","Departments_and_Colleges","News_and_Media","Student_Resources","Research","Southern_Evangelical_Seminary_and_Bible_College","Two-Year_Colleges","School_of_Medicine","Libraries_and_Museums","Organizations","Fraternities_and_Sororities","Performing_Arts","Religious","Alumni","News_and_Media","Wake_Forest_University","Departments_and_Programs","Athletics","Athletics","North_Dakota","Athletics","Athletics","Athletics","Athletics","Two-Year_Colleges","Athletics","O","Ohio","Libraries_and_Museums","Athletics","Athletics","Athletics","May_4,_1970_Shootings","Organizations","Athletics","Athletics","Ohio_Christian_University","Athletics","Athletics","Career_Services","Allied_Medical_Professions,_School_of","Architecture,_Austin_E._Knowlton_School_of","Arts,_College_of_the","Biological_Sciences,_College_of","Business,_Fisher_College_of","Engineering,_College_of","Food,_Agricultural_and_Environmental_Sciences,_College_of","Organizations","Greek_Life","Payne_Theological_Seminary","Athletics","Athletics","Tri-State_Bible_College","Two-Year_Colleges","Kent_State_University","Ohio_State_University","Ohio_University","University_of_Cincinnati","University_of_Northwestern_Ohio","Athletics","Athletics","Athletics","Athletics","Athletics","Oklahoma","Langston_University","Athletics","Northwestern_Oklahoma_State_University","Athletics","Oklahoma_Baptist_University","Athletics","Oklahoma_Christian_University","Athletics","Athletics","Athletics","Athletics","Athletics","Saint_Gregory's_University","Athletics","Athletics","Two-Year_Colleges","Departments_and_Programs","Health_Sciences_Center","Organizations","Fraternities_and_Sororities","Athletics","Oklahoma_Panhandle_State_University","Oregon","Athletics","Corban_College","Athletics","George_Fox_University","Athletics","Gutenberg_College","Athletics","Linfield_College","Athletics","Oregon_Institute_of_Technology","Athletics","Athletics","Reed_College","Athletics","Two-Year_Colleges","Administration","Alumni","Departments_and_Programs","Charles_H._Lundquist_School_of_Business","College_of_Arts_and_Sciences","College_of_Education","Continuing_Education","School_of_Architecture_and_Allied_Arts","School_of_Journalism_and_Communication","School_of_Music","Libraries_and_Museums","Organizations","Publications_and_Media","Warner_Pacific_College","Athletics","Athletics","P","Pennsylvania","Arcadia_University","Athletics","Athletics","Bethel_Seminary_of_the_East","College_of_Liberal_Arts","College_of_Professional_Studies","College_of_Science_and_Technology","Organizations","Athletics","Administration","Athletics","Departments_and_Programs","Organizations","Research","West_Coast_Branch","Athletics","DeSales_University","Athletics","Dickinson_College","Athletics","College_of_Medicine","Administration","Admissions","Departments_and_Programs","Libraries_and_Museums","Organizations","Publications_and_Media","Athletics","Gratz_College","Athletics","Keystone_College","Athletics","Athletics","Athletics","Lehigh_University","Mount_Aloysius_College","Peirce_College","Penn_State_University","Administration","Athletics","Departments_and_Programs","University_Park","Departments_and_Programs","Athletics","Point_Park_University","Athletics","Athletics","Seton_Hill_University","Athletics","Shippensburg_University","Two-Year_Colleges","Fraternities_and_Sororities","Organizations","Fraternities_and_Sororities","Athletics","West_Chester_University","Departments_and_Programs","Research","Q","R","Rhode_Island","Departments_and_Programs","Libraries_and_Museums","Organizations","Athletics","Roger_Williams_University","Athletics","Athletics","Libraries_and_Museums","Organizations","Fraternities_and_Sororities","S","South_Carolina","Athletics","Arts_and_Entertainment","Athletics","Organizations","Organizations","Academic","Fraternities_and_Sororities","Sports","Publications_and_Media","Athletics","Columbia_International_University","Athletics","Furman_University","Lander_University","Athletics","Morris_College","Southern_Wesleyan_University","Athletics","Two-Year_Colleges","University_of_South_Carolina","University_of_South_Carolina","Columbia","Athletics","Organizations","Greek_Life","Spartanburg","Voorhees_College","Athletics","North_Greenville_University","Publications_and_Media","South_Dakota","Athletics","Athletics","Athletics","Athletics","Presentation_College","Athletics","Athletics","Athletics","Sioux_Falls_Seminary","T","Tennessee","Organizations","Fraternities_and_Sororities","Baptist_College_of_Health_Sciences","Bethel_College","Athletics","Athletics","Crown_College","East_Tennessee_State_University","Athletics","Athletics","Jubilee_Singers","Athletics","Athletics","Knoxville_College","Athletics","Athletics","Athletics","Athletics","Athletics","Sewanee_-_University_of_the_South","Organizations","Greek_Life","Athletics","Athletics","Trevecca_Nazarene_University","Athletics","Two-Year_Colleges","Chattanooga_State_Technical_Community_College","Cleveland_State_Community_College","Draughons_Junior_College","Hiwassee_College","Jackson_State_Community_College","John_A._Gupton_College","Motlow_State_Community_College","Pellissippi_State_Technical_Community_College","Roane_State_Community_College","Southwest_Tennessee_Community_College","Walters_State_Community_College","Athletics","Libraries_and_Museums","Knoxville","Athletics","Fraternities_and_Sororities","College_of_Business_Administration","UT_Space_Institute","Athletics","Texas","Baptist_University_of_the_Américas","Baylor_College_of_Medicine","East_Texas_Baptist_University","Athletics","Huston-Tillotson_University","Athletics","Jarvis_Christian_College","Athletics","Athletics","Athletics","Events","Beer-Bike","Administration","Admissions","Departments_and_Programs","Libraries_and_Museums","Organizations","Greek_Life","Honor_and_Academic","Religious","Publications_and_Media","Research","Student_Life","Organizations","Admissions","Research","Events","Libraries","Alumni","Museums","Southwestern_Assemblies_of_God_University","Athletics","Texas_A&amp;M_University","Administration","Admissions","Conferences","Alumni","Programs","Faculty","Libraries_and_Museums","Corps_of_Cadets","Greek_Life","International","Sports","Publications_and_Media","Texas_A&amp;M_International","Texas_A&amp;M_System","Colleges_and_Schools","College_of_Agriculture_and_Life_Sciences","College_of_Liberal_Arts","Bush_School_of_Government_and_Public_Service","Texas_College","Athletics","Texas_State_University_-_San_Marcos","Sports","Two-Year_Colleges","Universidad_Nacional_Autonoma_de_Mexico","Houston","University_of_North_Texas","Admissions","Departments_and_Programs","Health_Science_Center_at_Fort_Worth","Academic","Sports","Libraries_and_Museums","Housing","Organizations","Faculty","Athletics","San_Antonio","Athletics","Athletics","Athletics","Athletics","Two-Year_Colleges","U","Utah","Financial_Aid","Personal_Pages","Research","Financial_Aid_Assistance","Salt_Lake_Seminary","Two-Year_Colleges","Weber_State_University","Athletics","Athletics","Athletics","V","Vermont","Athletics","College_of_Saint_Joseph","Athletics","Athletics","Athletics","Athletics","Athletics","Athletics","Athletics","Sterling_College","Two-Year_Colleges","Virginia","Apprentice_School","Athletics","Athletics","Christ_College","Athletics","Fraternities_and_Sororities","Eastern_Mennonite_Seminary","Athletics","Departments_and_Programs","Programs","Faculty_Homepages","Organizations","Publications_and_Media","James_Madison_University","Administration","Academic_Affairs","Administration_and_Finance","Computing","Finance","Institutional_Effectiveness","Student_Affairs","University_Relations","Admissions","Alumni","Giving","Athletics","Departments_and_Programs","Arts_and_Letters","Business","Education_and_Psychology","Graduate_and_Professional_Programs","Integrated_Science_and_Technology","Science_and_Mathematics","Visual_and_Performing_Arts","Events_and_Attractions","Libraries_and_Museums","Organizations","Community","Entertainment","Fraternities_and_Sororities","African_American","Professional","Governance","Greek_Life","Honors","International","Media","Multicultural","Political","Professional","Religious","Sports","Research","Patrick_Henry_College","Athletics","Two-Year_Colleges","Blue_Ridge_Community_College","Central_Virginia_Community_College","Dabney_S._Lancaster_Community_College","Danville_Community_College","Eastern_Shore_Community_College","Germanna_Community_College","J._Sargeant_Reynolds_Community_College","John_Tyler_Community_College","Lord_Fairfax_Community_College","Mountain_Empire_Community_College","New_River_Community_College","Northern_Virginia_Community_College","Patrick_Henry_Community_College","Paul_D._Camp_Community_College","Piedmont_Virginia_Community_College","Rappahannock_Community_College","Richard_Bland_College","Southside_Virginia_Community_College","Southwest_Virginia_Community_College","Thomas_Nelson_Community_College","Tidewater_Community_College","Virginia_Highlands_Community_College","Virginia_Western_Community_College","Wytheville_Community_College","Local_Chapters","Wise","Athletics","Curry_School_of_Education","Athletics","Bookstores","Libraries_and_Museums","W","Washington","Gonzaga_University","Admissions","Campus_Resources","Organizations","Publications_and_Media","College_of_Arts_and_Sciences","Faculty","Two-Year_Colleges","Clark_College","Seattle_Central_Community_College","Alumni","Faculty","Organizations","Washington,_DC","College_of_Arts_and_Sciences","School_of_Communication","School_of_International_Service","Organizations","Programs","Research_Centers","Columbus_School_of_Law","Media_and_Publications","Offices_and_Programs","Corcoran_College_of_Art_and_Design","Dominican_House_of_Studies","Gallaudet_University","Departments_and_Programs","Media_and_Publications","College_of_Arts_and_Sciences","Edmund_A._Walsh_School_of_Foreign_Service","Law_Center","Offices_and_Programs","Robert_Emmett_McDonough_School_of_Business","School_of_Nursing_and_Health_Studies","Johns_Hopkins_University","Potomac_College","Athletics","Libraries_and_Museums","West_Virginia","Mountain_State_University","Athletics","Athletics","Athletics","Alumni","Parkersburg","Wisconsin","Alverno_College","Athletics","Beloit_College","Cardinal_Stritch_University","Athletics","Carthage_College","Athletics","Concordia_University","Edgewood_College","Athletics","Lakeland_College","Athletics","Lawrence_University","Maranatha_Baptist_Bible_College","Athletics","Marian_College","Athletics","Medical_College_of_Wisconsin","Milwaukee_School_of_Engineering","Athletics","Mount_Mary_College","Northland_Baptist_Bible_College","Alumni","Northland_College","Athletics","Ripon_College","Saint_Norbert_College","Two-Year_Colleges","University_of_Wisconsin","Eau_Claire","Greek_Life","Stevens_Point","Departments_and_Programs","Stout","Organizations","Viterbo_University","Athletics","Wisconsin_International_University","Wisconsin_Lutheran_College","Athletics","Wyoming","Jackson_Hole_Bible_College","Two-Year_Colleges","University_of_Wyoming","Athletics","Warren_National_University","X","Y","Z","Veterinary_Medicine","Oceania","Academic_Departments","Law","Veterinary_Medicine","Australian_Capital_Territory","Australian_National_University","University_of_Canberra","New_South_Wales","Charles_Sturt_University","Macquarie_University","Southern_Cross_University","University_of_New_England","University_of_New_South_Wales","University_of_Newcastle","University_of_Sydney","Departments_and_Programs","Organizations","University_of_Technology,_Sydney","Organisations","University_of_Western_Sydney","University_of_Wollongong","Northern_Territory","Charles_Darwin_University","Queensland","James_Cook_University","Faculty_of_Arts,_Education_and_Social_Sciences","Faculty_of_Science_and_Engineering","University_of_Queensland","South_Australia","University_of_South_Australia","Tasmania","Faculty_of_Law","Victoria","Deakin_University","Melbourne_University_Private","Monash_University","Faculty_of_Art_and_Design","Faculty_of_Arts","Faculty_of_Business_and_Economics","Faculty_of_Education","Faculty_of_Engineering","Faculty_of_Information_Technology","Faculty_of_Law","Faculty_of_Medicine,_Nursing_and_Health_Sciences","Faculty_of_Pharmacy","Faculty_of_Science","Student_Associations","Swinburne_University_of_Technology","The_University_of_Melbourne","Clubs_and_Societies","Residential_Colleges","School_of_Graduate_Studies","Victorian_College_of_the_Arts","Western_Australia","Administration","Campus_Life_and_Clubs","Divisions,_Schools_and_Departments","Research","Murdoch_University","University_of_Notre_Dame","Faculties,_School_and_Departments","Research","New_Zealand","Polytechnics","Universities","Tonga","South_America","Argentina","Bolivia","Brazil","Chile","Ecuador","Transdisciplinary","Academic_Departments","Publications","Virtual_Tours","Directories","Distance_Learning","Associations","Chats_and_Forums","Conferences","Correspondence_Courses","Languages","Directories","Institutions","Australia","United_Kingdom","United_States","Online_Courses","Designing_and_Printing","E-learning_Portals","Engineering","Further_Education","Healthcare","Kids","MBA","Marketing","Math","Preparatory","Typing","Online_Teaching_and_Learning","E-learning_Companies","Independent_Research","Videoconferencing","Early_Childhood","Magazines_and_E-zines","Mailing_Lists","Organizations","Special_Needs","Subjects","Art","Theory","Language_Arts","Alphabet","Literature","Math","Music","Science","Social_Studies","Educational_Testing","Opposing_Views","Test_Authoring_Firms","Testing_Research","Educators","Academic_Dishonesty","Exchange_Programs","Job_Fairs","Recruiters","How_to_Study","Postgraduate_Research","Instructional_Technology","Course_Website_Software","Evaluation","Web_Site_Evaluation","Hoax_Sites","Scôz_am_Rhein","Higher_Education","Centers","Directories","MUDs_and_MOOs","Organizations","Publications","Organizations","Publications","Weblogs","International_Baccalaureate","Notes_and_Essays","Schools","Africa","Egypt","Ghana","Morocco","Tanzania","Uganda","Asia","China","Hong_Kong","Indonesia","Malaysia","Singapore","Thailand","Caribbean","Central_America","Costa_Rica","Europe","Czech_Republic","Denmark","France","Greece","Italy","Netherlands","Norway","Poland","Sweden","Switzerland","United_Kingdom","Middle_East","Turkey","North_America","Bermuda","Canada","Mexico","United_States","California","Colorado","Florida","Georgia","Illinois","New_York","South_Carolina","Texas","Oceania","Australia","Africa","Botswana","Cameroon","Côte_d'Ivoire","Egypt","Ethiopia","Ghana","Kenya","Malawi","Morocco","Nigeria","Senegal","South_Africa","Tanzania","Togo","Zambia","Asia","Afghanistan","Bangladesh","Cambodia","China","India","Indonesia","Japan","Kazakhstan","Laos","Malaysia","Mongolia","Myanmar","Nepal","Pakistan","Philippines","South_Korea","Sri_Lanka","Taiwan","Thailand","Vietnam","Belgium","Russia","Spain","North_America","Peru","International_Student_Exchange","Programs","High_School","University","Language_Schools","French","Located_in_Italy","Japanese","Projects","Program_Directories","K_through_12","Associations","Bilingual_Education","Language_Schools","Practice","At-Risk_Students","Curriculum","Educators","Lesson_Plans","New_and_Prospective_Teachers","Personal_and_Class_Pages","Elementary","High_School","Middle_School","Professional_Development","Rubrics","Substitute_Teaching","Teaching_Resources","Elementary","High_School","Middle_School","Associations","Elementary","Gifted_Education","Curriculum_Differentiation","Laws","Mainstreaming","Parents","Camps","Distance_Learning","Elementary","Secondary","Resources","School_Reform","Gifted_Girls","Profoundly_Gifted","Home_Schooling","Charlotte_Mason","Unit_Studies","Commercial","Free","Single_Units","Correspondence_Schools","Military","News_and_Media","Asia","Curriculum_and_Courses","Support_Groups_and_Organizations","Cover_Schools","Family_Pages","Local_Support_Groups","Alaska","Family_Pages","California","Chats_and_Forums","Family_Pages","Local_Support_Groups","Family_Pages","Family_Pages","Local_Support_Groups","Family_Pages","Local_Support_Groups","Family_Pages","Local_Support_Groups","Family_Pages","Family_Pages","Family_Pages","Family_Pages","Maine","Family_Pages","Maryland","Family_Pages","Local_Support_Groups","Family_Pages","Family_Pages","Family_Pages","Family_Pages","Family_Pages","Family_Pages","Family_Pages","Local_Support_Groups","Family_Pages","Family_Pages","Local_Support_Groups","Pennsylvania","Newspaper_and_Media_Reports","South_Carolina","Family_Pages","Local_Support_Groups","Local_Support_Groups","Texas","Associations","Chats_and_Forums","Family_Pages","Local_Support_Groups","Family_Pages","Family_Pages","Chats_and_Forums","Family_Pages","Local_Support_Groups","Family_Pages","Family_Pages","Australia","Religious","Christian","Latter-Day_Saints","Jewish","Muslim","Unschooling","Chats_and_Forums","Family_Pages","Magazines_and_E-zines","Private_Schools","Residential","College_Preparatory","Sudbury_Valley_Model","Canada","United_Kingdom","Public_Schools","School_Improvement","Character_First","School_Safety","Labs_and_Experiments","School_Resource_Officers","Supplemental_Funding","Grants","Technology","Activities_and_Lessons","Teacher_Training","Technology_Coordinator","Methods_and_Theories","Instructional_Design","Distance_Learning_and_Training","Learning_Theories","Active_Learning","Aesthetic_Realism","Behaviorism","Brain-Based_Learning","Charter_Schools","Constructivism","Holistic_Education","Cooperative_Education","Experiential_Education","Inquiry_Based_Learning","Chats_and_Forums","Content_Resources","Courses","Curriculum_Resources","Implementation","Instructional_Models","Journals","Organizations","Projects","Service_Learning","Software","Teacher_Inquiry","Learning_Styles","Montessori","Organizations","Subjects","Multiple_Intelligences","Outcome-Based_Education","Problem-Based_Learning","Reggio_Emilia_Approach","Right_Brain_-_Left_Brain_Thinking","Situated_Learning","Transformative_Learning","Waldorf","News_and_Media","Organizations","Bilingual_Education","By_Country","Children's_International_Summer_Villages","Literacy","PTA","Councils","Local_Units","Academic_Papers","Fee_Based","Books","Early_Childhood","Equipment_and_Supplies","Foreign_Languages","English","Software","Spanish","Home_Schooling","K_through_12","Curriculum_Support_Material","Reading","Software","Speed_Reading","Research","Tutoring","Languages","Science","Special_Education","Study_Assistance","Special_Education","Online_Services","Test_Preparation","GCSE","GED","CFA","SAT","UK_National_Curriculum_Assessments","Digital_Yearbooks","Special_Education","Conductive_Education","Inclusion","Dyslexia","Personal_Pages","Training_Centers_and_Programs","Research","Organizations","Hearing_Impaired","Manual_Communication","Oral_Communication","Learning_Disabilities","Support","Training","Subjects","Vocational","Subject_Encyclopedias","Free","Regional","Provincial_Flags","United_States","Vexillology","Journals","Arts","Business","Society","Knots","Boating","Decorative","Fishing","Neckties","Scouting","Tyers","Knowledge_Management","Business_and_Companies","Consultants","Case_Studies","Directories","Distributed_Knowledge","Education","Employment","Events","Past","Information_Architecture","Associations_and_Conferences","Books","Business_Intelligence","Business_and_Companies","Software","Digital_Asset_Management","Software_and_Tools","Learning_Organizations","Memory_Improvement","Organizational_Memory","Software","Information_Overload","Effects","Email_Overload","Hypertext","Relevance_Filtering","Knowledge_Creation","Brainstorming","Software","Concept_Mapping","Software","Mind_Mapping","Problem_Solving","Critical_Path_Analysis","Decision_Trees","Root_Cause_Analysis","Articles","Chats_and_Forums","Conferences","Directories","Weblogs","TRIZ","Knowledge_Discovery","Books","Business_and_Companies","Information_Visualization","Projects_and_Research","Publications","Scientific_Visualization","Projects_and_Research","Software","Software","Companies","Magazines_and_E-zines","Organizations","Software","Text_Mining","Collaboration","Business_and_Companies","Software","Communities_of_Practice","Computer_Mediated_Communication","Hoarding_and_Sharing","Knowledge_Markets","Storytelling","Suggestion_Solicitation","Knowledge_Representation","Events","Languages_and_Standards","Published_Ontologies","Software_and_Tools","Tutorials","Publications","Semantic_Web","Topic_Maps","Examples_and_Use_Cases","Forums_and_Mailing_Lists","Software_and_Tools","Specifications_and_Standards","Technical_Papers","Vendors_and_Consultants","Working_Groups_and_Committees","Knowledge_Retrieval","Classification","Organizations","Publications","Articles","Software","Weblogs","Libraries","By_Region","College_and_University","A","B","C","D","E","F","G","H","I","J","K","L","M","N","O","P","Q","R","S","T","Two-Year_College_Libraries","Canada","United_States","California","U","V","W","X","Y","Z","Digital","Directories","Friends_of_the_Library","New_Zealand","United_States","Maryland","Connecticut","Indiana","Kansas","Oklahoma","Maine","Michigan","Mississippi","Tennessee","Wisconsin","Massachusetts","Ohio","Washington","North_Carolina","Pennsylvania","New_York","Texas","Alabama","California","Rhode_Island","Minnesota","Florida","West_Virginia","Arizona","Iowa","Illinois","Oregon","New_Jersey","Missouri","Alaska","Arkansas","Georgia","Colorado","Nevada","New_Mexico","Hawaii","Washington,_DC","Canada","Austria","Australia","New_South_Wales","Queensland","Victoria","South_Australia","England","Netherlands","Germany","Ireland","Government","Government_Documents","Independent","Library_and_Information_Science","Associations","Asia","Europe","United_Kingdom","North_America","Canada","United_States","State-Level_Groups","Oceania","Chats_and_Forums","Mailing_Lists","Conferences","Proceedings","Digital_Library_Development","Conferences","Directories","Employment","Job_Listings","Canada","Resumes","Intellectual_Freedom","Book_Banning","Filtering_Software","USA_PATRIOT_Act","Intellectual_Property","Librarians_in_Society","Librarians","Berman,_Sanford","Ranganathan,_S._R.","Library_History","Carnegie_Libraries","Resource_Sharing","Document_Delivery","Document_Suppliers","OCLC_and_Regional_Networks","Organizations","Software","Standards","Schools","Africa","Courses","Europe","United_Kingdom","Israel","Canada","United_States","Graduate_Schools","Oceania","Software","Collection_Managers","Federated_Searching","Virtual_Reference","Law","Music","Youth-Children","Technical_Services","Cataloguing","Anglo-American_Cataloguing_Rules","Authority_Control","Bibliographic_Utilities","Bliss_Bibliographic_Classification","Colon_Classification","Dewey_Decimal","Library_of_Congress","SuDocs","Subject-Specific_Schemes","UDC","Commercial_Services","Local_Cataloging_Resources","Metadata","Dublin_Core","FGDC","MARC","RDF","Applications","FOAF","Z39.50","Server_Directories","Collection_Development","Preservation","Instructional_Materials","Weeding","User_Services","Circulation_Services","Information_Literacy","Library_Instruction","Readers_Advisory","Reference_Services","Virtual_Reference_Desk","Reserves_Services","Tutorials","Weblogs","Collaborative_Weblogs","Organizational_Weblogs","National","Online_Catalogs","Directories","Presidential","George_W._Bush_Presidential_Library","Public","Research","School","Special_Collections","Subject_Specific","Arts","Business","Humanities","Medical","Military","Philately","Science","Biological_and_Environmental_Sciences","Engineering","Physical_and_Chemical_Sciences","Social_Sciences","Area_Studies","Economics","Ethnic_Studies","Labor","Library_and_Information_Science","Psychology","Sports","Theology","Maps","Collecting","Directories","Google_Maps","Historical","Libraries","Trip_Routing","Europe","Museums","Arts_and_Entertainment","Antiquities","Architecture","Art_Museums","Asia","Chinese","Indian","Japanese","Europe","United_Kingdom","Denmark","Netherlands","Finland","France","Germany","Greece","Ireland","Italy","Norway","Russia","Spain","Sweden","Switzerland","Belgium","Caribbean","Contemporary_Art","Asia","Europe","United_Kingdom","Middle_East","North_America","Canada","United_States","Oceania","Directories","Middle_East","Oceania","South_America","Brazil","North_America","United_States","Alabama","California","Florida","Georgia","Massachusetts","Missouri","New_Jersey","New_York","North_Carolina","Ohio","Pennsylvania","Texas","Virginia","Washington","Washington,_DC","National_Gallery_of_Art","Wisconsin","Mexico","Canada","Alberta","British_Columbia","Nova_Scotia","Ontario","Africa","Crafts","Ceramics","Glass","Metals","Paper","Wood","Decorative_Arts","Film_and_Media","Broadcast","Folk_Art","Music","Classical","Instruments","Jazz","Pop","Photography","Textile_and_Costume","Quilting","Theater","Children's_Museums","Europe","Canada","United_States","Alabama","Arizona","California","Colorado","Connecticut","Florida","Georgia","Hawaii","Illinois","Indiana","Iowa","Kansas","Kentucky","Louisiana","Maine","Maryland","Massachusetts","Michigan","Minnesota","Mississippi","Missouri","Montana","Nebraska","Nevada","New_Hampshire","New_Jersey","New_Mexico","New_York","North_Carolina","Ohio","Oregon","Pennsylvania","South_Carolina","Tennessee","Texas","Utah","Virginia","Washington","Washington,_DC","Wisconsin","Cultural","Biographical","Ethnic","African_American","Asian","Latin_American","Native_American","Scandinavian","Occupational","Firefighting","Europe","North_America","Canada","United_States","Oceania","Religious","Judaism","Holocaust","Directories","History","Asia","Japan","Europe","Denmark","United_Kingdom","Wales","Historic_Houses","Africa","Europe","Denmark","Ireland","United_Kingdom","North_America","Canada","British_Columbia","Manitoba","New_Brunswick","Nova_Scotia","Ontario","United_States","Alabama","Alaska","Arizona","Arkansas","California","Colorado","Connecticut","Delaware","Florida","Georgia","Hawaii","Idaho","Illinois","Indiana","Iowa","Kansas","Kentucky","Louisiana","Maine","Maryland","Massachusetts","Michigan","Minnesota","Mississippi","Missouri","Montana","Nebraska","Nevada","New_Hampshire","New_Jersey","New_Mexico","New_York","North_Carolina","North_Dakota","Ohio","Oklahoma","Oregon","Pennsylvania","Rhode_Island","South_Carolina","South_Dakota","Tennessee","Texas","Utah","Vermont","Virginia","Washington","Washington,_DC","West_Virginia","Wisconsin","Wyoming","Oceania","Living_History_and_Open_Air","Europe","United_Kingdom","North_America","Canada","Alberta","British_Columbia","Manitoba","New_Brunswick","Nova_Scotia","Ontario","Prince_Edward_Island","Quebec","Saskatchewan","United_States","Alabama","Alaska","Arizona","Arkansas","California","Colorado","Connecticut","Delaware","Florida","Georgia","Hawaii","Idaho","Illinois","Indiana","Iowa","Kansas","Kentucky","Louisiana","Maine","Maryland","Michigan","Minnesota","Mississippi","Missouri","Montana","Nebraska","Nevada","New_Hampshire","New_Jersey","New_Mexico","New_York","North_Carolina","North_Dakota","Ohio","Oklahoma","Oregon","Pennsylvania","Rhode_Island","South_Carolina","South_Dakota","Tennessee","Texas","Utah","Vermont","Virginia","Washington","West_Virginia","Wisconsin","Wyoming","North_America","Canada","Alberta","British_Columbia","Manitoba","New_Brunswick","Newfoundland_and_Labrador","Northwest_Territories","Nova_Scotia","Ontario","Prince_Edward_Island","Quebec","Saskatchewan","Yukon_Territory","United_States","Alabama","Alaska","Arizona","Arkansas","California","Colorado","Connecticut","Delaware","Florida","Georgia","Hawaii","Idaho","Illinois","Indiana","Iowa","Kansas","Kentucky","Louisiana","Maine","Maryland","Massachusetts","Michigan","Minnesota","Mississippi","Missouri","Montana","Nebraska","Nevada","New_Hampshire","New_Jersey","New_Mexico","New_York","North_Carolina","North_Dakota","Ohio","Oklahoma","Oregon","Pennsylvania","Rhode_Island","South_Carolina","South_Dakota","Tennessee","Texas","Utah","Vermont","Virginia","Washington","Washington,_DC","Wisconsin","Wyoming","Oceania","Women","Military","Asia","Europe","United_Kingdom","North_America","Canada","United_States","Air_Force","Army","Navy","Oceania","Australia","War","US_Civil_War","Museum_Resources","Conservation_and_Preservation","Consultants","Methodology","Documentation_and_Cataloguing","Museum_Collection_Software","Exhibit_Resources","Exhibit_Design","Asia","Europe","United_Kingdom","North_America","Canada","United_States","Oceania","Exhibit_Fixtures","Transportation_and_Installation","Traveling_Exhibit_Services","Grants_and_Funding","Museum_Studies_and_Training","Organizations","State_Associations","Recreation_and_Sports","Baseball","Carriage_Driving","Hot_Air_Ballooning","Models_and_Miniatures","Model_Railroad","Numismatics","Stamp_Collecting","Toys","Science","Agriculture","Anthropology","Archaeology","Cyprus","Egyptology","Greece","United_Kingdom","Biology","Earth_Science","Medical","Asia","Europe","North_America","Canada","United_States","Natural_History","Europe","United_Kingdom","North_America","Canada","United_States","Alabama","Arizona","California","Colorado","Connecticut","Florida","Georgia","Hawaii","Illinois","Iowa","Kansas","Massachusetts","Michigan","New_York","North_Carolina","Ohio","Oregon","Pennsylvania","Texas","Utah","Oceania","Physics","Psychology","Technology","Computers","Horology","Industry","Mining","Europe","United_Kingdom","North_America","Oceania","Transportation","Automobiles","Europe","North_America","Canada","United_States","California","Colorado","Florida","Illinois","Indiana","Maine","Michigan","Nevada","New_York","North_Carolina","Ohio","Pennsylvania","South_Dakota","Tennessee","Texas","Aviation","Africa","Asia","Europe","Belgium","Denmark","Finland","Netherlands","Russia","Switzerland","United_Kingdom","North_America","Canada","United_States","Alabama","Alaska","Arizona","Arkansas","California","Colorado","Connecticut","Florida","Georgia","Illinois","Indiana","Iowa","Kansas","Maine","Maryland","Michigan","Minnesota","Missouri","New_Jersey","New_York","North_Carolina","Ohio","Oregon","Pennsylvania","Rhode_Island","Texas","Washington","Wisconsin","Oceania","South_America","Buses","Maritime","Africa","Asia","Boats","Caribbean","Europe","Denmark","Finland","Germany","Sweden","United_Kingdom","North_America","Canada","United_States","California","Connecticut","Delaware","Florida","Maine","Maryland","Massachusetts","Michigan","New_Hampshire","New_York","North_Carolina","Ohio","Oregon","Pennsylvania","Texas","Virginia","Washington","Wisconsin","Oceania","Ships","South_America","Railroad","Africa","Asia","Europe","North_America","Canada","United_States","Alabama","California","Colorado","Connecticut","Florida","Georgia","Illinois","Indiana","Iowa","Maine","Maryland","Massachusetts","Michigan","Minnesota","Nevada","New_York","North_Carolina","Ohio","Oklahoma","Oregon","Pennsylvania","Tennessee","Texas","Washington","West_Virginia","Wisconsin","Oceania","South_America","Virtual","Open_Access_Resources","Parliamentary_Procedure","Quotations","Daily_and_Random","Death_and_Dying","Famous","Inspirational","Personal_Pages","Political","Religion_and_Spirituality","Christianity","Scientific","Search_Engines","Sports","Web_Rings","Wisdom","Thesauri","Thesaurus_Construction","Time","Alternative_Systems","Clocks_and_Watches","Current_Time","Horology","Abbreviations_and_Acronyms","Calendars","Phone_Numbers_and_Addresses","Search_Engines_and_Web_Directories","Prizes","Tables","Standards","Electrical_Engineering","Environmental_Practice","Individual_Standards","BS_15000","BS_5489","BS_6008","BS_8888","HIPERLAN-1","IEC_60601","ISO","ISO_10179","ISO_10303","ISO_10360","ISO_10646","ISO_10744","ISO_12083","ISO_12207","ISO_14048","ISO_15022","ISO_15055","ISO_15056","ISO_15445","ISO_15926","ISO_16949","ISO_17025","ISO_17166","ISO_17878","ISO_19115","ISO_19757","ISO_2014","ISO_2015","ISO_2022","ISO_2146","ISO_28597","ISO_4217","ISO_639","ISO_8178","ISO_8211","ISO_8601","ISO_8859","ISO_8878","ISO_9000","2000","ISO_9001","ISO_9002","ISO_9004","ISO_9613","ISO_9660","ISO_9735","ISO_9899","ISO_TR_11404","MPEG-4","National_Electrical_Code","SOI_TN_94-116","TD-SCDMA","UNSPSC","Weather_Icons","Regional","Standard_Document_Vendors","Units_of_Measurement","Online_Calculators","Application_Notes_and_Data_Sheets","BASIC_Stamp","Chip_Directory","Obsolete_Component_Sources","Receiver_and_Antenna_Theory","Theory_and_Math","Vacuum_Tubes","Wire_Tables","Flags_and_Symbols","Journals","Libraries","Collections","Museums","Europe","United_Kingdom","Islamic_Law","Legal_Research","North_America","Newfoundland_and_Labrador","Northwest_Territories","Nova_Scotia","Ontario","Prince_Edward_Island","Saskatchewan","United_States","Oceania","Apologetics"
