"Departments_and_Programs","Department_of_Electrical_Engineering","Information_Technology","Falmouth_Marine_School","Lancaster_University_Management_School","Faculty_of_Science_and_Technology","Faculty_of_Arts_and_Social_Sciences","Environmental_and_Social_Sciences","Humanities_and_Education","Science,_Computing_and_Engineering","The_Business_School","Research_Institutes","Faculty_of_Engineering_and_Design","Faculty_of_Humanities_&amp;_Social_Sciences","Faculty_of_Science","School_for_Health","Division_of_Archaeological,_Geographical_and_Environmental_Sciences","School_of_Engineering,_Design_and_Technology","School_of_Health_Studies","School_of_Informatics","School_of_Lifelong_Education_and_Development","School_of_Social_and_International_Studies","Faculty_of_Arts","Faculty_of_Engineering","Faculty_of_Medical_and_Veterinary_Sciences","Faculty_of_Science","Faculty_of_Social_Sciences_and_Law","Faculty_of_Medicine_and_Dentistry","Christ's_College","Churchill_College","Clare_College","Clare_Hall","Corpus_Christi_College","Darwin_College","Downing_College","Emmanuel_College","Fitzwilliam_College","Girton_College","Gonville_and_Caius_College","Homerton_College","Hughes_Hall","Jesus_College","King's_College","Lucy_Cavendish_College","Magdalene_College","New_Hall","Newnham_College","Pembroke_College","Peterhouse","Queens'_College","Robinson_College","Selwyn_College","Sidney_Sussex_College","St._Catharine's_College","St._Edmund's_College","St._John's_College","Trinity_College","Trinity_Hall","Wolfson_College","School_of_Arts_and_Humanities","School_of_Clinical_Medicine","School_of_Technology","School_of_the_Biological_Sciences","School_of_the_Humanities_and_Social_Sciences","School_of_the_Physical_Sciences","Academic","Alumni","Charitable_and_Campaigns","College-Based","Hobbies_and_Games","Performing_Arts","Religious","Social_and_Cultural","Sports","School_of_Arts_and_Humanities","School_of_Clinical_Medicine","School_of_Technology","School_of_the_Biological_Sciences","School_of_the_Humanities_and_Social_Sciences","School_of_the_Physical_Sciences","Derbyshire_Business_School","School_of_Arts,_Design_and_Technology","School_of_Education,_Health_and_Sciences","University_of_Derby_College,_Buxton","Trinity_and_All_Saints_College","Birkbeck","Courtauld_Institute_of_Art","Goldsmiths_College","Heythrop_College","Imperial_College_of_Science,_Technology_and_Medicine","Institute_of_Education","King's_College_London","London_Business_School","London_School_of_Economics_and_Political_Science","London_School_of_Hygiene_&amp;_Tropical_Medicine","Queen_Mary","Royal_Holloway","School_of_Advanced_Study","School_of_Oriental_and_African_Studies","University_College_London","Faculty_of_Engineering_and_Physical_Sciences","Faculty_of_Humanities","Faculty_of_Life_Sciences","Faculty_of_Medical_and_Human_Sciences","Balliol_College","Brasenose_College","Christ_Church","Corpus_Christi_College","Exeter_College","Harris_Manchester_College","Hertford_College","Jesus_College","Keble_College","Lady_Margaret_Hall","Linacre_College","Lincoln_College","Magdalen_College","Mansfield_College","Merton_College","New_College","Nuffield_College","Oriel_College","Pembroke_College","Somerville_College","St._Anne's_College","St._Antony's_College","St._Catherine's_College","St._Cross_College","St._Edmund_Hall","St._Hilda's_College","St._Hugh's_College","St._Peter's_College","The_Queen's_College","Worcester_College","Wadham_College","Wolfson_College","Trinity_College","University_College","St._John's_College","Green_Templeton_College","Associated_Institutions","Humanities_Division","Medical_Sciences_Division","Social_Sciences_Division","Mathematical,_Physical_and_Life_Sciences_Division","Alumni","Sports","Mathematical,_Physical_and_Life_Sciences_Division","Faculty_of_Arts_and_Humanities","Faculty_of_Economic_and_Social_Sciences","Faculty_of_Life_Sciences","Faculty_of_Science","Faculty_of_Arts","Faculty_of_Pure_Science","Faculty_of_Social_Sciences","School_of_Humanities","School_of_Life_Sciences","School_of_Science_and_Technology","School_of_Social_Sciences_and_Cultural_Studies","The_Sussex_Institute","Camberwell_College_of_Arts","Central_Saint_Martins_College_of_Art_and_Design","Chelsea_College_of_Art_and_Design","London_College_of_Communication","London_College_of_Fashion","St._Mary's_University_College","Stranmillis_University_College","Aberdeen_Business_School","School_of_Languages,_Cultures_and_Religions","Arts_and_Social_Sciences","Education","Engineering","Science","Strathclyde_Business_School","Sports_Union_Clubs","Student_Societies","Athletics","Athletics","Athletics","Athletics","Athletics","Athletics","Athletics","Athletics","Athletics","Athletics","Athletics","Athletics","Athletics","Arts,_Faculty_of","Engineering,_Faculty_of","Continuing_Education,_Faculty_of","Fine_Arts,_Faculty_of","Humanities,_Faculty_of","Medicine,_Faculty_of","Science,_Faculty_of","Social_Sciences,_Faculty_of","Management,_Faculty_of","Administration","Admissions_and_Financial_Aid","Athletics","Departments_and_Programs","Publications_and_Media","Administration","Admissions_and_Financial_Aid","Athletics","Departments_and_Programs","Publications_and_Media","Athletics","Athletics","Athletics","Departments_and_Programs","SFU_Harbour_Centre","SFU_Surrey","Applied_Sciences,_Faculty_of","Arts,_Faculty_of","Business_Administration,_Faculty_of","Education,_Faculty_of","Science,_Faculty_of","Centres_and_Institutes","Laboratories_and_Individuals","Administration","Admissions_and_Financial_Aid","Departments_and_Programs","Applied_Science,_Faculty_of","Arts,_Faculty_of","Commerce_and_Business_Administration,_Faculty_of","Dentistry,_Faculty_of","Education,_Faculty_of","Foresty,_Faculty_of","Graduate_Studies,_Faculty_of","Land_and_Food_Systems,_Faculty_of","Law,_Faculty_of","Medicine,_Faculty_of","Pharmaceutical_Sciences,_Faculty_of","Science,_Faculty_of","Greek_Life","Business,_Faculty_of","Education,_Faculty_of","Engineering,_Faculty_of","Fine_Arts,_Faculty_of","Human_and_Social_Development,_Faculty_of","Science,_Faculty_of","Social_Sciences,_Faculty_of","Centres_and_Institutes","Laboratories_and_Individuals","Saint_Paul's_College","Athletics","Athletics","Medicine,_School_of","Athletics","Athletics","Athletics","Athletics","Athletics","Athletics","Athletics","Athletics","Athletics","Athletics","Athletics","Athletics","Athletics","Athletics","Athletics","Athletics","Athletics","Athletics","Athletics","The_Toronto_School_of_Theology","Victoria_University","Arts,_Faculty_of","Education,_Faculty_of","Environmental_Studies,_Faculty_of","Fine_Arts,_Faculty_of","Graduate_Studies,_Faculty_of","Liberal_and_Professional_Studies,_Faculty_of","Pure_and_Applied_Science,_Faculty_of","Athletics","Athletics","Redpath_Museum","Athletics","Agriculture","Arts_and_Science","Commerce","Dentistry","Education","Engineering","Extension_Division","Graduate_Studies_and_Research","Kinesiology","Law","Medicine","Nursing","Pharmacy_and_Nutrition","Veterinary_Medicine","Virtual,_Federated,_and_Affiliated_Colleges","Fraternities_and_Sororities","Athletics","Athletics","Athletics","Athletics","Organizations","Athletics","Campuses","Administration","Athletics","College_of_Architecture_and_Environmental_Design","College_of_Business","College_of_Engineering_and_Applied_Sciences","College_of_Fine_Arts","College_of_Liberal_Arts_and_Sciences","College_of_Public_Programs","Greek_Life","College_of_Agriculture","College_of_Architecture","College_of_Education","College_of_Engineering_and_Mines","College_of_Fine_Arts","College_of_Humanities","College_of_Law","College_of_Medicine","College_of_Nursing","College_of_Pharmacy","College_of_Science","College_of_Social_and_Behavioral_Sciences","Eller_College_of_Business_and_Public_Administration","Graduate_College","School_of_Health_Professions","Athletic_Clubs","Greek_Life","Admissions","Career_Services","College_of_Multimedia","College_of_Software_Engineering","College_of_Technology_Commerce","Graduate_College","Online_College","Professional_Development_Center","College_of_Agriculture","College_of_Arts_and_Sciences","College_of_Business","College_of_Communications","College_of_Engineering","College_of_Fine_Arts","College_of_Nursing_and_Health_Professions","Department_of_Military_Science","Graduate_School","Honors_Program","University_College","Academic","Greek_Life","School_of_Business","School_of_Community_Education_and_Professional_Development","School_of_Education","School_of_Liberal_and_Fine_Arts","School_of_Physical_and_Life_Sciences","School_of_Systems_Science","Greek_Life","Student_Life","College_of_Arts_and_Humanities","Honors_College","Greek_Life","Humanities","Natural_Science","Social_Science","Academic_and_Professional","Honor_Societies","Multicultural","Religious","Representative_Groups","Special_Interests","Biblical_Studies_Division","Business_Division","Communications_Division","Engineering_and_Technology_Division","Jones_School_of_Fine_Arts","School_of_Arts_and_Sciences","School_of_Christian_Studies","Greek_Life","Music_Ensembles","Beebe","Mountain_Home","Newport","Community_College_at_Batesville","Community_College_at_Hope","Community_College_at_Morrilton","Cossatot_Community_College","Phillips_Community_College","Administration","Alumni","Athletics","Departments_and_Programs","Libraries_and_Museums","News_and_Media","Organizations","Research","Administration","Alumni","Athletics","Departments_and_Programs","Organizations","Research","Departments_and_Programs","Admissions","Alumni","Athletics","Departments_and_Programs","Admissions","Alumni","Athletics","Organizations","College_of_Business_Administration","College_of_Education","College_of_Fine_Arts_and_Communications","College_of_Health_and_Applied_Sciences","College_of_Liberal_Arts","College_of_Natural_Sciences_and_Mathematics","Honors_College","Academic","Greek_Life","Religious","Athletics","Athletics","Colleges","Course_Information","Departments","Organizations","Schools","Athletics","Extension","Athletics","Athletics","Athletics","Athletics","Departments_and_Programs","Organizations","Athletics","Athletics","Athletics","Athletics","Athletics","Athletics","Departments_and_Programs","Athletics","Athletics","Athletics","Faculty","Athletics","Administration","Alumni","Athletics","Departments_and_Programs","Libraries_and_Museums","Organizations","Publications_and_Media","Athletics","Organizations","Athletics","Athletics","Athletics","Athletics","Athletics","Athletics","Affiliated_Research_Centers","Athletics","Departments_and_Programs","Organizations","Publications_and_Media","Research","Athletics","Athletics","Claremont_Graduate_University","Claremont_McKenna_College","Harvey_Mudd_College","Organizations","Pitzer_College","Pomona_College","Scripps_College","Athletics","Athletics","Athletics","Athletics","Athletics","Athletics","Athletics","Libraries_and_Museums","Athletics","Athletics","Athletics","Athletics","Athletics","Organizations","Athletics","Athletics","Athletics","Libraries_and_Museums","Organizations","Athletics","Athletics","Athletics","Athletics","Athletics","Athletics","Libraries_and_Museums","Organizations","Publications_and_Media","Research","Athletics","Athletics","Athletics","Athletics","Alumni","Athletics","Departments_and_Programs","Libraries_and_Museums","Organizations","Publications_and_Media","Research","Athletics","Athletics","Athletics","Student_Media","Student_Ministries","Athletics","Athletics","Athletics","Administration","Admissions","Athletics","Campuses","Departments_and_Programs","Libraries_and_Museums","Organizations","Research","Administration","Admissions","Alumni","Arts_and_Entertainment","Athletics","Colleges_and_Schools","Departments_and_Programs","Financial_Aid","History","Libraries_and_Museums","News_and_Media","Organizations","Research","Resources","Student_Housing","Administration","Admissions","Alumni","Arts_and_Entertainment","Athletics","Departments_and_Programs","Libraries_and_Museums","Organizations","Research","Resources","Schools_and_Colleges","Athletics","Departments_and_Programs","Organizations","Publications_and_Media","Research","Schools","Admissions","Alumni","Athletics","Departments_and_Programs","Libraries_and_Museums","Media_and_Publications","Organizations","Research","Athletics","Alumni","Athletics","Organizations","Publications_and_Media","Research","Research","Administration","Alumni","Athletics","Departments_and_Programs","Organizations","Publications_and_Media","Research","Student_Housing","Administration","Admissions","Athletics","Departments","Publications_and_Media","Research","Club_Sports","Athletics","Organizations","Research","Athletics","Facilities","Student_Services","Programs","Student","The_Four_Centers","Administration","Admissions","Athletics","Centers_and_Institutes","Departments_and_Programs","Organizations","Research","School_of_Arts_and_Sciences","School_of_Business","School_of_Education_and_Professional_Studies","School_of_Graduate_Studies","School_of_Technology","Athletics","Administration","Admissions","Athletics","Departments_and_Programs","Organizations","School_of_Arts_and_Sciences","School_of_Business","School_of_Communication,_Information_and_Library_Science","School_of_Education","School_of_Graduate_Studies","School_of_Health_and_Human_Services","Ancell_School_of_Business","Athletics","School_of_Arts_and_Sciences","School_of_Professional_Studies","School_of_Visual_and_Performing_Arts","Facilities","Student_Services","Facilities","Biology","Business_Administration","Counselor_Education","Education","Programs","Facilities","Office_of_Multicultural_Affairs","Student_Services","Modern_Languages_and_Literature_Department","Programs","Theater_and_Dance_Department","Student","Admissions","Departments_and_Programs","Administration","Asnuntuck","Business_and_Industry_Service_Network","Capital","College_of_Technology","Gateway","Housatonic","Manchester","Middlesex","Naugatuck","Northwestern","Norwalk","Quinebaug","Three_Rivers","Tunxis","Facilities","Student_Services","Avery_Point","Greater_Hartford","Stamford","Torrington","Waterbury","Cooperative_Extension_System","Departments","Facillities","Institute_of_Water_Resources","Organizations","Ratcliffe_Hicks_School_of_Agriculture","Research","Student","Academic_Centers","Academic_Institutes","Departments_and_Programs","Organizations","Booth_Engineering_Center_for_Advanced_Technology","Connecticut_Transportation_Institute","Departments_and_Programs","Institute_of_Materials_Science","Libraries","Admissions","Departments","Facilities","Student_Services","Departments_and_Programs","Faculty_Pages","Art_Galleries","Departments_and_Programs","Student","Community_Division","Departments_and_Programs","Facilities","Student_Services","Center_for_the_Americas","Center_for_the_Arts","Programs","Student","Student","Facilities","Beinecke_Rare_Book_and_Manuscript_Library","Museums","Science_Libraries","Social_Science_Library","Sterling_Memorial_Library","Student","Health_and_Medicine","Humanities_and_Social_Sciences","Sciences_and_Engineering","Publications_and_Media","Administration","Departments","Programs","Departments_and_Programs","Athletics","Greek_Life","Health_Professions_Division","Athletics","College_of_Arts_and_Sciences","College_of_Business_Administration","College_of_Education","College_of_Engineering","College_of_Health_and_Public_Affairs","Ethnic","Greek_Life","Religious","Housing","Offices","Parking","Police","College_of_Education","Architecture","Arts_and_Sciences","Business_Administration","Education","Engineering","Medicine","Public_Health","Fraternities_and_Sororities","Fraternities_and_Sororities","College_of_Architecture","College_of_Computing","College_of_Engineering","College_of_Sciences","Ivan_Allen_College","Fraternities_and_Sororities","International_Time_Capsule_Society","Athletics","Athletics","Athletics","Athletics","Centers_and_Institutes","College_of_Agriculture_and_Environmental_Sciences","College_of_Education","College_of_Family_and_Consumer_Sciences","College_of_Veterinary_Sciences","Franklin_College_of_Arts_and_Sciences","Grady_College_of_Journalism_and_Mass_Communication","Terry_College_of_Business","Greek_Life","Athletics","Fraternities_and_Sororities","Athletics","Libraries_and_Museums","Libraries_and_Museums","Student_Services","Ethnic","Greek_Life","Religious","Sports_Clubs","College_of_Applied_Science_and_Technology","College_of_Arts_and_Sciences","College_of_Business","College_of_Education","College_of_Fine_Arts","Mennonite_College_of_Nursing","College_of_Arts_and_Sciences","Stritch_School_of_Medicine","Greek_Life","Fraternities_and_Sororities","Athletics","Athletics","Financial_Aid","Biological_Sciences_Division","Divinity_School","Graduate_School_of_Business","Harris_School_of_Public_Policy","Humanities_Division","Law_School","Physical_Sciences_Division","School_of_Social_Service_Administration","Social_Sciences_Division","Undergraduate_College","Webcams","Magazines_and_Journals","Academic","Activities","Arts","Community_Service","Environmental","Ethnic","Greek_Life","Performing_Arts","Political","Religious","Sports","Personal_Pages","Alumni","Athletics","Departments_and_Programs","Libraries_and_Museums","Organizations","Publications_and_Media","Research","Admissions","Alumni","Athletics","Departments_and_Programs","Libraries_and_Museums","Organizations","Publications_and_Media","Administration","Admissions","Alumni","Athletics","College_of_Agricultural,_Consumer_and_Environmental_Sciences","College_of_Applied_Life_Studies","College_of_Commerce_and_Business_Administration","College_of_Communications","College_of_Education","College_of_Engineering","College_of_Fine_and_Applied_Arts","College_of_Law","College_of_Liberal_Arts_and_Sciences","College_of_Medicine","College_of_Veterinary_Medicine","Departments_and_Programs","Financial_Aid","Graduate_College","Graduate_School_of_Library_and_Information_Science","Institute_of_Aviation","Institute_of_Labor_and_Industrial_Relations","Libraries_and_Museums","Issues","Organizations","Publications_and_Media","Research","School_of_Social_Work","Athletics","Athletics","Greek_Life","Athletics_and_Club_Sports","Fraternities_and_Sororities","Recreational_Clubs","Athletics","Athletics","Athletics","College_of_Arts_and_Sciences","College_of_Education_and_Health_Sciences","College_of_Engineering_and_Computer_Science","School_of_Business_Administration","Fraternities_and_Sororities","Greek_Life","Greek_Life","Greek_Life","Computing","Facilities_Management","Student_Housing","Degree_Programs","Greek_Life","Professional","Religious","University_Government","Greek_Life","Greek_Life","Alumni","Athletics","Departments_and_Programs","Organizations","Publications_and_Media","Athletics","Club_Sports","News_and_Media","College_of_Applied_and_Natural_Sciences","College_of_Education","College_of_Engineering_and_Science","College_of_Liberal_Arts","Greek_Life","Athletics","Athletics","Fraternities_and_Sororities","Athletics","Athletics","Athletics","Athletics","Athletics","Athletics","Athletics","Athletics","Fraternities_and_Sororities","Classes","Departments_and_Programs","Libraries_and_Museums","Athletics","Departments_and_Programs","Faculty","Libraries_and_Museums","Research","Athletics","Departments_and_Programs","Organizations","Publications_and_Media","Research","Athletics","Musical_Groups","Publications","Religious_Organizations","Departments_and_Programs","Division_of_Continuing_Education","Libraries","Research","Harvard_Medical_Center","Harvard_Medical_School","Libraries","Libraries","Libraries","Research","Alumni","Libraries","Libraries","Research","Libraries","Research","Libraries","Research","Libraries","Research","Research","Fraternities_and_Sororities","College_of_Arts_and_Sciences","College_of_Engineering","Ethnic","Fraternities_and_Sororities","Honor_Societies","Professional","Religious","Clubs","Greek_Life","Administration","Admissions","Alumni","Athletics","Departments_and_Programs","Libraries_and_Museums","Organizations","Publications_and_Media","Research","Support_and_Resources","Athletics","Athletics","Athletics","Greek_Life","Greek_Life","Greek_Life","Greek_Life","Career_Services","Computing_Services","Financial_Aid","Housing","Student_Services","College_of_Allied_Health_Sciences","College_of_Arts_and_Sciences","College_of_Business","College_of_Education_and_Human_Services","College_of_Optometry","College_of_Pharmacy","College_of_Technology","University_College","Greek_Life","Greek_Life","Greek_Life","Academic_Affairs","Finance_and_Operations","Housing","Student_Affairs_and_Services","University_Development","Regional","Fan_Pages","Media_Coverage","Message_Boards","College_of_Agriculture_and_Natural_Resources","College_of_Arts_and_Letters","College_of_Communication_Arts_and_Sciences","College_of_Education","College_of_Engineering","College_of_Human_Ecology","College_of_Human_Medicine","College_of_Natural_Science","College_of_Nursing","College_of_Osteopathic_Medicine","College_of_Social_Science","College_of_Veterinary_Medicine","Eli_Broad_College_of_Business","International_Studies_and_Programs","James_Madison_College","Faculty_and_Staff_Organizations","Greek_Life","Organizations","Professional_and_Honorary_Organizations","MSU_Extension","University_Outreach","College_of_Engineering","College_of_Sciences_and_Arts","School_of_Business_and_Economics","School_of_Forestry_and_Wood_Products","School_of_Technology","Cultural","Fraternities_and_Sororities","Honor_Societies","Professional_Societies","Religious","Service_Organizations","Special_Interest_Groups","Sports_Clubs","Business_School","Literature,_Science,_and_the_Arts","Dearborn","Flint","Architecture_and_Urban_Planning,_A._Alfred_Taubman_College_of","Art_and_Design,_School_of","Business_School","Dental_School","Education,_School_of","Engineering,_College_of","Graduate_Studies,_Horace_H._Rackham_School_of","Information,_School_of","Kinesiology,_Division_of","Law_School","Literature,_Science,_and_the_Arts","Medical_School","Music_School","Natural_Resources_and_Environment","Nursing,_School_of","Pharmacy,_College_of","Public_Health,_School_of","Public_Policy,_School_of","Social_Work","Libraries","Museums","Fraternities_and_Sororities","Literature,_Science,_and_the_Arts","Programs","Athletics","Athletics","Athletics","Publications_and_Media","Athletics","Athletics","Departments_and_Programs","Libraries_and_Museums","Organizations","Publications_and_Media","Research","College_of_Liberal_Arts","Graduate_School","School_of_Accountancy","School_of_Business_Administration","School_of_Education","School_of_Engineering","School_of_Law","School_of_Pharmacy","Fraternities_and_Sororities","Departmental","Greek_Life","Honorary","Professional","Religious","Science","Social_Science","Athletics","Athletics","Athletics","Athletics","Departments_and_Programs","Libraries_and_Museums","Organizations","Publications_and_Media","Athletics","Organizations","Athletics","Athletics","Athletics","Athletics","Athletics","Athletics","Athletics","Athletics","Athletics","Departments_and_Programs","Libraries_and_Museums","Organizations","Publications_and_Media","Research","Athletics","Libraries_and_Museums","Athletics","Athletics","Clubs","Facilities","Varsity","Computing","Graduate_Schools","Fraternities_and_Sororities","Princeton_Clubs","Programs","School_of_Engineering_and_Applied_Science","Club_Sports","Eating_Clubs","Athletics","Departments_and_Programs","Libraries_and_Museums","Organizations","Athletics","School_of_Pharmacy","Departments_and_Programs","Mason_Gross_School_of_the_Arts","Organizations","School_of_Business","School_of_Communication,_Information,_and_Library_Studies","School_of_Engineering","School_of_Arts_and_Sciences","School_of_Environmental_and_Biological_Sciences","Athletics","Fraternities_and_Sororities","Athletics","Athletics","Athletics","Departments_and_Programs","Organizations","Athletics","Athletics","Fraternities_and_Sororities","Music","Campus_Life","Dean_of_Students","Facilities_and_Campus_Services","Student_and_Academic_Services","University_Relations","Classes","Organizations","Agriculture_and_Life_Sciences,_College_of","Architecture,_Art_and_Planning,_College_of","Arts_and_Sciences,_College_of","Engineering,_College_of","Hotel_Administration,_School_of","Human_Ecology,_College_of","Industrial_and_Labor_Relations,_School_of","Veterinary_Medicine,_College_of","Weill_Medical_College","Ethnic_and_International","Fraternities_and_Sororities","Music","Religious","Fraternities_and_Sororities","Athletics","Fraternities_and_Sororities","Religious","Media","Professional_Organizations","Cultural","Club_Sports","Music","Dance","Political","Technology","Gaming","Government","Community_Service","Honors_Societies","Cars_Trains_Planes","Business","Cooking","Theater_and_Performance","B._Thomas_Golisano_College_of_Computing_and_Information_Sciences","College_of_Applied_Science_and_Technology","E._Philip_Saunders_College_of_Business","National_Technical_Institute_for_the_Deaf","Fraternities_and_Sororities","Special_Interest_Houses","Athletics","Campus_Organizations","Departments_and_Colleges","Athletics","Athletics","Organizations","Athletics","Athletics","Departments","Publications_and_Media","Research","Athletics","Athletics","Athletics","Athletics","Athletics","Athletics","Organizations","College_of_Optometry","Maritime_College","Academic_Schools","Athletics","News_and_Media","Organizations","Athletics","Athletics","Athletics","Athletics","Athletics","Athletics","Athletics","Departments_and_Programs","Student_Clubs","Southampton","Athletics","Athletics","Fraternities_and_Sororities","Religious","Music","Athletics","Colleges_of_Technology","Classes","College_of_Arts,_Sciences,_and_Engineering","Medical_Center","Postdoctoral_Fellowships","Summer_Fellowships","College_of_Arts_and_Sciences","Eastman_School_of_Music","Medical_Center","Programs","School_of_Engineering","Simon_School_of_Business","Study_Abroad_and_Interdepartmental_Programs","Warner_School_of_Education","Academic_Councils","Academic_Societies","Arts_and_Entertainment","Community_Service","Ethnic","Greek_Life","Religious","Socio-Political","Special_Interest_Floors","Sports_Clubs","Centers_and_Institutes","Programs_and_Projects","Fraternities_and_Sororities","Arts_and_Sciences_and_Trinity_College","Centers","Divinity_School","Fuqua_School_of_Business","Graduate_School","Interdisciplinary_Programs","Nicholas_School_of_the_Environment_and_Earth_Sciences","Pratt_School_of_Engineering","School_of_Law","School_of_Medicine","School_of_Nursing","Service_Programs","Community_Service","Fraternities_and_Sororities","Fraternities_and_Sororities","Fraternities_and_Sororities","Athletics","Athletics","Departments_and_Programs","Libraries_and_Museums","Organizations","Alumni","Research","News_and_Media","Athletics","Athletics","Athletics","Athletics","Fraternities_and_Sororities","Religious","Allied_Medical_Professions,_School_of","Architecture,_Austin_E._Knowlton_School_of","Arts,_College_of_the","Biological_Sciences,_College_of","Business,_Fisher_College_of","Engineering,_College_of","Food,_Agricultural_and_Environmental_Sciences,_College_of","Human_Ecology,_College_of","Greek_Life","Athletics","Fraternities_and_Sororities","Charles_H._Lundquist_School_of_Business","College_of_Arts_and_Sciences","College_of_Education","Continuing_Education","School_of_Architecture_and_Allied_Arts","School_of_Journalism_and_Communication","School_of_Music","College_of_Business","College_of_Liberal_Arts","College_of_Professional_Studies","College_of_Science_and_Technology","Greek_Life","Athletics","Chapters","Interest_Groups","Athletics","Athletics","Hazleton","ROTC","Arts_and_Entertainment","Athletics","Departments_and_Programs","Guides","Libraries_and_Museums","Organizations","Publications_and_Media","Research","School_of_Arts_and_Sciences","Fraternities_and_Sororities","Athletics","Athletics","Fraternities_and_Sororities","Athletics","Biology","Engineering","Medical_School","Arts","Ethnicity","Fraternities_and_Sororities","International","Intramural_Athletics","Music","Political_Activism","Publications","Religious_Life","Science","Social_and_Community_Activism","Fraternities_and_Sororities","Academic","Fraternities_and_Sororities","Sports","Athletics","Organizations","Publications_and_Media","Athletics","Athletics","Fraternities_and_Sororities","Greek_Life","Athletics","Organizations","Administration","Admissions","Alumni","Athletics","Departments_and_Programs","Libraries","Museums","Organizations","Publications_and_Media","Research","Athletics","Fraternities_and_Sororities","George_R._Brown_School_of_Engineering","School_of_Humanities","School_of_Social_Sciences","Wiess_School_of_Natural_Sciences","Beer-Bike","Sports","Greek_Life","Honor_and_Academic","Religious","Sports","Religious","Ethnic","Academic","Greek_Life","Meadows_School_of_the_Arts","Dedman_College","School_of_Engineering","Cox_School_of_Business","Perkins_School_of_Theology","Hart_eCenter","School_of_Education_and_Human_Development","Conferences","Athletics","Athletics","College_of_Agriculture_and_Life_Sciences","College_of_Architecture","College_of_Education_and_Human_Development","College_of_Engineering","College_of_Geosciences","College_of_Liberal_Arts","College_of_Medicine","College_of_Science","College_of_Veterinary_Medicine","Departments","Mays_Business_School","Programs","Athletics","Academic","Arts_and_Entertainment","Corps_of_Cadets","Greek_Life","International","Sports","Athletics","College_of_Agriculture_and_Life_Sciences","College_of_Liberal_Arts","Bush_School_of_Government_and_Public_Service","Computing_Services","Housing","AddRan_College_of_Humanities_and_Social_Sciences","College_of_Communication","College_of_Fine_Arts","College_of_Health_and_Human_Sciences","College_of_Science_and_Engineering","Academic","Greek_Life","Religious","College_of_Agricultural_Sciences_and_Natural_Resources","College_of_Arts_and_Sciences","College_of_Engineering","College_of_Human_Sciences","College_of_Visual_and_Performing_Arts","Honors_College","Academic","Ethnic","Greek_Life","Performing_Arts","Public_Service","Religious","Spirit","Sports","El_Centro_College","Mountain_View_College","Richland_College","North_Harris","Alumni","Athletics","Departments_and_Programs","News_and_Media","Research","Career_Services","Computing_Services","Financial_Aid","Housing","Student_Services","College_of_Arts_and_Sciences","College_of_Business_Administration","College_of_Education","College_of_Engineering","College_of_Music","School_of_Community_Service","Academic","Ethnic","Greek_Life","Hobby_Interests","Political","Public_Service","Religious","Sports","Athletics","Departments_and_Programs","Libraries_and_Museums","Admissions","Alumni","Athletics","Departments_and_Programs","News_and_Media","Organizations","Research","Athletics","Organizations","Athletics","Faculty","M.D._Anderson_Cancer_Center","Athletics","Athletics","Athletics","Health_Science_Center","Athletics","Health_Center","Athletics","Organizations","People","E-mail","College_of_Agriculture_and_Life_Sciences","College_of_Arts_and_Sciences","College_of_Education_and_Social_Services","College_of_Engineering_and_Mathematics","College_of_Medicine","Division_of_Continuing_Education","Graduate_College","School_of_Allied_Health","School_of_Business_Administration","School_of_Natural_Resources","School_of_Nursing","Union","Academic","Greek_Life","Religious","Individual_Chapters","Faculty_of_Arts_and_Sciences","Swem_Library","Fraternities_and_Sororities","Programs","Academic_Affairs","Administration_and_Finance","Institutional_Effectiveness","Student_Affairs","University_Relations","Giving","Arts_and_Letters","Business","Education_and_Psychology","Graduate_and_Professional_Programs","Integrated_Science_and_Technology","Science_and_Mathematics","Visual_and_Performing_Arts","Community","Entertainment","Fraternities_and_Sororities","Governance","Greek_Life","Honors","International","Media","Multicultural","Political","Professional","Religious","Sports","Local_Chapters","Wise","Curry_School_of_Education","School_of_Arts_and_Sciences","Greek_Life","Organizations","Greek_Life","Honor_Societies","International_Clubs","Religious","College_of_Arts_and_Sciences","Alumni","Athletics","Colleges_and_Schools","Departments_and_Programs","Organizations","College_of_Arts_and_Sciences","Kogod_School_of_Business","School_of_Communication","School_of_International_Service","School_of_Public_Affairs","Washington_College_of_Law","School_of_Medicine_and_Health_Sciences","Columbian_College_of_Arts_and_Sciences","Elliott_School_of_International_Affairs","School_of_Engineering_and_Applied_Science","Fraternities_and_Sororities","Political","Media_and_Publications","Offices_and_Programs","Medical_School","Scholarship_Opportunities","Georgetown_University_Medical_Center","Athletics","Humanities_and_Fine_Arts","Inter-Divisional_Programs","Natural_Sciences","Pre-Professional_Programs","Social_Sciences","Athletics","Departments_and_Programs","Athletics","Departments_and_Programs","Athletics","Departments_and_Programs","Alumni","Athletics","Departments_and_Programs","Libraries_and_Museums","Organizations","Athletics","Departments_and_Programs","Athletics","Departments_and_Programs","Athletics","Departments_and_Programs","Athletics","Athletics","Departments_and_Programs","Athletics","Departments_and_Programs","Organizations","Athletics","Departments_and_Programs","Athletics","Departments_and_Programs","Athletics","Departments_and_Programs","Organizations","Deputy_Principal's_Division","Deputy_Vice-Chancellor's_Division","Societies_Council","Sports_Council","School_of_Medicine","Tasmania_University_Union","Chats_and_Forums","Cover_Schools","Family_Pages","Local_Support_Groups","Chats_and_Forums","Family_Pages","Chats_and_Forums","Chats_and_Forums","Family_Pages","Local_Support_Groups","Chats_and_Forums","Family_Pages","Local_Support_Groups","Chats_and_Forums","Chats_and_Forums","Family_Pages","Local_Support_Groups","Chats_and_Forums","Family_Pages","Local_Support_Groups","Family_Pages","Chats_and_Forums","Family_Pages","Local_Support_Groups","Family_Pages","Chats_and_Forums","Family_Pages","Local_Support_Groups","Family_Pages","Family_Pages","Family_Pages","Chats_and_Forums","Family_Pages","Local_Support_Groups","Chats_and_Forums","Family_Pages","Local_Support_Groups","Chats_and_Forums","Family_Pages","Family_Pages","Chats_and_Forums","Family_Pages","Family_Pages","Family_Pages","Chats_and_Forums","Family_Pages","Chats_and_Forums","Family_Pages","Chats_and_Forums","Chats_and_Forums","Family_Pages","Local_Support_Groups","Chats_and_Forums","Family_Pages","Local_Support_Groups","Chats_and_Forums","Family_Pages","Local_Support_Groups","Local_Support_Groups","Chats_and_Forums","Family_Web_Pages","Local_Support_Groups","Newspaper_and_Media_Reports","Politics_and_Problems","Chats_and_Forums","Family_Pages","Local_Support_Groups","Chats_and_Forums","Local_Support_Groups","Associations","Chats_and_Forums","Family_Pages","Local_Support_Groups","Chats_and_Forums","Family_Pages","Chats_and_Forums","Family_Pages","Chats_and_Forums","Family_Pages","Local_Support_Groups","Chats_and_Forums","Family_Pages","Local_Support_Groups","Family_Pages","FOAF"
