"Maulana_Azad_Medical_College","St._Stephen's_College","Centres","Departments","Departments","Events","Departments","National_Institute_of_Technology_Kurukshetra","Departments","Admissions","Events_and_Activities","Student_WebPages","Departments","Departments","Amrita_Insitute_of_Technology_and_Science","Amrita_Institute_of_Management","Departments","Departments","Departments","Alumni","Alumni","Departments_and_Programs","Departments_and_Programs","Departments_and_Programs","Libraries_and_Museums","Loyola_Schools","Media_and_Publications","Organizations","Professional_Schools","Alumni","Libraries_and_Museums","Alumni","Alumni","Organizations","Libraries_and_Museums","Alumni","Departments_and_Programs","Organizations","Organizations","Organizations","Faculty_of_Commerce_and_Accountancy","Institute_of_Science","People","Research","Faculty_of_Economics_and_Social_Science","Faculty_of_Law","Faculty_of_Mathematics_and_Natural_Science","Faculty_of_Medicine","Faculty_of_Philosophy","Departments","Research","Departments","Faculty_of_Architecture_and_Fine_Art","Faculty_of_Arts","Faculty_of_Engineering_Science_and_Technology","Faculty_of_Information_Technology,_Mathematics_and_Electrical_Engineering","Faculty_of_Medicine","Faculty_of_Natural_Sciences_and_Technology","Faculty_of_Social_Sciences_and_Technology_Management","Museum_of_Natural_History_and_Archaeology","Faculty_of_Arts","Faculty_of_Dentistry","Faculty_of_Law","Faculty_of_Mathematics_and_Natural_Sciences","Faculty_of_Medicine","Faculty_of_Psychology","Faculty_of_Arts","Faculty_of_Dentistry","Faculty_of_Education","Faculty_of_Law","Faculty_of_Mathematics_and_Natural_Sciences","Faculty_of_Medicine","Faculty_of_Social_Sciences","Faculty_of_Theology","Faculty_of_Humanities","Faculty_of_Law","Faculty_of_Medicine","Faculty_of_Science","Faculty_of_Social_Science","Norwegian_College_of_Fishery_Science","Faculty_of_Biochemistry,_Biophysics_and_Biotechnology","Faculty_of_Biology_and_Earth_Sciences","Faculty_of_Chemistry","Faculty_of_History","Faculty_of_International_and_Political_Studies","Faculty_of_Law_and_Administration","Faculty_of_Management_and_Social_Communication","Faculty_of_Mathematics_and_Computer_Science","Faculty_of_Philology","Faculty_of_Philosophy","Faculty_of_Physics,_Astronomy_and_Applied_Computer_Science","Faculty_of_Polish_Studies","Medical_College","Faculty_of_Mechanical_Engineering","Faculty_of_Civil_Engineering","Faculty_of_Environmental_Engineering","Faculty_of_Applied_Linguistics_and_East_Slavonic_Philology","Faculty_of_Chemistry","Faculty_of_History","Faculty_of_Philosophy_and_Sociology","Faculty_of_Physics","Faculty_of_Psychology","Faculty_of_Architecture","Faculty_of_Civil_Engineering","Faculty_of_Electrical_Engineering","Faculty_of_Electronics_and_Information_Technology","Faculty_of_Mechatronics","Faculty_of_Physics","Faculty_of_Power_and_Aeronautical_Engineering","Faculty_of_Philology","Faculty_of_Physics_and_Astronomy","Faculty_of_Chemistry","Faculty_of_Social_Sciences","Faculty_of_Mathematics_and_Computer_Science","Faculty_of_Law,_Administration_and_Economics","Faculty_of_Applied_Mathematics","Faculty_of_Fuels_and_Energy","Faculty_of_Geology,_Geophysics_and_Environmental_Protection","Faculty_of_Mechanical_Engineering_and_Robotics","Faculty_of_Physics_and_Applied_Computer_Science","Faculty_of_Electrical_Engineering,_Automatics,_Computer_Science_and_Electronics","Arts","Languages","Science_and_Technology","Social_Sciences","Departments_and_Programs","Research","Departments_and_Programs","Research","Departments_and_Programs","Campuses","Departments_and_Programs","Departments_and_Programs","Colleges","Departments_and_Programs","Organizations","Publications_and_Media","Student_Life","Arts","Departments_and_Programs","News_and_Media","Housing","Independent_Guides","International_Students","Maps_and_Views","Online_Resources","Organizations","Research","Administration","Admissions","Departments_and_Programs","Libraries_and_Museums","Organizations","Publications_and_Media","Research","Departments_and_Programs","Personal_Pages","Departments_and_Programs","Alumni","Departments_and_Programs","Organizations","Publications_and_Media","Departments_and_Programs","Organizations","Departments_and_Programs","Organisations","Alumni","Departments_and_Programs","Admissions","Colleges","Departments_and_Programs","Libraries_and_Museums","Organizations","Research","Theological_Colleges","Departments_and_Programs","Organisations","Organizations","Departments_and_Programs","Research","Alumni","Colleges","Departments_and_Programs","Organizations","Research","Departments_and_Faculties","Colleges_and_Institutes","Research","Departments_and_Programs","Research","Research","Departments_and_Programs","Organizations","Research","Colleges","Departments","Libraries_and_Museums","Organizations","Research","Permanent_Private_Halls","News_and_Media","Departments_and_Programs","Departments_and_Programs","Organisations","Departments_and_Programs","Organisations","Publications_and_Media","Research","Departments_and_Programs","Organizations","Research","Student_Pages","Departments_and_Programs","Organizations","Alumni","Departments_and_Programs","Organisations","Research","Departments_and_Programs","Organizations","Research","Colleges","Wimbledon_College_of_Art","Admissions","Alumni","Campuses","Departments_and_Programs","Research","Colleges","Departments_and_Programs","Student_Organisations","Departments_and_Programs","Colleges","Departments_and_Programs","News_And_Media","Admissions","Organisations","Library","Sports","Schools","Administration","Departments_and_Programs","Libraries_and_Museums","Organisations","Research","Colleges","Departments_and_Programs","Departments_and_Programs","Organizations","Departments_and_Programs","Student_Societies","Departments_and_Programs","Libraries_and_Museums","Administration","Admissions","Alumni","Departments","Libraries_and_Museums","Organizations","Publications_and_Media","Research","Administration","Admissions","Alumni","College_of_Humanities_and_Sciences","Organizations","Publications_and_Media","Research","Wales_College_of_Medicine,_Biology,_Life_and_Health_Sciences","News_and_Media","Colleges","Academic_Departments","Administrative_and_Support_Departments","Students'_Union","Personal_Pages","Departments_and_Programs","Departments_and_Programs","Arts_and_Sciences","Economics_and_Administrative_Sciences","Education","Engineering","Kandilli_Observatory_Earthquake_and_Research_Institute","Applied_Disciplines","Foreign_Languages","Athletics","Concordia_University_College_of_Alberta","Grande_Prairie_Regional_College","Grant_MacEwan_College","Keyano_College","King's_University_College","Lakeland_College","Medicine_Hat_College","Mount_Royal_College","Olds_College","Red_Deer_College","Lethbridge_College","DeVry_Institute_of_Technology","Northern_Alberta_Institute_of_Technology","Southern_Alberta_Institute_of_Technology","Athletics","Departments_and_Programs","Athletics","Departments_and_Programs","Organizations","Publications_and_Media","Administration","Athletics","Faculties_and_Schools","Organizations","Administration","Departments_and_Programs","Alderwood_International_College","American_Business_College","Arbutus_College","Ashton_College","British_Columbia_College","Burnaby_College","Camosun_College","Capilano_College","College_of_New_Caledonia","College_of_the_Rockies","Columbia_College","Comox_Valley_International_College","Corpus_Christi_College","Dorset_College","Douglas_College","EJ_Canada_College","Erickson_College","Institute_of_Indigenous_Government","King_George_International_College","Langara_College","North_Island_College","Lester_B._Pearson_College_of_the_Pacific","Northern_Lights_College","Northwest_Community_College","Okanagan_College","Omni_College","Pan_Pacific_International_English_College","Pattison_College","Richmond_International_College","Royal_Canadian_College","Selkirk_College","Sprott-Shaw_Community_College","Stenberg_College","Vancouver_Community_College","Western_Town_College","Winfield_College","Athletics","Athletics","Administration","Admissions_and_Financial_Aid","Alumni","Athletics","Campus_Community_Services","Campuses","Departments_and_Programs","Events_and_Attractions","Libraries_and_Museums","Maps_and_Views","Organization","Publications_and_Media","Research","Christ_for_the_Nations_Bible_College","Columbia_Bible_College","Mennonite_Brethren_Biblical_Seminary","Northwest_Baptist_Seminary","Pacific_Life_Bible_College","Regent_College","St._Mark's_College","Summit_Pacific_College","Vancouver_School_of_Theology","Art_Institute_of_Vancouver,_The","Bodwell_Internet_School","British_Columbia_Institute_of_Technology","Canadian_College_of_Acupuncture_and_Oriental_Medicine","Canadian_Ivy_College","Canadian_Tourism_College","Emily_Carr_Institute_of_Art_and_Design","Imperial_Hotel_Management_College","Nicola_Valley_Institute_of_Technology","North_American_Career_College","Pacific_Design_Academy","Tourism_Training_Institute","Vancouver_Art_Therapy_Institute","Vancouver_Institute_of_Business_and_Technology","Vancouver_Premier_College","West_Coast_College_of_Health_Care","ACTS_Seminaries","Athletics","Canada_Institute_of_Linguistics","Departments_and_Programs","Administration","Admissions_and_Financial_Aid","Alumni","Athletics","Departments_and_Programs","Libraries_and_Museums","Okanagan","Organizations","Publications_and_Media","Research","Athletics","Administration","Admissions_and_Financial_Aid","Alumni","Athletics","Courses","Departments_and_Programs","Events_and_Attractions","Libraries","Maps,_Buildings_and_Views","Publications_and_Media","Research","Student_Organizations","Teaching_and_Learning","Athletics","Athletics","Athletics","Red_River_College","William_and_Catherine_Booth_College","Athletics","Departments_and_Programs","Athletics","Athletics","New_Brunswick_Community_College","Athletics","Athletics","Fredericton","Saint_John","Athletics","Athletics","Athletics","Athletics","Departments_and_Programs","Publications_and_Media","Athletics","Athletics","Athletics","Nova_Scotia_Agricultural_College","Athletics","Departments_and_Programs","Athletics","Publications_and_Media","Algonquin_College","Cambrian_College","Canadore_College","Centennial_College","Conestoga_College","Confederation_College","Durham_College","Fanshawe_College","George_Brown_College","Georgian_College","Humber_College","Lambton_College","Loyalist_College","Mohawk_College","Niagara_College","Royal_Military_College_of_Canada","Sault_College","Seneca_College","Sheridan_College","Sir_Sanford_Fleming_College","St._Clair_College","St._Lawrence_College","Trillium_College","Athletics","Athletics","Athletics","Athletics","Athletics","Departments_and_Programs","Publications_and_Media","Athletics","Redeemer_University_College","DeVry_Institute_of_Technology","Athletics","Athletics","University_of_Guelph-Humber","Athletics","Administration","Alumni","Athletics","Campuses","Colleges","Departments_and_Programs","Libraries_and_Museums","Organisations","Publications_and_Media","Research","Athletics","Publications_and_Media","Athletics","Brescia_College","Publications_and_Media","Administration","Organizations","Departments_and_Programs","Huron_College","King's_College","Athletics","Student_Organizations","Athletics","Athletics","Departments","Libraries_and_Museums","Organizations","Research","Athletics","Athletics","Champlain_College","Champlain_Lennoxville_College","John_Abbott_College","Athletics","Departments_and_Programs","Organizations","Publications_and_Media","Administration","Alumni","Athletics","Departments_and_Programs","Libraries_and_Museums","Publications_and_Media","Briercrest_Bible_College","Administration","Admissions_and_Financial_Aid","Athletics","Departments_and_Programs","Libraries_and_Museums","Organizations","Administration","Admissions","Alumni","Athletics","Departments_and_Programs","Libraries_and_Museums","Organizations","Publications_and_Media","Research","Athletics","Athletics","Administration","Alumni","Athletics","Departments_and_Programs","Libraries_and_Museums","News_and_Media","Organizations","Research","Montgomery","Athletics","Athletics","Athletics","Athletics","Athletics","Organizations","Athletics","Athletics","Athletics","Dothan","Athletics","Alabama_Southern_Community_College","Bevill_State_Community_College","Bishop_State_Community_College","Calhoun_Community_College","Central_Alabama_Community_College","Chattahoochee_Valley_Community_College","Community_College_of_the_Air_Force","Enterprise-Ozark_Community_College","Faulkner_State_Community_College","Gadsden_State_Community_College","H._Councill_Trenholm_State_Technical_College","J._F._Drake_State_Technical_College","Jefferson_Davis_Community_College","Jefferson_State_Community_College","Lawson_State_Community_College","Lurleen_B._Wallace_Community_College","Marion_Military_Institute","Northeast_Alabama_Community_College","Northwest-Shoals_Community_College","Reid_State_Technical_College","Shelton_State_Community_College","Snead_State_Community_College","Southern_Union_State_Community_College","Virginia_College","Wallace_Community_College","Wallace_Community_College_Selma","Wallace_State_Community_College","Birmingham","Gadsden","Huntsville","Tuscaloosa","Athletics","Athletics","Athletics","Athletics","Athletics","Prince_William_Sound_Community_College","University_of_Alaska_Fairbanks_Northwest_Campus","Anchorage","Fairbanks","Southeast","Alumni","Athletics","Centers_and_Institutes","Departments","Organizations","Research","Athletics","Athletics","Apollo_College","Arizona_Western_College","Central_Arizona_College","Chandler-Gilbert_Community_College","Cochise_College","Diné_College","Eastern_Arizona_College","Estrella_Mountain_Community_College","Gateway_Community_College","Glendale_Community_College","International_Institute_of_the_Americas","Maricopa_Community_Colleges","Mesa_Community_College","Mohave_Community_College","Paradise_Valley_Community_College","Phoenix_College","Pima_Community_College","Rio_Salado_College","Scottsdale_Community_College","South_Mountain_Community_College","Yavapai_College","Kaplan_College","Athletics","Departments_and_Programs","Libraries_and_Museums","Organizations","Departments","News_and_Media","Organizations","People","Administration","Admissions","Alumni","Athletics","Campuses","Departments_and_Programs","Libraries_and_Museums","Organizations","Publications_and_Media","Research","Administration","Admissions","Alumni","Athletics","Departments_and_Programs","Organizations","Athletics","Alumni","Athletics","Departments_and_Programs","Organizations","Administration","Admissions","Alumni","Athletics","Libraries_and_Museums","News_and_Media","Organizations","Research","Administration","Admissions","Alumni","Athletics","Departments_and_Programs","Libraries_and_Museums","Organizations","Publications_and_Media","Admissions","Alumni","Athletics","Departments_and_Programs","Libraries_and_Museums","Admissions","Athletics","Admissions","Alumni","Athletics","Departments_and_Programs","Libraries_and_Museums","Organizations","Research","Administration","Admissions","Alumni","Athletics","Departments_and_Programs","Libraries_and_Museums","Publications_and_Media","Arkansas_Northeastern_College","Arkansas_State_University","East_Arkansas_Community_College","Mid-South_Community_College","National_Park_Community_College","NorthWest_Arkansas_Community_College","North_Arkansas_College","Ouachita_Technical_College","Ozarka_College","Pulaski_Technical_College","Rich_Mountain_Community_College","South_Arkansas_Community_College","Southern_Arkansas_University_Tech","University_of_Arkansas","Fayetteville","Fort_Smith","Little_Rock","Medical_Sciences","Monticello","Pine_Bluff","Administration","Admissions","Alumni","Athletics","Departments_and_Programs","Libraries_and_Museums","Organizations","Publications_and_Media","Research","Administration","Admissions","Alumni","Athletics","Departments_and_Programs","Organizations","Research","Athletics","Alumni","CSU_Bakersfield","CSU_Channel_Islands","CSU_Chico","CSU_Dominguez_Hills","CSU_East_Bay","CSU_Fresno","CSU_Fullerton","CSU_Long_Beach","CSU_Los_Angeles","CSU_Monterey_Bay","CSU_Northridge","CSU_San_Bernardino","CSU_San_Marcos","CSU_Stanislaus","Cal_Poly_Pomona","Cal_Poly_San_Luis_Obispo","California_Maritime_Academy","Humboldt_State_University","Sacramento_State_University","San_Diego_State_University","San_Francisco_State_University","San_Jose_State_University","Sonoma_State_University","Academy_of_Art_University","Alliant_International_University","American_Graduate_University","American_InterContinental_University_Los_Angeles","Antioch_University","Art_Center_College_of_Design","Art_Institute_of_California","Azusa_Pacific_University","Bethany_University","Bethel_Seminary_San_Diego","Bhaktivedanta_Institute","Biola_University","California_American_University","California_Baptist_University","California_College_of_the_Arts","California_Institute_of_Integral_Studies","California_Institute_of_Technology","California_Institute_of_the_Arts","California_Lutheran_University","Chapman_University","Christian_Life_College","Christian_Life_International_Bible_College","Cogswell_Polytechnical_College","Claremont_Colleges","Coleman_College","Concordia_University","Deep_Springs_College","Dominican_University_of_California","Fresno_Pacific_University","Fuller_Theological_Seminary","Golden_Gate_University","Golden_State_Baptist_College","Holy_Names_College","Hope_International_University","Humphreys_College","Jesuit_School_of_Theology_at_Berkeley","John_F._Kennedy_University","John_Paul_the_Great_Catholic_University","La_Sierra_University","Loma_Linda_University","Loyola_Marymount_University","Marymount_College","Master's_College","Menlo_College","Mills_College","Monterey_Institute_of_International_Studies","Mount_Saint_Mary's_College","National_Hispanic_University","National_University","American_Jewish_University","Notre_Dame_de_Namur_University","Occidental_College","Otis_College_of_Art_and_Design","Pacific_Graduate_School_of_Psychology","Pacific_Oaks_College","Pacific_States_University","Pacific_Union_College","Pacifica_Graduate_Institute","Patten_University","Pepperdine_University","Point_Loma_Nazarene_University","Rudolf_Steiner_College","Saint_Mary's_College_of_California","Samuel_Merritt_College","San_Diego_Christian_College","San_Francisco_Art_Institute","San_Francisco_Conservatory_of_Music","Santa_Clara_University","Shasta_Bible_College","Simpson_University","Soka_University_of_America","Southern_California_Institute_of_Architecture","Stanford_University","Thomas_Aquinas_College","Trinity_Life_Bible_College","Christ_Theological_Seminary","University_of_La_Verne","University_of_Redlands","University_of_San_Diego","University_of_San_Francisco","University_of_Southern_California","University_of_the_Pacific","Vanguard_University","Vision_International_College_and_University","Westminster_Theological_Seminary","Westmont_College","Whittier_College","William_Carey_International_University","Woodbury_University","William_Jessup_University","Bakersfield_College","Barstow_College","Cabrillo_College","Cañada_College","Cerritos_College","Chaffey_College","Citrus_College","City_College_of_San_Francisco","College_of_Marin","College_of_the_Redwoods","College_of_the_Siskiyous","Copper_Mountain_Community_College","Cypress_College","De_Anza_College","Foothill_College","Fresno_City_College","Fullerton_College","Glendale_Community_College","Grossmont_College","Lassen_Community_College","Long_Beach_City_College","Los_Angeles_Mission_College","Mendocino_College","Monterey_Peninsula_College","Orange_Coast_College","Palomar_College","Pasadena_City_College","Santa_Rosa_Junior_College","Shasta_College","Sierra_College","Southwestern_College","West_Valley_College","Berkeley","Davis","Hastings_College_of_Law","Irvine","Los_Angeles","Merced","Riverside","San_Diego","San_Francisco","Santa_Barbara","Santa_Cruz","Athletics","Athletics","Athletics","Athletics","Athletics","Athletics","Athletics","Athletics","Athletics","Colorado_Mountain_College","Admissions","Alumni","Athletics","Boulder","Colorado_Springs","Denver","Athletics","The_Women's_College_of_the_University_of_Denver","Athletics","Athletics","Athletics","Athletics","Administration","Admissions","Athletics","Departments_and_Programs","Organizations","Publications_and_Media","Research","Central","Eastern","Southern","Western","Administration","Admissions","Alumni","Athletics","Organizations","School_of_Engineering","School_of_Nursing","Duncan_Black_Macdonald_Center","Hartford_Institute_for_Religion_Research","Athletics","Athletics","Departments_and_Programs","Administration","Athletics","College_of_Liberal_Arts","Departments_and_Programs","Libraries_and_Museums","Publications_and_Media","School_of_Business","School_of_Communications","School_of_Health_Sciences","School_of_Law","Departments_and_Programs","Athletics","Departments_and_Programs","Athletics","Departments","Research","Administration","Alumni","Athletics","Departments_and_Programs","Libraries","Organizations","Publications_and_Media","Briarwood_College","Connecticut_Community_College_System","Paier_College_of_Art","Saint_Vincent's_College","Athletics","Departments_and_Programs","Publications_and_Media","Administration","Admissions","Alumni","Athletics","Campuses","College_of_Agriculture_and_Natural_Resources","College_of_Continuing_Studies","College_of_Liberal_Arts_and_Sciences","Departments_and_Programs","Libraries_and_Museums","Organizations","Publications_and_Media","Research","School_of_Business","School_of_Dental_Medicine","School_of_Education","School_of_Engineering","School_of_Family_Studies","School_of_Fine_Arts","School_of_Law","School_of_Medicine","School_of_Nursing","School_of_Social_Work","Administration","Admissions","Athletics","Barney_School_of_Business","College_of_Arts_and_Sciences","College_of_Education,_Nursing_and_Health_Professions","Departments_and_Programs","Hartford_Art_School","Hillyer_College","Libraries_and_Museums","Organizations","Publications_and_Media","The_Hartt_School","College_of_Engineering,_Technology_and_Architecture","Athletics","Departments_and_Programs","Administration","Admissions","Alumni","Athletics","Departments","Libraries","Organizations","Publications_and_Media","Research","Administration","Admissions","Alumni","Athletics","Departments_and_Programs","Divinity_School","Institute_of_Sacred_Music","Libraries","Maps_and_Views","News_and_Media","Organizations","Research","School_of_Architecture","School_of_Art","School_of_Drama","School_of_Forestry_and_Environmental_Studies","School_of_Law","School_of_Management","School_of_Medicine","School_of_Music","School_of_Nursing","School_of_Public_Health","Athletics","Athletics","Athletics","Athletics","Athletics","Athletics","Athletics","Daytona_Beach","Athletics","Athletics","Athletics","Campuses","Departments_and_Programs","Organizations","Athletics","Athletics","Athletics","Athletics","Athletics","Athletics","Departments_and_Programs","Organizations","Research","Athletics","Faculty","Athletics","Athletics","Administration","Admissions","Alumni","Athletics","Departments_and_Programs","Libraries_and_Museums","Athletics","Libraries_and_Museums","Chats_and_Forums","Personal_Homepages","Publications_and_Media","Athletics","Athletics","Athletics","Athletics","Brevard_Community_College","Palm_Beach_Community_College","Edward_Waters_College","Florida_State_College","Athletics","Campuses","Colleges","Libraries_and_Museums","News_and_Media","Organizations","Support_and_Services","Athletics","Departments_and_Programs","News_and_Media","Athletics","Athletics","Athletics","Campuses","Departments_and_Programs","Libraries_and_Museums","Media_and_Publications","Organizations","Athletics","Athletics","Libraries_and_Museums","Athletics","Athletics","Athletics","Athletics","Athletics","Athletics","Athletics","Athletics","Athletics","Athletics","Organizations","Athletics","Athletics","Athletics","Departments_and_Programs","Athletics","Athletics","Athletics","Departments_and_Programs","Organizations","Athletics","Athletics","Athletics","Administration","Admissions","Alumni","Athletics","Departments_and_Programs","Faculty","Libraries_and_Museums","Organizations","Publications_and_Media","Research","Athletics","Athletics","Athletics","Athletics","Organizations","Athletics","Departments_and_Programs","Libraries_and_Museums","Organizations","Athletics","Athletics","Athletics","Athletics","Athletics","Athletics","Athletics","Athletics","Abraham_Baldwin_Agricultural_College","Gordon_College","South_Georgia_College","Armstrong_Atlantic_State_University","Augusta_State_University","Dalton_State_College","Macon_State_College","Clayton_State_University","Administration","Admissions","Athletics","Departments_and_Programs","Libraries","Organizations","Publications_and_Media","Athletics","Athletics","Athletics","Athletics","Athletics","Athletics","Athletics","Hilo","Research","Athletics","Libraries_and_Museums","Libraries_and_Museums","Athletics","Organizations","Athletics","Libraries_and_Museums","Athletics","College_of_Southern_Idaho","North_Idaho_College","Administration","Admissions","Athletics","Campuses","Departments_and_Programs","Libraries_and_Museums","Organizations","Publications_and_Media","Research","Athletics","Libraries_and_Museums","Athletics","Athletics","Athletics","Athletics","Athletics","Athletics","Athletics","Athletics","Libraries_and_Museums","Athletics","Athletics","Publications_and_Media","Athletics","Athletics","Athletics","Athletics","Athletics","Administration","Admissions","Alumni","Athletics","Departments_and_Programs","Events_and_Attractions","Fundraising","Libraries_and_Museums","Organizations","Publications_and_Media","Technology","Athletics","Athletics","Athletics","Athletics","Athletics","Admissions","Alumni","Athletics","Departments_and_Programs","Libraries_and_Museums","Organizations","Publications_and_Media","Athletics","Athletics","Athletics","Athletics","Administration","Athletics","Departments_and_Programs","News_and_Media","Organizations","Athletics","Athletics","Athletics","Departments_and_Programs","Organizations","Publications_and_Media","Research","Athletics","Athletics","Athletics","Athletics","Athletics","Athletics","Carbondale","Edwardsville","Athletics","Black_Hawk_College","Carl_Sandburg_College","City_Colleges_of_Chicago","College_of_DuPage","College_of_Lake_County","Danville_Area_Community_College","Elgin_Community_College","Gem_City_College","Heartland_Community_College","Highland_Community_College","Illinois_Central_College","Illinois_Eastern_Community_Colleges","Illinois_Valley_Community_College","John_A._Logan_College","John_Wood_Community_College","Joliet_Junior_College","Kankakee_Community_College","Kaskaskia_College","Kishwaukee_College","Lewis_and_Clark_Community_College","Lexington_College","Lincoln_College","Lincoln_Land_Community_College","MacCormac_College","McHenry_County_College","Midstate_College","Moraine_Valley_Community_College","Morrison_Institute_of_Technology","Morton_College","Oakton_Community_College","Parkland_College","Rend_Lake_College","Richland_Community_College","Rock_Valley_College","Sauk_Valley_Community_College","Shawnee_Community_College","South_Suburban_College","Southeastern_Illinois_College","Southwestern_Illinois_College","Spoon_River_College","Triton_College","Waubonsee_Community_College","William_Rainey_Harper_College","Administration","Admissions","Alumni","Arts_and_Entertainment","Athletics","Bookstores","Departments_and_Programs","Housing","Libraries","Maps_and_Views","Museums","News_and_Media","Organizations","Research","Students","University_of_Chicago_Press","Administration","Admissions","Alumni","Athletics","Chicago","Departments_and_Programs","Libraries_and_Museums","Organizations","Publications_and_Media","Research","Springfield","Urbana-Champaign","Athletics","Athletics","Athletics","Athletics","Athletics","Athletics","Athletics","Athletics","Athletics","Athletics","Athletics","Organizations","Athletics","Athletics","Athletics","Athletics","Athletics","Athletics","Columbus","Fort_Wayne","Indianapolis","Athletics","Athletics","Athletics","Organizations","Publications_and_Media","Research","Athletics","Athletics","Athletics","Athletics","Alumni","Athletics","Organizations","Purdue_Calumet","Purdue_North_Central","Athletics","Athletics","Athletics","Fort_Wayne_Campus","Upland_Campus","International_Business_College","Ivy_Tech_Community_College","Administration","Admissions","Alumni","Athletics","Departments_and_Programs","Libraries_and_Museums","Organizations","Publications_and_Media","Research","Athletics","Athletics","Libraries_and_Museums","Athletics","Athletics","Athletics","Athletics","Athletics","Athletics","Athletics","Athletics","Athletics","Departments_and_Programs","Organizations","Athletics","Athletics","Athletics","Athletics","Athletics","Athletics","Athletics","Athletics","Athletics","Athletics","Athletics","Athletics","Athletics","Athletics","Athletics","Athletics","Athletics","North_Iowa_Area_Community_College","Athletics","Athletics","Organizations","Research","Athletics","Publications_and_Media","Athletics","Athletics","Athletics","Athletics","Athletics","Athletics","Athletics","Athletics","Athletics","Athletics","Athletics","Organizations","Athletics","Athletics","Athletics","Organizations","Athletics","Athletics","Athletics","Athletics","Athletics","Athletics","Athletics","Athletics","Athletics","Administration","Admissions","Athletics","Departments_and_Programs","Information_and_Assistance","Libraries_and_Museums","Organizations","Publications_and_Media","Research","Athletics","Athletics","Athletics","Athletics","Athletics","Athletics","Athletics","Athletics","Athletics","Athletics","Athletics","Athletics","Athletics","Athletics","Athletics","Athletics","Athletics","Athletics","Athletics","Athletics","Athletics","Athletics","Athletics","Hazard_Community_and_Technical_College","Henderson_Community_College","Hopkinsville_Community_College","West_Kentucky_Community_and_Technical_College","Athletics","Athletics","Organizations","Athletics","Organizations","Publications_and_Media","Athletics","Organizations","Athletics","Athletics","Athletics","Athletics","Athletics","Alexandria","Baton_Rouge","Shreveport","Admissions","Alumni","Athletics","Departments_and_Programs","Organizations","Research","Athletics","Athletics","Athletics","Athletics","Athletics","Baton_Rouge","New_Orleans","Athletics","Departments_and_Programs","Organizations","Schools_and_Colleges","Student_Resources","Bossier_Parish_Community_College","Louisiana_State_University","Southern_University","Lafayette","Monroe","Athletics","Athletics","Athletics","Athletics","Organizations","Athletics","Publications_and_Media","Athletics","Athletics","Athletics","Mid-State_College","Athletics","Augusta","Farmington","Fort_Kent","Machias","Orono","Presque_Isle","Southern_Maine","Rockland","Athletics","Athletics","Athletics","Athletics","Athletics","Athletics","Athletics","Athletics","Departments_and_Programs","Libraries_and_Museums","Organizations","Research","Athletics","Departments_and_Programs","Athletics","Campus_Organizations","Departments","Athletics","Athletics","Athletics","Athletics","Athletics","Media_and_Publications","Allegany_College_of_Maryland","Anne_Arundel_Community_College","Baltimore_City_Community_College","Carroll_Community_College","Cecil_College","Chesapeake_College","College_of_Southern_Maryland","Frederick_Community_College","Garrett_College","Hagerstown_Community_College","Harford_Community_College","Howard_Community_College","Montgomery_Community_College","Prince_George's_Community_College","TESST_College_of_Technology","The_Community_College_of_Baltimore_County","Washington_Bible_College","Wor-Wic_Community_College","Kaplan_College","Admissions","Alumni","Athletics","Departments_and_Programs","Libraries_and_Museums","Organizations","Parents'_Clubs","Publications_and_Media","Center_for_Environmental_Science","University_of_Maryland_Biotechnology_Institute","Departments_and_Programs","Organizations","Baltimore","Baltimore_County","College_Park","Eastern_Shore","University_College","Athletics","Athletics","Athletics","Athletics","Alumni","Athletics","Organizations","Athletics","Athletics","Athletics","Publications_and_Media","Athletics","Athletics","Athletics","Libraries_and_Museums","Organizations","Publications_and_Media","Athletics","Departments_and_Programs","Organizations","Publications_and_Media","Research","Athletics","Departments_and_Programs","Libraries_and_Museums","Organizations","Publications_and_Media","Athletics","Athletics","Alumni","Athletics","Departments_and_Programs","Libraries_and_Museums","Publications_and_Media","Athletics","Athletics","Directories","Libraries_and_Museums","Athletics","Athletics","Athletics","Athletics","Athletics","Athletics","Departments_and_Programs","Administration","Alumni","Arts_and_Entertainment","Athletics","Faculty_of_Arts_and_Sciences","Faculty_of_Medicine","Graduate_School_of_Design","Graduate_School_of_Education","Harvard_Business_School","Harvard_Divinity_School","Harvard_Law_School","John_F._Kennedy_School_of_Government","Libraries","Maps_and_Views","Museums","Organizations","Publications_and_Media","Radcliffe_Institute_for_Advanced_Study","Research","School_of_Public_Health","Athletics","Athletics","Athletics","Athletics","Libraries_and_Museums","Organizations","Research","Athletics","Athletics","Athletics","Athletics","Administration","Admissions","Athletics","Departments_and_Programs","Graduate_Programs","Organizations","Publications_and_Media","Research","Satellite_Campuses_and_Facilities","Athletics","Athletics","Athletics","Athletics","Alumnae","Athletics","Libraries_and_Museums","Publications_and_Media","Athletics","Athletics","Athletics","Alumni","Athletics","Departments_and_Programs","Libraries_and_Museums","Organizations","Publications_and_Media","Bay_State_College","Benjamin_Franklin_Institute_of_Technology","New_England_College_of_Finance","Quinsigamond_Community_College","Amherst","Boston","Dartmouth","Lowell","Medical_Worcester","Research","Athletics","Athletics","Athletics","Athletics","Athletics","Athletics","Athletics","Alumni","Athletics","Organizations","Publications_and_Media","Athletics","Athletics","Athletics","Athletics","Athletics","Organizations","Athletics","Organizations","Athletics","Athletics","Athletics","Colleges_and_Departments","Libraries","Organizations","Athletics","Athletics","Athletics","Organizations","Administration","Admissions","Alumni","Athletics","Campuses","Colleges_and_Departments","Libraries","Maps_and_Views","Organizations","Athletics","Athletics","Organizations","Athletics","Organizations","Athletics","Athletics","Athletics","Athletics","Administration","Admissions_and_Enrollment","Alumni","Athletics","Colleges_and_Departments","Conference_and_Event_Facilities","Libraries,_Museums,_and_Collections","Organizations","Outreach_and_Extension","Performing_Arts_and_Entertainment","Publications_and_Media","Research","Student_Resources","Administration","Admissions","Alumni","Athletics","Departments_and_Programs","Libraries_and_Museums","Organizations","Publications_and_Media","Research","Athletics","Athletics","Athletics","Organizations","Athletics","Athletics","Athletics","Athletics","Delta_College","Lansing_Community_College","Athletics","Administration","Admissions","Athletics","Bulletins","Campuses","Departments_and_Programs","Libraries_and_Museums","Organizations","Research","Athletics","Organizations","Athletics","Athletics","Departments_and_Programs","Organizations","Athletics","Athletics","Bethel_Seminary","Departments_and_Programs","Admissions","Alumni","Athletics","Departments_and_Programs","Libraries_and_Museums","Organizations","Publications_and_Media","Research","Alumni","Athletics","Libraries_and_Museums","Athletics","Libraries_and_Museums","Athletics","Athletics","Athletics","Athletics","Athletics","Athletics","Departments_and_Programs","Organizations","Research","Alumni","Athletics","Libraries_and_Museums","Athletics","Athletics","Athletics","Departments_and_Programs","Athletics","Athletics","Athletics","Athletics","Athletics","Athletics","Departments_and_Programs","Alexandria_Technical_College","Bethany_Lutheran_College","Minneapolis_Community_and_Technical_College","Crookston","Duluth","Morris","Twin_Cities","Athletics","Athletics","Athletics","Athletics","Athletics","Athletics","Admissions","Athletics","Athletics","Athletics","Admissions","Athletics","Departments_and_Programs","Events","Libraries_and_Museums","Organizations","Publications_and_Media","Research","Alumni","Athletics","Athletics","Admissions","Alumni","Athletics","Departments_and_Programs","Directories","Events","Libraries_and_Museums","Organizations","Publications_and_Media","Research","Administration","Admissions","Alumni","Athletics","Departments_and_Programs","Events","Libraries_and_Museums","Organizations","Publications_and_Media","Research","Athletics","Athletics","Athletics","Athletics","Athletics","Athletics","Athletics","Athletics","Athletics","Athletics","Athletics","Athletics","Athletics","Athletics","Athletics","Athletics","Athletics","Departments_and_Programs","Academic_Departments","Admissions","Athletics","Campuses","Organizations","Publications_and_Media","Libraries_and_Museums","Athletics","Athletics","Athletics","Athletics","Athletics","Athletics","Athletics","Athletics","Athletics","Athletics","Departments_and_Programs","Organizations","Publications_and_Media","Cottey_College","Crowder_College","East_Central_College","Jefferson_College","Kansas_City_Metro_Community_Colleges","Linn_State_Technical_College","Mineral_Area_College","Missouri_College","Missouri_Technical_School","Moberly_Area_Community_College","North_Central_Missouri_College","Ozarks_Technical_Community_College","Ranken_Technical_College","Saint_Louis_Community_College","Springfield_College","State_Fair_Community_College","Three_Rivers_Community_College","Wentworth_Military_Academy_and_College","Saint_Charles_Community_College","Athletics","Columbia","Kansas_City","St._Louis","Athletics","Campuses","Departments_and_Programs","News_and_Media","Organizations","Libraries","Athletics","Athletics","Athletics","Athletics","Athletics","Billings","Bozeman","Northern","Athletics","Montana_State_University","University_of_Montana","Athletics","Missoula","Montana_Tech","Western","Athletics","Athletics","Athletics","Athletics","Athletics","Athletics","Athletics","Athletics","Athletics","Athletics","Kearney","Lincoln","Omaha","Athletics","Athletics","Las_Vegas","Reno","Athletics","Athletics","Administration","Admissions","Alumni","Athletics","Departments_and_Programs","Libraries_and_Museums","Organizations","Publications_and_Media","Research","Athletics","Athletics","Athletics","Libraries_and_Museums","Athletics","Athletics","Athletics","Great_Bay_Community_College","Athletics","Departments_and_Programs","Athletics","Athletics","Athletics","Athletics","Athletics","Athletics","Athletics","Athletics","Athletics","Athletics","Athletics","Athletics","Athletics","Athletics","Current_Students","Greek_Life","Organizations","Professional_Societies","Prospective_Students","Alumni","Athletics","Departments","Libraries_and_Museums","Organizations","Publications_and_Media","Research","Athletics","Athletics","Athletics","Athletics","Administration","Admissions","Camden","Libraries_and_Museums","New_Brunswick","Newark","Athletics","Athletics","Athletics","Burlington_County_College","DeVry_Institute_of_Technology","Union_County_College","Athletics","Athletics","Athletics","Athletics","Athletics","Research","Organizations","New_Mexico_State_University","Athletics","Departments_and_Programs","Libraries_and_Museums","Research","Athletics","Athletics","Athletics","Athletics","Libraries_and_Museums","Organizations","Athletics","Baruch_College","Brooklyn_College","City_College_of_New_York","College_of_Staten_Island","College_of_Technology","Hunter_College","John_Jay_College_of_Criminal_Justice","Lehman_College","Medgar_Evers_College","Queens_College","York_College","Athletics","Athletics","Athletics","Athletics","Libraries","Organizations","Athletics","Athletics","Administration","Admissions","Alumni","Athletics","Departments","Libraries","Organizations","Publications","Research","Schools","Athletics","Administration","Admissions","Alumni","Athletics","Departments_and_Programs","Libraries_and_Museums","Organizations","Publications_and_Media","Research","Athletics","Athletics","Athletics","Athletics","Departments_and_Programs","Organizations","Athletics","Athletics","Departments_and_Programs","Libraries_and_Museums","Athletics","Athletics","Athletics","Athletics","Athletics","Organizations","Athletics","Athletics","Athletics","Publications_and_Media","Athletics","Athletics","Athletics","Brooklyn_Campus","C._W._Post","Athletics","Athletics","Athletics","Athletics","Athletics","Athletics","Athletics","Athletics","Athletics","Athletics","Centers_and_Institutes","Departments_and_Programs","Publications_and_Media","School_of_Medicine","Student_Organizations,_Activities_and_Events","Athletics","Athletics","Athletics","Departments_and_Programs","Organizations","Research_and_Centers","Schools_and_Colleges","Athletics","Athletics","Organizations","Academic_Departments","Alumni_Resources","Student_Resources","Athletics","Administration","Admissions","Alumni","Athletics","Departments_and_Programs","Libraries","Organizations","Services","Student_Pages","Albany","Alfred_State_College","Binghamton","Brockport","Buffalo","Buffalo_State","Canton_College_of_Technology","College_of_Environmental_Science_and_Forestry","Cortland","Farmingdale","Fredonia","Geneseo","Health,_Tech,_Special_and_Statutory_Colleges","Institute_of_Technology","New_Paltz","Oneonta","Old_Westbury","Oswego","Plattsburgh","Potsdam","Purchase_College","Stony_Brook","University_Centers_and_Colleges","Athletics","Athletics","Athletics","Athletics","Brooklyn_Campus","Suffolk_Campus","Athletics","Athletics","Athletics","Athletics","Athletics","Organizations","Publications_and_Media","Departments_and_Programs","Libraries","CUNY","Paul_Smith's_College","SUNY","Alumni","Athletics","Libraries_and_Museums","Parents'_Clubs","Publications_and_Media","Athletics","Administration","Admissions","Alumni","Athletics","Departments_and_Programs","Directories","Instructional_Technology","Libraries_and_Museums","Merchandise","Organizations","Publications_and_Media","Research","Athletics","Admissions","Athletics","Departments_and_Programs","Libraries_and_Museums","Organizations","Athletics","Organizations","Athletics","Athletics","Athletics","Athletics","Athletics","Athletics","Athletics","Athletics","Athletics","Academics_and_Research","Alumni","Athletics","Libraries_and_Museums","Organizations","News_and_Media","Admissions","Athletics","Organizations","Athletics","Athletics","Athletics","Athletics","Athletics","Athletics","Athletics","Athletics","Athletics","Athletics","Athletics","Athletics","Athletics","Athletics","Athletics","Athletics","Alumni","Athletics","Departments_and_Colleges","News_and_Media","Organizations","Student_Resources","Research","Athletics","Athletics","Athletics","Athletics","Athletics","Athletics","Asheville","Chapel_Hill","Charlotte","Greensboro","Pembroke","Wilmington","Athletics","Departments_and_Programs","Organizations","Athletics","Athletics","Departments_and_Programs","Athletics","Athletics","Athletics","Athletics","Athletics","Athletics","Athletics","Athletics","Athletics","Athletics","Athletics","Athletics","Athletics","Athletics","Athletics","Athletics","Libraries_and_Museums","Athletics","Athletics","Departments_and_Programs","Organizations","Athletics","Athletics","Athletics","Publications_and_Media","Athletics","Athletics","Athletics","Athletics","Athletics","Athletics","Athletics","May_4,_1970_Shootings","Organizations","Athletics","Athletics","Athletics","Athletics","Athletics","Fraternities_and_Sororities","Athletics","Athletics","Athletics","Athletics","Athletics","Athletics","Athletics","Athletics","Agricultural_Technical_Institute","Alumni","Athletics","Career_Services","Departments_and_Programs","Lima","Mansfield","Marion","Newark","Organizations","Research","Athens","Athletics","Athletics","Athletics","Athletics","Bowling_Green_State_University","Columbus_State_Community_College","Kent_State_University","Miami_University","Ohio_State_University","Ohio_University","University_of_Akron","University_of_Cincinnati","Athletics","Athletics","Athletics","Athletics","Athletics","Athletics","Athletics","Athletics","Athletics","Athletics","Athletics","Athletics","Athletics","Athletics","Athletics","Athletics","Athletics","Athletics","Athletics","Athletics","Athletics","Athletics","Athletics","Athletics","Athletics","Tulsa","Athletics","Athletics","Athletics","Athletics","Athletics","Athletics","Athletics","Northeastern_Oklahoma_A&amp;M_College","Oklahoma_State_University","Athletics","Alumni","Athletics","Departments_and_Programs","Health_Sciences_Center","News_and_Media","Organizations","Athletics","Athletics","Athletics","Athletics","Athletics","Athletics","Athletics","Athletics","Athletics","Athletics","Athletics","Athletics","Athletics","Athletics","Administration","Alumni","Athletics","Departments_and_Programs","Libraries_and_Museums","Organizations","Publications_and_Media","Research","Athletics","Athletics","Athletics","Athletics","Athletics","Athletics","Athletics","Athletics","Athletics","Athletics","Athletics","Computing_Services","Departments_and_Programs","Athletics","Athletics","Departments_and_Programs","Organizations","Publications_and_Media","Athletics","Athletics","Athletics","Administration","Athletics","Departments_and_Programs","Organizations","Research","West_Coast_Branch","Athletics","Athletics","Athletics","Athletics","Athletics","Athletics","Athletics","Athletics","Athletics","Athletics","College_of_Medicine","Athletics","Athletics","Athletics","Athletics","Athletics","Administration","Admissions","Athletics","Departments_and_Programs","Libraries_and_Museums","Organizations","Publications_and_Media","Athletics","Athletics","Athletics","Athletics","Athletics","Athletics","Libraries_and_Museums","Athletics","Athletics","Athletics","Athletics","Athletics","Athletics","Athletics","Athletics","Athletics","Athletics","Athletics","Athletics","Publications_and_Media","Athletics","Athletics","Athletics","Athletics","Athletics","Athletics","Athletics","Athletics","Athletics","Athletics","Athletics","Abington","Administration","Altoona","Alumni","Behrend_College","Berks-Lehigh_Valley","Capital_College","College_of_Medicine","Commonwealth_College","Computing_Services","Departments_and_Programs","Directories","Libraries_and_Museums","Pennsylvania_College_of_Technology","Publications_and_Media","School_of_Graduate_Professional_Studies","University_Park","Athletics","Athletics","Athletics","Athletics","Athletics","Athletics","Athletics","Athletics","Athletics","Athletics","Athletics","Athletics","Athletics","Athletics","Athletics","Valley_Forge_Military_Academy_and_College","Athletics","Departments_and_Programs","Libraries_and_Museums","Organizations","Publications_and_Media","Research","Athletics","Bradford","Greensburg","Organizations","Johnstown","Athletics","Athletics","Athletics","Athletics","Publications_and_Media","Athletics","Athletics","Athletics","Athletics","Athletics","Departments_and_Programs","Research","Athletics","Athletics","Athletics","Admissions","Alumni","Athletics","Departments_and_Programs","Libraries_and_Museums","Organizations","Research","Athletics","Athletics","Athletics","Athletics","Organizations","Services","Athletics","Athletics","Athletics","Libraries_and_Museums","Organizations","Research","Athletics","Athletics","Athletics","Athletics","Arts_and_Entertainment","Athletics","Athletics","Athletics","Organizations","Athletics","Athletics","Athletics","Organizations","Publications_and_Media","Athletics","Athletics","Athletics","Athletics","Athletics","Athletics","Athletics","Research","Athletics","Athletics","Athletics","Athletics","University_of_South_Carolina","Columbia","Spartanburg","Aiken","Athletics","Athletics","Athletics","Publications_and_Media","Athletics","Athletics","Athletics","Athletics","Athletics","Athletics","Athletics","Athletics","Athletics","Athletics","Athletics","Athletics","Athletics","Organizations","Athletics","Athletics","Athletics","Athletics","Athletics","Athletics","Athletics","Departments_and_Programs","Museums","Organizations","Publications_and_Media","Athletics","Jubilee_Singers","Athletics","Athletics","Athletics","Athletics","Athletics","Athletics","Athletics","Athletics","Athletics","Organizations","Athletics","Athletics","Athletics","Athletics","Athletics","Athletics","Alumni","Athletics","Athletics","Organizations","Athletics","Athletics","Athletics","Athletics","Chattanooga_State_Technical_Community_College","Cleveland_State_Community_College","Columbia_State_Community_College","Draughons_Junior_College","Dyersburg_State_Community_College","Hiwassee_College","Jackson_State_Community_College","John_A._Gupton_College","Motlow_State_Community_College","Nashville_State_Community_College","Northeast_State_Technical_Community_College","Pellissippi_State_Technical_Community_College","Roane_State_Community_College","Southwest_Tennessee_Community_College","Volunteer_State_Community_College","Walters_State_Community_College","Athletics","Athletics","Libraries_and_Museums","Alumni","Chattanooga","Knoxville","Martin","Memphis","UT_Space_Institute","Athletics","Departments_and_Programs","Libraries","Organizations","Publications_and_Media","Athletics","Publications_and_Media","Athletics","Athletics","Athletics","Publications_and_Media","Athletics","Athletics","Athletics","Athletics","Athletics","Athletics","Athletics","Athletics","Athletics","Faculty","Athletics","Athletics","Athletics","Athletics","Athletics","Athletics","Administration","Alumni","Athletics","Departments_and_Programs","Events","Libraries_and_Museums","Organizations","Publications_and_Media","Research","Residential_Colleges","Athletics","Athletics","Libraries_and_Museums","Administration","Admissions","Athletics","Departments_and_Programs","Libraries_and_Museums","Organizations","Publications_and_Media","Research","Student_Life","Athletics","Organizations","Admissions","Athletics","Departments","Research","Events","Libraries","Alumni","Museums","Publications_and_Media","Athletics","Athletics","Athletics","Athletics","Athletics","Administration","Admissions","Alumni","Athletics","Commerce","Corpus_Christi","Departments_and_Programs","Faculty","Galveston","Kingsville","Libraries_and_Museums","Organizations","Publications_and_Media","Research","Student_Life","Texarkana","Texas_A&amp;M_International","Texas_A&amp;M_System","Colleges_and_Schools","Administration","Admissions","Alumni","Athletics","Departments","Organizations","Publications_and_Media","Research","Athletics","Athletics","Athletics","Athletics","Alumni","Athletics","Departments_and_Programs","Events","Health_Sciences_Center","Libraries_and_Museums","News_and_Media","Organizations","Research","Athletics","Athletics","Athletics","Alamo_Community_College_District","Alvin_Community_College","Amarillo_College","Angelina_College","Collin_County_Community_College_District","Dallas_County_Community_College_District","Houston_Community_College_System","Kilgore_College","Ranger_College","San_Jacinto_College_District","Tarrant_County_College_District","Texas_State_Technical_College_System","Trinity_Valley_Community_College","Lone_Star_College_System","Athletics","Houston","UH-Clear_Lake","UH-Downtown","UH-Victoria","Athletics","Administration","Admissions","Alumni","Athletics","Departments_and_Programs","Health_Science_Center_at_Fort_Worth","Libraries_and_Museums","News_and_Media","Organizations","Research","Arlington","Austin","Brownsville","Dallas","El_Paso","Houston","Medical_Branch_-_Galveston","Pan_American","Permian_Basin","Publications_and_Media","San_Antonio","Tyler","Athletics","Publications_and_Media","Athletics","Athletics","Athletics","Athletics","Athletics","Colleges_and_Schools","Departments_and_Programs","Financial_Aid","Organizations","Personal_Pages","Publications_and_Media","Research","Athletics","Athletics","Athletics","Athletics","Programs","Athletics","Athletics","Athletics","Athletics","Athletics","Athletics","Athletics","Athletics","Athletics","Athletics","Athletics","Athletics","Vermont_Technical_College","Administration","Admissions","Alumni","Athletics","Computing","Departments_and_Programs","Events","Faculty","Libraries_and_Museums","Maps_and_Views","News_and_Media","Offices","Organizations","Research","Students","Support_and_Resources","Athletics","Athletics","Athletics","Athletics","Athletics","Athletics","Alumni","Athletics","Departments_and_Programs","Libraries_and_Museums","Organizations","Athletics","Eastern_Mennonite_Seminary","Athletics","Athletics","Athletics","Athletics","Athletics","Athletics","Departments_and_Programs","Faculty_Homepages","Organizations","Publications_and_Media","Administration","Admissions","Alumni","Athletics","Departments_and_Programs","Events_and_Attractions","Libraries_and_Museums","Organizations","Research","Athletics","Athletics","Athletics","Athletics","Athletics","Athletics","Athletics","Organizations","Publications_and_Media","Athletics","Athletics","Athletics","Athletics","Athletics","Athletics","Athletics","Athletics","Athletics","Departments_and_Programs","Blue_Ridge_Community_College","Central_Virginia_Community_College","Dabney_S._Lancaster_Community_College","Danville_Community_College","Eastern_Shore_Community_College","Germanna_Community_College","J._Sargeant_Reynolds_Community_College","John_Tyler_Community_College","Lord_Fairfax_Community_College","Mountain_Empire_Community_College","New_River_Community_College","Northern_Virginia_Community_College","Patrick_Henry_Community_College","Paul_D._Camp_Community_College","Piedmont_Virginia_Community_College","Rappahannock_Community_College","Richard_Bland_College","Southside_Virginia_Community_College","Southwest_Virginia_Community_College","Thomas_Nelson_Community_College","Tidewater_Community_College","Virginia_Highlands_Community_College","Virginia_Western_Community_College","Wytheville_Community_College","Athletics","Athletics","Westhampton_College","Administration","Admissions","Alumni","Athletics","Campuses","Departments_and_Programs","Libraries_and_Museums","Organizations","Publications_and_Media","Research","Athletics","Athletics","Athletics","Athletics","Admissions","Alumni","Athletics","Bookstores","Departments_and_Programs","Libraries_and_Museums","Organizations","Publications_and_Media","Athletics","Athletics","Athletics","Athletics","Athletics","Athletics","Admissions","Athletics","Campus_Resources","Organizations","Athletics","Athletics","Athletics","Athletics","Administration","Alumni","Athletics","Libraries_and_Museums","Organizations","Publications_and_Media","Schools","Bellevue_Community_College","Clark_College","Highline_Community_College","North_Seattle_Community_College","Seattle_Central_Community_College","Whatcom_Community_College","Athletics","Bothell","Seattle","Tacoma","Athletics","Publications_and_Media","Vancouver","Athletics","Athletics","Athletics","Administration","Alumni","Athletics","Colleges_and_Schools","Libraries_and_Museums","Organizations","Publications_and_Media","Athletics","Columbus_School_of_Law","Media_and_Publications","Offices_and_Programs","Organizations","Athletics","Media_and_Publications","Offices_and_Programs","Organizations","Athletics","Departments_and_Programs","Libraries_and_Museums","Media_and_Publications","Organizations","Athletics","Departments_and_Programs","Media_and_Publications","Athletics","College_of_Arts_and_Sciences","Edmund_A._Walsh_School_of_Foreign_Service","Law_Center","Libraries_and_Museums","Media_and_Publications","Offices_and_Programs","Organizations","Research","Robert_Emmett_McDonough_School_of_Business","School_of_Nursing_and_Health_Studies","School_of_Summer_and_Continuing_Education","Services_and_Finance","School_of_Foreign_Service_in_Qatar","Athletics","Libraries_and_Museums","Libraries_and_Museums","Athletics","Athletics","Athletics","Athletics","Athletics","Athletics","Athletics","Administration","Admissions","Alumni","Athletics","Campuses","Departments_and_Programs","Libraries_and_Museums","Athletics","Athletics","Athletics","Athletics","Athletics","Athletics","Athletics","Alumni","Athletics","Departments_and_Programs","Institute_of_Technology","Organizations","Parkersburg","Athletics","Athletics","Athletics","Athletics","Athletics","Athletics","Departments_and_Programs","Athletics","Athletics","Athletics","Athletics","Departments_and_Programs","Athletics","Athletics","Athletics","Departments_and_Programs","Athletics","Athletics","Alumni","Athletics","Athletics","Athletics","Athletics","Departments_and_Programs","University_of_Wisconsin","Eau_Claire","Green_Bay","La_Crosse","Madison","Milwaukee","Oshkosh","Parkside","Platteville","River_Falls","Stevens_Point","Stout","Superior","Whitewater","Athletics","Departments_and_Programs","Athletics","Athletics","Athletics","Schools_and_Centres","Administration","Departments_and_Programs","Organizations","Departments_and_Programs","Organizations","Organisations","Faculty_of_Arts,_Education_and_Social_Sciences","Faculty_of_Health,_Life_and_Molecular_Sciences","Faculty_of_Law,_Business_and_The_Creative_Arts","Faculty_of_Science_and_Engineering","Administrative_Units","Clubs_and_Societies","Faculty_of_Arts","Faculty_of_Commerce","Faculty_of_Education","Faculty_of_Health_Science","Faculty_of_Law","Faculty_of_Science_and_Engineering","Student_Organisations","Administration","Employment","Faculty_of_Art_and_Design","Faculty_of_Arts","Faculty_of_Business_and_Economics","Faculty_of_Education","Faculty_of_Engineering","Faculty_of_Information_Technology","Faculty_of_Law","Faculty_of_Medicine,_Nursing_and_Health_Sciences","Faculty_of_Pharmacy","Faculty_of_Science","Libraries","Services","Student_Associations","Clubs_and_Societies","Faculty_of_Architecture,_Building_and_Planning","Faculty_of_Arts","Faculty_of_Economics_and_Commerce","Faculty_of_Education","Faculty_of_Engineering","Faculty_of_Land_and_Food_Resources","Faculty_of_Law","Faculty_of_Medicine,_Dentistry_and_Health_Sciences","Faculty_of_Music","Faculty_of_Science","Faculty_of_Veterinary_Science","Melbourne_Business_School","Residential_Colleges","School_of_Graduate_Studies","Victorian_College_of_the_Arts","Administration","Campus_Life_and_Clubs","Divisions,_Schools_and_Departments","Research","Administration","Campus_Life_and_Clubs","Faculties,_School_and_Departments","Research","California","Colorado","Florida","Georgia","Illinois","New_York","South_Carolina","Texas","Christian","Curriculum_and_Courses","Magazines,_E-zines_and_Newsletters","Support_Groups_and_Organizations","Alabama","Alaska","Arizona","Arkansas","California","Colorado","Connecticut","Delaware","Florida","Georgia","Hawaii","Idaho","Illinois","Indiana","Iowa","Kentucky","Kansas","Louisiana","Maine","Maryland","Massachusetts","Michigan","Minnesota","Mississippi","Missouri","Montana","Nebraska","Nevada","New_Hampshire","New_Jersey","New_Mexico","New_York","North_Carolina","North_Dakota","Ohio","Oklahoma","Oregon","Pennsylvania","Rhode_Island","South_Carolina","South_Dakota","Tennessee","Texas","Utah","Vermont","Virginia","Washington","Washington,_DC","West_Virginia","Wisconsin","Wyoming","Applications","Documentation","FAQs,_Help,_and_Tutorials","Presentations","Sample_Code","Standards_Documents","Technical_Articles_and_TechNotes","Tools","Server_Directories","National_Gallery_of_Art","United_Kingdom","A","B","C","D","E","F","G","H","I","J","K","L","M","N","O","P","Q","R","S","T","U","V","W","X","Y","Z","Apologetics"
