"Clubs_and_Societies","Centre_for_Higher_Education_Development","Faculty_of_Commerce","Faculty_of_Engineering_and_the_Built_Environment","Faculty_of_Health_Sciences","Faculty_of_Humanities","Faculty_of_Law","Faculty_of_Science","Students","Chaitanya_Bharathi_Institute_of_Technology","Dr._B._R._Ambedkar_University","International_Institute_of_Information_Technology","Jawaharlal_Nehru_Technological_University","Osmania_University","University_of_Hyderabad","Gauhati_University","Indian_Institute_of_Technology_-_Guwahati","Panjab_University","All_India_Institute_of_Medical_Sciences","Delhi_University","Indian_Institute_of_Technology_-_Delhi","Indira_Gandhi_National_Open_University","Jamia_Hamdard","Jamia_Millia_Islamia","Jawaharlal_Nehru_University","AES_Post-Graduate_Institute_of_Business_Management","B.K._School_of_Business_Management","Bhavnagar_University","Dhirubhai_Ambani_Institute_of_Information_and_Communication_Technology","Entrepreneurship_Development_Institute_of_India_-_Ahmedabad","G.H._Patel_College_of_Engineering_and_Technology","Government_Engineering_College","Gujarat_University","H.K._Arts_College,_Ahmedabad","H.L._College_of_Commerce","Indian_Institute_of_Management,_Ahmedabad","L.D._College_of_Engineering","Maharaja_Sayajirao_University","Nirma_University_of_Science_and_Technology","North_Gujarat_University","Saurashtra_University","Smt._N._H._L._Municipal_Medical_College","Som-Lalit_Education_and_Research_Foundation","South_Gujarat_University","Kurukshetra_University","National_Dairy_Research_Institute","Himachal_Pradesh_University","Birla_Institute_of_Technology,_Mesra","Gulbarga_University","Indian_Institute_of_Science_-_Bangalore","Mangalore_University","Manipal_Academy_of_Higher_Education","University_of_Agricultural_Sciences_-_Bangalore","University_of_Bangalore","University_of_Mysore","Alumni","Cochin_University_of_Science_and_Technology","College_of_Engineering,_Trivandrum","Engineering_Colleges","Government_College_of_Engineering,_Kannur","Medical_Colleges","Universities","Makhanlal_Chaturvedi_National_University_of_Journalism,_Bhopal","Armed_Forces_Medical_College","Government_College_of_Engineering_-_Pune","ILS_Law_College","Indian_Institute_of_Technology_-_Bombay","Indira_Gandhi_Institute_of_Development_Research","Institute_of_Management_Development_and_Research","Jawaharlal_Darda_Institute_of_Engineering_and_Technology","L.B.H.S.S._Trust's_College_of_Architecture","National_Institute_of_Industrial_Engineering","Sardar_Patel_College_of_Engineering","Shri_Guru_Gobind_Singhji_College_of_Engineering_and_Technology","Sri_Sant_Gajanan_Maharaj_College_of_Engineering","Swami_Ramanand_Teerth_Marathwada_University","Tata_Insitute_of_Social_Sciences","University_of_Mumbai","University_of_Pune","Punjab_Agricultural_University","Punjabi_University","Birla_Institute_of_Technology_and_Science","Mohan_Lal_Sukhadia_University","National_Law_University,_Jodhpur","University_of_Rajasthan","Amrita_Institutions","Anna_University","Annamalai_University","Christian_Medical_College","D.G._Vaishnav_College","Indian_Institute_of_Technology_-_Madras","K.L.N._Institutions","K.S._Rangasamy_Educational_Trust","Loyola_College","Madurai_Kamaraj_University","University_of_Madras","Aligarh_Muslim_University","Allahabad_University","Banaras_Hindu_University","Birbal_Sahni_Institute_of_Paleobotany","Indian_Institute_of_Technology_-_Kanpur","Indian_Institute_of_Technology_-_Roorkee","Indian_Institute_of_Technology_-_Kharagpur","Jadavpur_University","Regional_Engineering_College_-_Durgapur","The_West_Bengal_National_University_of_Juridical_Sciences","University_of_Calcutta","University_of_North_Bengal","Bengal_Engineering_and_Science_University,_Shibpur","Brawijaya_University","University_of_Indonesia","Nagoya","Gunma_University","Kobe","Tsukuba","Kagawa_University","Shimane_University","Chats_and_Forums","Davao","Manila","Naga","Xavier","Zamboanga","Mountain_View_College","Canlubang","Dasmariñas","Lipa","Manila","Adamson_University","Mapúa_Institute_of_Technology","University_of_Asia_and_the_Pacific","University_of_Santo_Tomas","Baguio","Diliman","Los_Baños","Manila","Mindanao","Open_University","Visayas","Accommodation_and_Campuses","Administration_and_Offices","Arts_and_Social_Sciences","Business_Administration","Clubs_and_Societies","Computing","Dentistry","Design_and_Environment","Engineering","Law","Libraries_and_Museums","Medicine","Publications_and_Media","Science","National_Chiao_Tung_University","National_Taiwan_University","National_Tsing_Hua_University","Assumption_University","Bangkok_University","Chulalongkorn_University","Kasetsart_University","King_Mongkut's_Institute_of_Technology_Ladkrabang","King_Mongkut's_University_of_Technology_Thonburi","Mahidol_University","National_Institute_of_Development_Administration","Ramkhamhaeng_University","Thammasat_University","Chiang_Mai_University","Asian_University_of_Science_and_Technology","Mahasarakham_University","Suranaree_University_of_Technology","Asian_Institute_of_Technology","Rangsit_University","Shinawatra_University","Sirindhorn_International_Institute_of_Technology","Prince_of_Songkla_University","University_of_Salzburg","Graz_University_of_Medicine","Graz_University_of_Technology","University_of_Graz","University_of_Leoben","University_of_Music_and_Dramatic_Arts","University_of_Innsbruck","Johannes_Kepler_University_Linz","University_of_Economics_and_Business_Administration","University_of_Natural_Resources_and_Applied_Life_Sciences","University_of_Technology","University_of_Vienna","Universitaire_Faculteiten_Sint-Ignatius_te_Antwerpen","Fachhochschule_Aalen_-_University_of_Applied_Sciences","Fachhochschule_Esslingen_-_University_of_Applied_Sciences","Fachhochschule_Furtwangen_-_University_of_Applied_Sciences","Fachhochschule_Konstanz_-_University_of_Applied_Sciences","Hochschule_Heilbronn_-_Heilbronn_University","International_University_in_Germany","Stuttgart_Institute_of_Management_and_Technology","University_of_Freiburg","University_of_Heidelberg","University_of_Hohenheim","University_of_Konstanz","University_of_Mannheim","University_of_Maryland_University_College_-_Mannheim_Campus","University_of_Stuttgart","University_of_Ulm","Friedrich-Alexander_University_Erlangen-Nuremberg","Technical_University_of_Munich","University_of_Bamberg","University_of_Munich","University_of_Regensburg","Free_University_Berlin","Humboldt-University_of_Berlin","Research_Centers_and_Post-Graduate_Institutions","Technical_University_of_Berlin","Brandenburg_University_of_Technology_Cottbus","European_University_Viadrina","University_of_Potsdam","International_University_Bremen","University_of_Bremen","University_of_Hamburg","Fachhochschule_Gießen-Friedberg_-_University_of_Applied_Sciences","Hochschule_Darmstadt_-_University_of_Applied_Sciences","Georg_August_University_of_Göttingen","Leibniz_University_of_Hanover","Technical_University_of_Brunswick","Technical_University_of_Clausthal","Ernst_Moritz_Arndt_University_of_Greifswald","Academy_of_Music_Cologne","University_of_Cologne","University_of_Dortmund","University_of_Düsseldorf","University_of_Hagen","University_of_Paderborn","University_of_Kaiserslautern","University_of_Trier","Hochschule_für_Wirtschaft_und_Technik_des_Saarlandes_-_University_of_Applied_Sciences","Saarland_University","Westsächsische_Hochschule_Zwickau_-_University_of_Applied_Sciences","Fachhochschule_Kiel_-_University_of_Applied_Sciences","University_of_Kiel","Departments_and_Programs","Departments_and_Programs","Departments_and_Faculties","Departments_and_Programs","Departments_and_Programs","Departments_and_Programs","Departments_and_Programs","Departments_and_Programs","Departments_and_Programs","Departments_and_Programs","Departments_and_Programs","Departments_and_Programs","Departments_and_Programs","Departments_and_Faculties","Research","Departments_and_Programs","Departments_and_Faculties","Research_Institutes","Student_Organizations","Departments","Departments_and_Programs","Departments_and_Programs","Research","Departments","Research","Departments","Libraries_and_Museums","Research","Faculties","Faculty_of_Mathematics_and_Physics","Faculties","Lund_Institute_of_Technology","Departments","Faculties","EPFL_Lausanne","ETH_Zurich","Research_Institutes","Associations","Departments_and_Programs","Abingdon_and_Witney_College","Accrington_&amp;_Rossendale_College","All_Nations_Christian_College","Alton_College","American_Intercontinental_University","American_University_in_London","Amersham_&amp;_Wycombe_College","Anglia_Ruskin_University","Architectural_Association_School_of_Architecture","Arts_Institute_of_Bournemouth","Askham_Bryan_College","Aston_University","Aylesbury_College","Barking_College","Barnet_College","Barnfield_College","Basingstoke_College_of_Technology","Bath_Spa_University","Bede_College","Bedford_College","Bellerbys_College","Berkshire_College_of_Agriculture","Bexley_College","Bicton_College","Birmingham_College_of_Food,_Tourism_and_Creative_Studies","Birmingham_School_of_Acting","Bishop_Auckland_College","Bishop_Burton_College","Bishop_Grosseteste_University_College_Lincoln","Blackburn_College","Bolton_Community_College","Boston_College","Bournemouth_University","Bournville_College","Bradford_College","Braintree_College","Bridgwater_College","Bromley_College","Brooklands_College","Brunel_University","Birmingham_City_University","Burnley_College","Burton_College","Bury_College","Cambridge_Regional_College","Cannock_Chase_Technical_College","Canterbury_Christ_Church_University","Capel_Manor_College","Cardinal_Newman_College","Halesowen_College","Castle_College_Nottingham","Central_School_of_Speech_and_Drama","Chichester_College","City_College,_Birmingham","City_College_Coventry","City_University","City_and_Islington_College","City_of_Bristol_College","City_of_London_College","Colchester_Institute","College_of_North_West_London","Concepts_College_London","Cornwall_College","Coventry_University","Cranfield_University","Buckinghamshire_New_University","Darlington_College_of_Technology","Dartington_College_of_Arts","David_Game_College","De_Montfort_University","Dearne_Valley_College","Derby_College","Derwentside_College","Dewsbury_College","Dudley_College_of_Technology","Edge_Hill_University","Emerson_College","European_School_of_Economics","Evesham_and_Malvern_Hills_College","Farnborough_College_of_Technology","Filton_College","Franklin_College","Gateshead_College","Gloucestershire_College_of_Arts_and_Technology","Godalming_College","Grantham_College","Great_Yarmouth_College","Greenwich_Community_College","Greenwich_School_of_Management","Gresham_College","Grimsby_College","Guildford_College_of_Further_and_Higher_Education","Guildhall_School_of_Music_and_Drama","Hackney_Community_College","Hadlow_College","Harlow_College","Harper_Adams_University_College","Hartlepool_College_of_Further_Education","Hartpury_College","Hastings_College","Havering_Sixth_Form_College","Henley_College_Coventry","Hereford_Sixth_Form_College","Herefordshire_College_of_Art_and_Design","Herefordshire_College_of_Technology","Hove_College","Hugh_Baird_College","Hull_College","Huron_University_USA_in_London","International_College_of_Oriental_Medicine","Jeff_Wooller_College","Joseph_Priestley_College","Keele_University","Kensington_College_of_Business","Kidderminster_College","Kingston_Maurward_College","Kingston_University","Lancaster_University","Leeds_College_of_Art_and_Design","Leeds_College_of_Building","Leeds_College_of_Music","Leeds_College_of_Technology","Leeds_Metropolitan_University","Leeds_Thomas_Danby","Leicester_College","Lincoln_College","Liverpool_Hope_University","Liverpool_John_Moores_University","Logistics_College_North_West","London_Centre_for_Fashion_Studies","London_Guildhall_College","London_Institute_of_Technology_and_Research","London_International_College","London_Metropolitan_University","London_School_of_Jewish_Studies","London_South_Bank_University","Loughborough_University","Manchester_College_of_Arts_and_Technology","Manchester_Metropolitan_University","Matthew_Boulton_College","Mid_Kent_College","Middlesbrough_College","Middlesex_University","Millennium_City_Academy","Milton_Keynes_College","Missionary_Institute_London","Moulton_College","Myerscough_College","National_School_of_Government","Newcastle_College","Quest_Business_Training","North_East_Surrey_College_of_Technology","North_East_Worcestershire_College","North_Lindsey_College","Northampton_College","Northbrook_College","Northern_School_of_Contemporary_Dance","Norton_Radstock_College","Norwich_School_of_Art_and_Design","Nottingham_Trent_University","Oldham_College","Oxford_Brookes_University","Oxford_Media_and_Business_School","Park_Lane_College_Leeds","Newman_University_College","Plumpton_College","Plymouth_College_of_Art_and_Design","Portsmouth_College","Preston_College","Loughborough_College","Ravensbourne_College_of_Design_and_Communication","Reaseheath_College","Redbridge_College","Regents_Theological_College","Rodbaston_College","Rose_Bruford_College","Royal_Agricultural_College","Royal_College_of_Art","Royal_College_of_Music","Royal_National_College_for_the_Blind","Royal_Northern_College_of_Music","Ruskin_College","Salford_College","Sandwell_College","Sheffield_Hallam_University","Shrewsbury_College_of_Arts_and_Technology","Solihull_College","South_Devon_College","South_Downs_College","South_East_Essex_College_of_Arts_and_Technology","Southampton_Solent_University","Southport_College","Sparsholt_College,_Hampshire","St._John's_College","Otley_College","Staffordshire_University","Stephenson_College","Stoke_on_Trent_College","Stourbridge_College","Suffolk_College","Swindon_College","Tamworth_and_Lichfield_College","Telford_College_of_Arts_and_Technology","Thames_Valley_University","The_City_Lit","The_College_of_Law","The_College_of_North_East_London","The_Queen's_Foundation","The_Sheffield_College","The_University_of_Northampton","Totton_College","Trinity_College_of_Music","Truro_College","Tudor_College_London","University_College_Falmouth","University_College_for_the_Creative_Arts","University_of_Bath","University_of_Bedfordshire","University_of_Birmingham","University_of_Bolton","University_of_Bradford","University_of_Brighton","University_of_Bristol","University_of_Buckingham","University_of_Cambridge","Warwickshire_College","University_of_Central_Lancashire","University_of_Chester","University_of_Chichester","University_of_Derby","University_of_Cumbria","University_of_East_Anglia","University_of_East_London","University_of_Essex","University_of_Exeter","University_of_Gloucestershire","University_of_Greenwich","University_of_Hertfordshire","University_of_Huddersfield","University_of_Hull","University_of_Kent","University_of_Leeds","University_of_Leicester","University_of_Lincoln","University_of_Liverpool","University_of_London","University_of_Manchester","University_of_Newcastle_upon_Tyne","University_of_Northumbria","University_of_Nottingham","University_of_Oxford","University_of_Plymouth","University_of_Portsmouth","University_of_Reading","University_of_Salford","University_of_Sheffield","University_of_Southampton","University_of_Sunderland","University_of_Surrey","University_of_Sussex","University_of_Teesside","University_of_Warwick","University_of_Westminster","University_of_Winchester","University_of_Wolverhampton","University_of_Worcester","University_of_York","University_of_the_Arts_London","University_of_the_West_of_England","Walford_and_North_Shropshire_College","Warrington_Collegiate","Wessex_Institute_of_Technology","West_Dean_College","West_London_College","Wigan_and_Leigh_College","Durham_University","Witan_International_College","Worcester_College_of_Technology","Worcester_Sixth_Form_College","York_College","York_St._John_University","Yorkshire_Coast_College","Riverside_College_Halton","East_Durham_College","Belfast_Metropolitan_College","Northern_Regional_College","College_of_Agriculture,_Food_and_Rural_Enterprise","South_Eastern_Regional_College","South_West_College","North_West_Regional_College","Southern_Regional_College","Queen's_University_of_Belfast","University_of_Ulster","Departments_and_Programs","Organizations","Students_and_Tutors","Aberdeen_College","Adam_Smith_College","Angus_College","Anniesland_College","Argyll_College","Ayr_College","Banff_and_Buchan_College","Barony_College","Borders_College","Cardonald_College","Central_College_of_Commerce","Centre_for_Human_Ecology","Clydebank_College","Dundee_College","Edinburgh's_Telford_College","Edinburgh_College_of_Art","Forth_Valley_College","Glasgow_Caledonian_University","Glasgow_College_of_Nautical_Studies","Carnegie_College","Glasgow_Metropolitan_College","Glasgow_School_of_Art","Heriot-Watt_University","Institute_for_System_Level_Integration","International_Christian_College","James_Watt_College","John_Wheatley_College","Motherwell_College","Napier_University","North_Glasgow_College","Oatridge_College","Queen_Margaret_University","Robert_Gordon_University","Royal_Scottish_Academy_of_Music_and_Drama","Sabhal_Mòr_Ostaig","South_Lanarkshire_College","Scottish_Agricultural_College","Scottish_Association_for_Marine_Science","Stevenson_College","Stow_College","The_North_Highland_College","UHI_Millennium_Institute","University_of_Aberdeen","University_of_Abertay_Dundee","University_of_Dundee","University_of_Edinburgh","University_of_Glasgow","University_of_St_Andrews","University_of_Stirling","University_of_Strathclyde","West_Lothian_College","Leith_School_of_Art","Coatbridge_College","Cumbernauld_College","University_of_the_West_of_Scotland","Barry_College","Cardiff_University","Coleg_Glan_Hafren","Coleg_Gwent","Coleg_Harlech","Coleg_Llandrillo_Cymru","Coleg_Llysfasi","Coleg_Morgannwg","Coleg_Sir_Gâr","North_East_Wales_Institute_of_Higher_Education","Pembrokeshire_College","Royal_Welsh_College_of_Music_and_Drama","Swansea_College","Swansea_Institute","Trinity_College_Carmarthen","University_of_Glamorgan","University_of_Wales","University_of_Wales,_Aberystwyth","University_of_Wales,_Bangor","University_of_Wales,_Lampeter","University_of_Wales,_Newport","University_of_Wales,_Swansea","University_of_Wales_Institute,_Cardiff","Ystrad_Mynach_College","Departments","Faculties","Institutes","Schools","Athabasca_University","Augustana_University_College","Canadian_University_College","Colleges","Spiritual","Technical_and_Trade","University_of_Alberta","University_of_Calgary","University_of_Lethbridge","British_Columbia_Open_University","Colleges","Kwantlen_University_College","University_of_the_Fraser_Valley","Open_Learning_Agency","Royal_Roads_University","Simon_Fraser_University","Spiritual","Technical_and_Trade","Okanagan_College","Trinity_Western_University","University_of_British_Columbia","University_of_Northern_British_Columbia","University_of_Victoria","Vancouver_University","Thompson_Rivers_University","Vancouver_Island_University","Brandon_University","Colleges","Spiritual","Technical_and_Trade","University_of_Manitoba","University_of_Winnipeg","Atlantic_Baptist_University","Colleges","Moncton_University","Mount_Allison_University","Spiritual","St._Stephen's_University","St._Thomas_University","Technical_and_Trade","University_of_New_Brunswick","Colleges","Memorial_University_of_Newfoundland","Technical_and_Trade","Acadia_University","Cape_Breton_University","Colleges","Dalhousie_University","Mount_Saint_Vincent_University","Saint_Mary's_University","St._Francis_Xavier_University","Technical_and_Trade","Brock_University","Carleton_University","Colleges","Lakehead_University","Laurentian_University","MBA_Programs","McMaster_University","Nipissing_University","Queen's_University","Ryerson_University","Spiritual","Technical_and_Trade","Trent_University","University_of_Guelph","University_of_Ottawa","University_of_Toronto","University_of_Waterloo","University_of_Western_Ontario","University_of_Windsor","Wilfrid_Laurier_University","York_University","University_of_Ontario_Institute_of_Technology","Algoma_University","Colleges","University_of_Prince_Edward_Island","Bishop's_University","Colleges","Concordia_University","Laval_University","McGill_University","University_of_Montreal","University_of_Quebec","University_of_Sherbrooke","Colleges","Technical_and_Trade","University_of_Regina","University_of_Saskatchewan","Yukon_College","Alabama_A&amp;M_University","Alabama_State_University","Athens_State_University","Auburn_University","Birmingham_Southern_College","Concordia_Selma","Faulkner_University","Heritage_Christian_University","Huntingdon_College","Jacksonville_State_University","Judson_College","Miles_College","Herzing_University","Samford_University","Southeastern_Bible_College","Spring_Hill_College","Stillman_College","Talladega_College","Troy_University","Tuskegee_University","Two-Year_Colleges","United_States_Sports_Academy","University_of_Alabama","University_of_Mobile","University_of_Montevallo","University_of_North_Alabama","University_of_South_Alabama","University_of_West_Alabama","Virginia_College","Wallace_State_College","Oakwood_University","Bethany_Divinity_College_and_Seminary","Alaska_Pacific_University","Two-Year_Colleges","University_of_Alaska","Wayland_Baptist_University","Arizona_State_University","Art_Institute_of_Phoenix","Embry-Riddle_Aeronautical_University","Grand_Canyon_University","Miracle_Valley_Bible_College_and_Seminary","Northern_Arizona_University","Prescott_College","Thunderbird_Graduate_School","Two-Year_Colleges","University_of_Arizona","University_of_Advancing_Technology","Western_Bible_College_of_the_Assemblies_of_God","Arkansas_Baptist_College","Arkansas_State_University","Arkansas_Tech_University","Central_Baptist_College","Ecclesia_College","Harding_University","Henderson_State_University","Hendrix_College","John_Brown_University","Lyon_College","Ouachita_Baptist_University","Southern_Arkansas_University","Two-Year_Colleges","University_of_Arkansas","University_of_Central_Arkansas","University_of_the_Ozarks","Williams_Baptist_College","Business_Schools","By_County","By_Region","California_State_University","Dental_Schools","Medical_Schools","Private_Colleges_and_Universities","Technical_Schools","Two-Year_Colleges","University_of_California","Adams_State_College","Art_Institute_of_Colorado","Belleview_Christian_College_and_Bible_Seminary","Colorado_Christian_University","Colorado_College","Colorado_School_of_Mines","Colorado_State_University","Colorado_Theological_Seminary","Fort_Lewis_College","Mesa_State_College","Metropolitan_State_College_of_Denver","Naropa_University","National_Technological_University","Platt_College","Regis_University","Two-Year_Colleges","US_Air_Force_Academy","University_of_Colorado","University_of_Denver","University_of_Northern_Colorado","Western_State_College","Colorado_State_University-Pueblo","Albertus_Magnus_College","Charter_Oak_State_College","Connecticut_College","Connecticut_State_University_System","Fairfield_University","Hartford_Seminary","Holy_Apostles_College_and_Seminary","Lyme_Academy_College_of_Fine_Arts","Mitchell_College","Post_University","Quinnipiac_University","Rensselaer_at_Hartford","Sacred_Heart_University","Saint_Joseph_College","Trinity_College","Two-Year_Colleges","University_of_Bridgeport","University_of_Connecticut","University_of_Hartford","University_of_New_Haven","Wesleyan_University","Yale_University","Delaware_College_of_Art_and_Design","Delaware_State_University","Goldey-Beacom_College","Two-Year_Colleges","University_of_Delaware","Wesley_College","Wilmington_University","American_Intercontinental_University","Ave_Maria_University","Baptist_College_of_Florida","Barry_University","Beacon_College","Hodges_University","Eckerd_College","Embry_Riddle_Aeronautical_University","Everglades_University","Flagler_College","Florida_A&amp;M_University","Florida_Atlantic_University","Florida_Culinary_Institute","Florida_Gulf_Coast_University","Florida_Hospital_College_of_Health_Sciences","Florida_Institute_of_Technology","Florida_International_University","Florida_Memorial_University","Florida_Southern_College","Florida_State_University","Hobe_Sound_Bible_College","International_Academy_of_Design","Jacksonville_University","Keiser_University","Lynn_University","Warner_University","Nova_Southeastern_University","Palm_Beach_Atlantic_University","Pensacola_Christian_College","Ringling_School_of_Art_and_Design","Rollins_College","Saint_Leo_University","Saint_Thomas_University","South_Florida_Bible_College","Southeastern_University","Southwest_Florida_College","Stetson_University","Talmudic_University_of_Florida","The_Orlando_Institute","Trinity_College","Two-Year_Colleges","University_of_Central_Florida","University_of_Florida","University_of_Miami","University_of_North_Florida","University_of_South_Florida","University_of_Tampa","University_of_West_Florida","Webber_International_University","Webster_University","Bethune-Cookman_University","Northwest_Florida_State_College","Herzing_University","Agnes_Scott_College","Albany_State_University","Atlanta_Christian_College","Atlanta_University_Center","Berry_College","Brenau_University","Brewton-Parker_College","Carver_Bible_College","Christian_Life_School_of_Theology","Clark_Atlanta_University","Columbus_State_University","Covenant_College","Emmanuel_College","Emory_University","Fort_Valley_State_University","Georgia_College_and_State_University","Georgia_Institute_of_Technology","Georgia_Southern_University","Georgia_Southwestern_State_University","Georgia_State_University","Institute_of_Paper_Science_and_Technology","Kennesaw_State_University","LaGrange_College","Life_University","Medical_College_of_Georgia","Mercer_University","Morehouse_College","Morris_Brown_College","North_Georgia_College_and_State_University","Oglethorpe_University","Paine_College","Piedmont_College","Reinhardt_College","Savannah_College_of_Art_and_Design","Savannah_State_University","Shorter_College","Southern_Catholic_College","Southern_Polytechnic_State_University","Spelman_College","Thomas_University","Toccoa_Falls_College","Troy_University_at_Fort_Benning","Troy_University_of_Atlanta","Truett-McConnell_College","Two-Year_Colleges","University_System_of_Georgia","University_of_Georgia","University_of_West_Georgia","Valdosta_State_University","Wesleyan_College","Brigham_Young_University_-_Hawaii","Chaminade_University_of_Honolulu","Hawaii_Pacific_University","Honolulu_University","Two-Year_Colleges","University_of_Hawaii","University_of_the_Nations","Boise_State_University","Brigham_Young_University_-_Idaho","Idaho_State_University","Lewis-Clark_State_College","Northwest_Nazarene_University","Two-Year_Colleges","University_of_Idaho","College_of_Idaho","Augustana_College","Aurora_University","Benedictine_University","Blackburn_College","Bradley_University","Chicago_State_University","Columbia_College_Chicago","Concordia_University","DePaul_University","Dominican_University","Eastern_Illinois_University","Elmhurst_College","Erikson_Institute","Eureka_College","Governors_State_University","Greenville_College","Illinois_College","Illinois_Institute_of_Technology","Illinois_State_University","Illinois_Wesleyan_University","Institute_for_Clinical_Social_Work","Trinity_International_University","Kendall_College","Knox_College","Lake_Forest_College","Lake_Forest_Graduate_School_of_Management","Lewis_University","Loyola_University_Chicago","MacMurray_College","McKendree_University","Meadville-Lombard_Theological_School","Millikin_University","Monmouth_College","Moody_Bible_Institute","National-Louis_University","North_Central_College","North_Park_University","Northeastern_Illinois_University","Northern_Illinois_University","Northwestern_University","Olivet_Nazarene_University","Principia_College","Quincy_University","Robert_Morris_College","Rockford_College","Roosevelt_University","Rush_University","Saint_Xavier_University","Shimer_College","Southern_Illinois_University","Springfield_College_in_Illinois","Trinity_Christian_College","Two-Year_Colleges","University_of_Chicago","University_of_Illinois","University_of_Saint_Francis","Western_Illinois_University","Wheaton_College","Judson_University","Anderson_University","Associated_Mennonite_Biblical_Seminary","Ball_State_University","Indiana_University_South_Bend","Bethel_College","Butler_University","Calumet_College_of_St._Joseph","DePauw_University","Earlham_College","Franklin_College","Goshen_College","Grace_College_and_Seminary","Hanover_College","Huntington_University","Hyles-Anderson_College","IUPU","Indiana_Bible_College","Indiana_Institute_of_Technology","Indiana_State_University","Indiana_University","Indiana_University_Southeast","Indiana_Wesleyan_University","Manchester_College","International_Catholic_University","Marian_College","Martin_University","Purdue_University","Rose-Hulman_Institute_of_Technology","Saint_Joseph's_College","Saint_Mary's_College","Saint_Mary-of-the-Woods_College","Taylor_University","Two-Year_Colleges","University_of_Evansville","University_of_Indianapolis","University_of_Notre_Dame","University_of_Saint_Francis","University_of_Southern_Indiana","Valparaiso_University","Wabash_College","Trine_University","Ashford_University","Briar_Cliff_University","Buena_Vista_University","Central_College","Clarke_College","Coe_College","Cornell_College","Dordt_College","Drake_University","Emmaus_Bible_College","Faith_Baptist_Bible_College_and_Theological_Seminary","Graceland_University","Grinnell_College","Iowa_State_University","Iowa_Wesleyan_College","Loras_College","Luther_College","Morningside_College","Mount_Mercy_College","Northwestern_College","Saint_Ambrose_University","Simpson_College","Two-Year_Colleges","University_of_Dubuque","University_of_Iowa","University_of_Northern_Iowa","Upper_Iowa_University","Waldorf_College","Wartburg_College","Wartburg_Theological_Seminary","William_Penn_University","Grand_View_University","Baker_University","Benedictine_College","Bethany_College","Bethel_College","Central_Christian_College","Emporia_State_University","Fort_Hays_State_University","Friends_University","Kansas_State_University","Kansas_Wesleyan_University","McPherson_College","MidAmerica_Nazarene_University","Newman_University","Ottawa_University","Pittsburg_State_University","Southwestern_College","Sterling_College","Tabor_College","Two-Year_Colleges","University_of_Kansas","University_of_Saint_Mary","Washburn_University","Wichita_State_University","Alice_Lloyd_College","Asbury_College","Bellarmine_University","Berea_College","Brescia_University","Campbellsville_University","Centre_College","Clear_Creek_Baptist_Bible_College","Mid-Continent_University","Eastern_Kentucky_University","Georgetown_College","Kentucky_Christian_College","Kentucky_Mountain_Bible_College","Kentucky_State_University","Kentucky_Wesleyan_College","Lindsey_Wilson_College","Midway_College","Morehead_State_University","Murray_State_University","Northern_Kentucky_University","Pikeville_College","Spalding_University","The_Southern_Baptist_Theological_Seminary","Thomas_More_College","Transylvania_University","Two-Year_Colleges","Union_College","University_of_Kentucky","University_of_Louisville","Western_Kentucky_University","University_of_the_Cumberlands","Centenary_College_of_Louisiana","Dillard_University","Evangel_Christian_University_of_America","Grambling_State_University","Louisiana_Baptist_University","Louisiana_College","Louisiana_State_University","Louisiana_Tech_University","Loyola_University_New_Orleans","McNeese_State_University","New_Orleans_Baptist_Theological_Seminary","Nicholls_State_University","Northwestern_State_University","Our_Lady_of_Holy_Cross_College","Saint_Joseph_Abbey_Seminary_College","Southeastern_Louisiana_University","Southern_University_System","Southwest_University","Tulane_University","Two-Year_Colleges","University_of_Louisiana","University_of_New_Orleans","Xavier_University","Bates_College","Beal_College","Bowdoin_College","Colby_College","College_of_the_Atlantic","Lewiston-Auburn_College","Maine_College_of_Art","Maine_Maritime_Academy","New_England_Bible_College","Rockport_College","Saint_Joseph's_College","Thomas_College","Two-Year_Colleges","Unity_College_in_Maine","University_of_Maine","University_of_New_England","Husson_University","Baltimore_Hebrew_University","Baltimore_International_College","Bowie_State_University","Capitol_College","College_of_Notre_Dame","Columbia_Union_College","Frostburg_State_University","Goucher_College","Hood_College","Johns_Hopkins_University","Loyola_College","Maryland_Institute_College_of_Art","McDaniel_College","Morgan_State_University","Stevenson_University","Saint_John's_College","Saint_Mary's_College","Salisbury_University","Sojourner-Douglass_College","The_Peabody_Institute_-_Johns_Hopkins_University","Towson_University","Two-Year_Colleges","Uniformed_Services_University","United_States_Naval_Academy","University_System_of_Maryland","University_of_Baltimore","University_of_Maryland","Coppin_State_University","Washington_College","Mount_Saint_Mary's_University","American_International_College","Amherst_College","Anna_Maria_College","Art_Institute_of_Boston","Assumption_College","Atlantic_Union_College","Babson_College","Bay_Path_College","Becker_College","Berklee_College_of_Music","Boston_College","Boston_Conservatory","Boston_University","Brandeis_University","Bridgewater_State_College","Cambridge_College","Clark_University","College_of_the_Holy_Cross","Curry_College","Eastern_Nazarene_College","Elms_College","Emerson_College","Emmanuel_College","Endicott_College","Fitchburg_State_College","Framingham_State_College","Gordon-Conwell_Theological_Seminary","Gordon_College","Hampshire_College","Harvard_University","Hebrew_College","Hellenic_College","Holy_Cross_School_of_Theology","Lasell_College","Lesley_University","Liberal_Arts_Colleges","Longy_School_of_Music","MGH_Institute_of_Health_Professions","Massachusetts_College_of_Art","Massachusetts_College_of_Liberal_Arts","Massachusetts_College_of_Pharmacy_and_Health_Sciences","Massachusetts_Institute_of_Technology","Massachusetts_School_of_Law","Merrimack_College","Montserrat_College_of_Art","Mount_Holyoke_College","Mount_Ida_College","Music_Schools","New_England_Institute_of_Art","New_England_School_of_Law","Newbury_College","Nichols_College","Northeastern_University","Olin_College","Pine_Manor_College","Regis_College","Salem_State_College","Simmons_College","Simon's_Rock_College_of_Bard","Smith_College","Springfield_College","Stonehill_College","Suffolk_University","Tufts_University","Two-Year_Colleges","University_of_Massachusetts","Wellesley_College","Wentworth_Institute_of_Technology","Western_New_England_College","Westfield_State_College","Wheaton_College","Wheelock_College","Williams_College","Women's_Colleges","Worcester_Polytechnic_Institute","Worcester_State_College","Fisher_College","Bentley_University","Adrian_College","Albion_College","Alma_College","Andrews_University","Aquinas_College","Ave_Maria_School_of_Law","Baker_College","Calvin_College","Central_Michigan_University","College_for_Creative_Studies","Concordia_University","Cornerstone_University","Davenport_University","Eastern_Michigan_University","Ferris_State_University","Finlandia_University","Grand_Valley_State_University","Hillsdale_College","Hope_College","Kalamazoo_College","Kendall_College_of_Art_and_Design","Kettering_University","Lake_Superior_State_University","Lawrence_Technological_University","Madonna_University","Marygrove_College","Michigan_State_University","Michigan_Technological_University","Michigan_Theological_Seminary","Northern_Michigan_University","Northwood_University","Oakland_University","Olivet_College","Rochester_College","Saginaw_Valley_State_University","Siena_Heights_University","Spring_Arbor_University","Two-Year_Colleges","University_of_Detroit_Mercy","University_of_Michigan","Wayne_State_University","Western_Michigan_University","Alder_Graduate_School","Art_Institutes_International_Minnesota","Augsburg_College","Bemidji_State_University","Bethel_University","Carleton_College","College_of_Saint_Benedict_and_Saint_John's_University","College_of_St._Catherine","College_of_St._Scholastica","College_of_Visual_Arts","Concordia_College","Concordia_University","Crossroads_College","Crown_College","Gustavus_Adolphus_College","Hamline_University","Macalester_College","Martin_Luther_College","Metropolitan_State_University","Minneapolis_College_of_Art_and_Design","Minnesota_State_University,_Mankato","Minnesota_State_University_Moorhead","North_Central_University","Northwestern_College","Oak_Hills_Christian_College","Saint_Mary's_University_of_Minnesota","Southwest_Minnesota_State_University","St._Cloud_State_University","St._Olaf_College","Two-Year_Colleges","University_of_Minnesota","University_of_St._Thomas","William_Mitchell_College_of_Law","Winona_State_University","Alcorn_State_University","Belhaven_College","Blue_Mountain_College","Delta_State_University","Jackson_State_University","Millsaps_College","Mississippi_College","Mississippi_State_University","Mississippi_University_for_Women","Mississippi_Valley_State_University","Rust_College","Tougaloo_College","Two-Year_Colleges","University_of_Mississippi","Wesley_Biblical_Seminary","University_of_Southern_Mississippi","William_Carey_University","Avila_University","Central_Christian_College_of_the_Bible","Central_Methodist_University","Cleveland_Chiropractic_College","College_of_the_Ozarks","Columbia_College","Culver-Stockton_College","Drury_University","Evangel_University","Fontbonne_University","Gateway_College_of_Evangelism","Hannibal-LaGrange_College","Harris-Stowe_State_University","Kansas_City_Art_Institute","Kansas_City_University_of_Medicine_and_Biosciences","Lester_L._Cox_College_of_Nursing_and_Health_Sciences","Lincoln_University","Lindenwood_University","Logan_College_of_Chiropractic","Maryville_University_of_Saint_Louis","Missouri_Baptist_College","Missouri_Southern_State_University","Missouri_University_of_Science_and_Technology","Missouri_State_University","Missouri_Valley_College","Missouri_Western_State_University","Nazarene_Theological_Seminary","Northwest_Missouri_State_University","Park_University","Rockhurst_University","Saint_Louis_University","Southeast_Missouri_State_University","Southwest_Baptist_University","Stephens_College","Truman_State_University","Two-Year_Colleges","University_of_Central_Missouri","University_of_Missouri","Washington_University","Webster_University","Westminster_College","William_Jewell_College","William_Woods_University","Carroll_College_of_Montana","Montana_State_University","Montana_University_System","Rocky_Mountain_College","Two-Year_Colleges","University_of_Great_Falls","University_of_Montana","Chadron_State_College","Clarkson_College","College_of_Saint_Mary","Concordia_University_Nebraska","Creighton_University","Dana_College","Doane_College","Hastings_College","Midland_Lutheran_College","Nebraska_Wesleyan_University","Peru_State_College","Summit_Christian_College","Two-Year_Colleges","Union_College","University_of_Nebraska","Wayne_State_College","York_College","Morrison_University","Sierra_Nevada_College","Two-Year_Colleges","University_of_Nevada","Antioch_University","Chester_College_of_New_England","Colby-Sawyer_College","Daniel_Webster_College","Dartmouth_College","Franconia_College","Franklin_Pierce_Law_Center","Granite_State_College","Keene_State_College","Magdalen_College","New_England_College","Plymouth_State_University","Rivier_College","Saint_Anselm_College","Southern_New_Hampshire_University","Thomas_More_College_of_Liberal_Arts","Two-Year_Colleges","University_of_New_Hampshire","Franklin_Pierce_University","Berkeley_College","Bloomfield_College","Caldwell_College","Centenary_College","College_of_New_Jersey","College_of_Saint_Elizabeth","Drew_University","Fairleigh_Dickinson_University","Felician_College","Kean_University","Monmouth_University","Montclair_State_University","New_Jersey_City_University","New_Jersey_Institute_of_Technology","Princeton_University","Ramapo_College","Richard_Stockton_College_of_New_Jersey","Rider_University","Rowan_University","Rutgers_University","Saint_Peter's_College","Seton_Hall_University","Stevens_Institute_of_Technology","Thomas_Edison_State_College","Two-Year_Colleges","University_of_Medicine_and_Dentistry_of_New_Jersey","William_Paterson_University","Georgian_Court_University","College_of_Santa_Fe","Eastern_New_Mexico_University","New_Mexico_Highlands_University","New_Mexico_State_University","New_Mexico_Tech","Saint_John's_College","Southwestern_College","Two-Year_Colleges","University_of_New_Mexico","Western_New_Mexico_University","University_of_the_Southwest","Adelphi_University","Alfred_University","Bank_Street_College","Bard_College","Barnard_College","Berkeley_College","Boricua_College","CUNY","Canisius_College","Cazenovia_College","Clarkson_University","Colgate_University","College_of_Mount_Saint_Vincent","College_of_New_Rochelle","College_of_Saint_Rose","Columbia_University","Concordia_College","Cornell_University","D'Youville_College","Daemen_College","Davis_College","Dominican_College","Dowling_College","Elmira_College","Fordham_University","Hamilton_College","Hartwick_College","Hilbert_College","Hobart_and_William_Smith_Colleges","Hofstra_University","Houghton_College","Iona_College","Ithaca_College","Keuka_College","LIM_College","Le_Moyne_College","Long_Island_University","Manhattan_College","Manhattanville_College","Marist_College","Medaille_College","Mercy_College","Metropolitan_College_of_New_York","Molloy_College","Monroe_College","Mount_Saint_Mary_College","Nazareth_College","New_York_Academy_of_Art","New_York_Institute_of_Technology","New_York_School_of_Interior_Design","New_York_University","Niagara_University","Nyack_College","Pace_University","Polytechnic_University","Pratt_Institute","Rensselaer_Polytechnic_Institute","Roberts_Wesleyan_College","Rochester_Institute_of_Technology","Rockefeller_University","SUNY","Sage_Colleges,_The","Saint_Bonaventure_University","Saint_Francis_College","Saint_John's_University","Saint_John_Fisher_College","Saint_Joseph's_College","Saint_Lawrence_University","Saint_Thomas_Aquinas_College","Sarah_Lawrence_College","School_of_Visual_Arts","Siena_College","Skidmore_College","Syracuse_University","The_Academy_for_Jewish_Religion","The_Cooper_Union","The_New_School","Touro_College","Two-Year_Colleges","US_Military_Academy","Union_College","University_of_Rochester","Utica_College","Vassar_College","Wagner_College","Wells_College","Yeshiva_University","Appalachian_State_University","Art_Institute_of_Charlotte","Barber-Scotia_College","Barton_College","Belmont_Abbey_College","Bennett_College","Brevard_College","Brookstone_College_of_Business","Campbell_University","Carolina_Bible_College","Catawba_College","Davidson_College","Duke_University","East_Carolina_University","Elizabeth_City_State_University","Elon_University","Fayetteville_State_University","Gardner-Webb_University","Greensboro_College","Guilford_College","High_Point_University","Johnson_C._Smith_University","Lees-McRae_College","Livingstone_College","Mars_Hill_College","Meredith_College","Methodist_University","Montreat_College","Mount_Olive_College","North_Carolina_Agricultural_and_Technical_State_University","North_Carolina_Central_University","North_Carolina_School_of_the_Arts","North_Carolina_State_University","North_Carolina_Wesleyan_College","Peace_College","Pfeiffer_University","Piedmont_Baptist_College_and_Graduate_School","Queens_University_of_Charlotte","Saint_Andrews_Presbyterian_College","Saint_Augustine's_College","Salem_College","Shaw_University","Southern_Evangelical_Seminary_and_Bible_College","Two-Year_Colleges","University_of_North_Carolina","Wake_Forest_University","Warren_Wilson_College","Western_Carolina_University","Wingate_University","Lenoir-Rhyne_University","Winston-Salem_State_University","Chowan_University","Vintage_Bible_College_&amp;_Seminary","Dickinson_State_University","Jamestown_College","Mayville_State_University","Minot_State_University","North_Dakota_State_University","Two-Year_Colleges","University_of_Mary","University_of_North_Dakota","Valley_City_State_University","Antioch_University","Antonelli_College","Art_Academy_of_Cincinnati","Ashland_University","Baldwin-Wallace_College","Bluffton_University","Bowling_Green_State_University","Capital_University","Case_Western_Reserve_University","Cedarville_University","Central_State_University","Chatfield_College","Cleveland_Institute_of_Art","Cleveland_Institute_of_Music","Cleveland_State_University","College_of_Mount_Saint_Joseph","Columbus_College_of_Art_and_Design","DeVry_University","Defiance_College","Denison_University","Franciscan_University_of_Steubenville","Franklin_University","Heidelberg_College","Hiram_College","John_Carroll_University","Kent_State_University","Kenyon_College","Lake_Erie_College","Lourdes_College","Malone_College","Marietta_College","Miami_University","Mount_Carmel_College_of_Nursing","Mount_Union_College","Mount_Vernon_Nazarene_University","Muskingum_College","Myers_University","Northeastern_Ohio_Universities_College_of_Medicine","Notre_Dame_College_of_Ohio","Oberlin_College","Ohio_Christian_University","Ohio_College_of_Podiatric_Medicine","Ohio_Dominican_University","Ohio_Northern_University","Ohio_State_University,_The","Ohio_University","Ohio_Wesleyan_University","Otterbein_College","Payne_Theological_Seminary","Rosedale_Bible_College","Shawnee_State_University","Tiffin_University","Tri-State_Bible_College","Two-Year_Colleges","Union_Institute_and_University","University_of_Akron","University_of_Cincinnati","University_of_Dayton","University_of_Findlay","University_of_Northwestern_Ohio","University_of_Rio_Grande","University_of_Toledo","Urbana_University","Ursuline_College","Walsh_University","Wilberforce_University","Wilmington_College","Wittenberg_University","Wooster_College","Wright_State_University","Xavier_University","Youngstown_State_University","Cameron_University","East_Central_University","Langston_University","Mid-America_Christian_University","Northeastern_State_University","Northwestern_Oklahoma_State_University","Oklahoma_Baptist_University","Oklahoma_Christian_University","Oklahoma_City_University","Oklahoma_State_University","Oklahoma_Wesleyan_University","Oral_Roberts_University","Rogers_State_University","Saint_Gregory's_University","Southeastern_Oklahoma_State_University","Southern_Nazarene_University","Southwestern_Oklahoma_State_University","Spartan_College_of_Aeronautics_and_Technology","Two-Year_Colleges","University_of_Central_Oklahoma","University_of_Oklahoma","University_of_Tulsa","University_of_Science_and_Arts_of_Oklahoma","Oklahoma_Panhandle_State_University","Concordia_University","Corban_College","Eastern_Oregon_University","George_Fox_University","Gutenberg_College","Lewis_and_Clark_College","Linfield_College","Marylhurst_University","Mount_Angel_Seminary","Oregon_Health_and_Science_University","Oregon_Institute_of_Technology","Oregon_State_University","Pacific_Northwest_College_of_Art","Pacific_University","Portland_State_University","Reed_College","Southern_Oregon_University","The_Art_Institute_of_Portland","Tokyo_International_University_of_America","Two-Year_Colleges","University_of_Oregon","University_of_Portland","Warner_Pacific_College","Western_Oregon_University","Willamette_University","Northwest_Christian_University","Albright_College","Allegheny_College","Waynesburg_University","Arcadia_University","Baptist_Bible_College","Bethel_Seminary_of_the_East","Bloomsburg_University","Bradley_Academy","Bryn_Mawr_College","Bucknell_University","Cabrini_College","California_University_of_Pennsylvania","Carlow_University","Carnegie_Mellon_University","Alvernia_University","Cedar_Crest_College","Chestnut_Hill_College","Cheyney_University","Clarion_University","College_Misericordia","DeSales_University","Delaware_Valley_College","Dickinson_College","Drexel_University","Duquesne_University","East_Stroudsburg_University","Eastern_Baptist_Theological_Seminary","Eastern_University","Edinboro_University","Elizabethtown_College","Franklin_and_Marshall_College","Free_Gospel_Bible_Institute","Gannon_University","Geneva_College","Gettysburg_College","Gratz_College","Grove_City_College","Gwynedd-Mercy_College","Haverford_College","Holy_Family_University","Immaculata_University","Indiana_University_of_Pennsylvania","Juniata_College","Keystone_College","King's_College","Kutztown_University","LaSalle_University","La_Roche_College","Lafayette_College","Lebanon_Valley_College","Lehigh_University","Lincoln_University","Lock_Haven_University","Lycoming_College","Mansfield_University","Marywood_University","Mercyhurst_College","Messiah_College","Millersville_University","Moore_College_of_Art_and_Design","Moravian_College","Mount_Aloysius_College","Muhlenberg_College","Neumann_College","Peirce_College","Penn_State_University","Pennsylvania_Academy_of_Fine_Arts","Pennsylvania_College_of_Optometry","Philadelphia_Biblical_University","Philadelphia_University","Point_Park_University","Robert_Morris_University","Rosemont_College","Saint_Francis_University","Saint_Joseph's_University","Saint_Vincent_College","Seton_Hill_University","Shippensburg_University","Slippery_Rock_University","Susquehanna_University","Swarthmore_College","Temple_University","Thiel_College","Thomas_Jefferson_University","Two-Year_Colleges","University_of_Pennsylvania","University_of_Pittsburgh","University_of_Scranton","University_of_the_Arts","University_of_the_Sciences_in_Philadelphia","Ursinus_College","Valley_Forge_Christian_College","Villanova_University","Washington_and_Jefferson_College","West_Chester_University","Westminster_College","Widener_University","Wilkes_University","Wilson_College","York_College_of_Pennsylvania","Chatham_University","Brown_University","Bryant_University","Community_College_of_Rhode_Island","Johnson_and_Wales_University","New_England_Institute_of_Technology","Providence_College","Rhode_Island_College","Rhode_Island_School_of_Design","Roger_Williams_University","Salve_Regina_University","University_of_Rhode_Island","Zion_Bible_College","Allen_University","Anderson_University","Benedict_College","Bob_Jones_University","Charleston_Southern_University","Citadel,_The","Claflin_University","Clemson_University","Coastal_Carolina_University","Coker_College","College_of_Charleston","Columbia_College","Columbia_International_University","Converse_College","Erskine_College","Francis_Marion_University","Furman_University","Holmes_Bible_College","Lander_University","Limestone_College","Lutheran_Theological_Southern_Seminary","Medical_University_of_South_Carolina","Newberry_College","Morris_College","Presbyterian_College","South_Carolina_State_University","Southern_Wesleyan_University","Two-Year_Colleges","University_of_South_Carolina","Voorhees_College","Winthrop_University","Wofford_College","North_Greenville_University","Augustana_College","Black_Hills_State_University","Dakota_State_University","Dakota_Wesleyan_University","Mount_Marty_College","Northern_State_University","Presentation_College","Si_Tanka_University","South_Dakota_School_of_Mines","South_Dakota_State_University","Two-Year_Colleges","University_of_Sioux_Falls","University_of_South_Dakota","Sioux_Falls_Seminary","Aquinas_College","Austin_Peay_State_University","Baptist_College_of_Health_Sciences","Belmont_University","Bethel_College","Bryan_College","Carson-Newman_College","Christian_Brothers_University","Crichton_College","Crown_College","Cumberland_University","East_Tennessee_State_University","Fisk_University","Free_Will_Baptist_Bible_College","Freed_Hardeman_University","Harding_University_Graduate_School_of_Religion","Johnson_Bible_College","King_College","Knoxville_College","Lambuth_University","Lane_College","LeMoyne-Owen_College","Lee_University","Lincoln_Memorial_University","Lipscomb_University","Martin_Methodist_College","Maryville_College","Meharry_Medical_College","Memphis_College_of_Art","Memphis_Theological_Seminary","Mid-America_Baptist_Theological_Seminary","Middle_Tennessee_State_University","Milligan_College","O'More_College_of_Design","Rhodes_College","Sewanee_-_University_of_the_South","South_College","Southern_Adventist_University","Tennessee_State_University","Tennessee_Technological_University","Tennessee_Temple_University","Tennessee_Wesleyan_College","Trevecca_Nazarene_University","Tusculum_College","Two-Year_Colleges","Union_University","University_of_Memphis","University_of_Tennessee","Vanderbilt_University","Williamson_Christian_College","Abilene_Christian_University","Amberton_University","Angelo_State_University","Arlington_Baptist_College","Austin_College","Austin_Graduate_School_of_Theology","Austin_Presbyterian_Theological_Seminary","Baptist_University_of_the_Américas","Baylor_College_of_Medicine","Baylor_University","College_of_Saint_Thomas_More","Concordia_University","Dallas_Baptist_University","Dallas_Theological_Seminary","Del_Mar_College","East_Texas_Baptist_University","Episcopal_Theological_Seminary_of_the_Southwest","Hardin-Simmons_University","Houston_Baptist_University","Houston_Graduate_School_of_Theology","Howard_Payne_University","Huston-Tillotson_University","Jarvis_Christian_College","Lamar_University","LeTourneau_University","Lubbock_Christian_University","McMurry_University","Midwestern_State_University","Our_Lady_of_the_Lake_University","Paul_Quinn_College","Prairie_View_A&amp;M_University","Rice_University","Saint_Edward's_University","Saint_Mary's_University","Sam_Houston_State_University","Schreiner_University","South_Texas_College_of_Law","South_Texas_School_of_Christian_Studies","Southern_Methodist_University","Southwestern_Adventist_University","Southwestern_Assemblies_of_God_University","Southwestern_Baptist_Theological_Seminary","Southwestern_Christian_College","Southwestern_University","Stephen_F._Austin_State_University","Sul_Ross_State_University","Tarleton_State_University","Texas_A&amp;M_University","Texas_Christian_University","Texas_College","Texas_Lutheran_University","Texas_Southern_University","Texas_State_University_-_San_Marcos","Texas_Tech_University","Texas_Wesleyan_University","Texas_Woman's_University","Trinity_University","Two-Year_Colleges","Universidad_Nacional_Autonoma_de_Mexico","University_of_Dallas","University_of_Houston","University_of_Mary_Hardin-Baylor","University_of_North_Texas","University_of_Saint_Thomas","University_of_Texas","University_of_the_Incarnate_Word","Wayland_Baptist_University","West_Texas_A&amp;M_University","Wiley_College","Midland_College","Dallas_Christian_College","Everest_College","High_Tech_Institute","National_Institute_of_Technology","Brigham_Young_University","Financial_Aid_Assistance","Salt_Lake_Seminary","Southern_Utah_University","Two-Year_Colleges","University_of_Utah","Utah_State_University","Weber_State_University","Westminster_College","Dixie_State_College_of_Utah","Utah_Valley_University","Bennington_College","Burlington_College","Castleton_State_College","Champlain_College","College_of_Saint_Joseph","Goddard_College","Green_Mountain_College","Johnson_State_College","Lyndon_State_College","Marlboro_College","Middlebury_College","Norwich_University","Saint_Michael's_College","School_for_International_Training","Southern_Vermont_College","Sterling_College","Trinity_College_of_Vermont","Two-Year_Colleges","University_of_Vermont","Vermont_Law_School","Woodbury_College","Apprentice_School","Atlantic_Baptist_Bible_College","Averett_University","Bluefield_College","Bridgewater_College","Christ_College","Christendom_College","Christopher_Newport_University","College_of_William_and_Mary","Eastern_Mennonite_University","Eastern_Virginia_Medical_School","Emory_and_Henry_College","Ferrum_College","George_Mason_University","Hampden-Sydney_College","Hampton_University","Hollins_University","James_Madison_University","Liberty_University","Jefferson_College_of_Health_Sciences","Longwood_University","Lynchburg_College","Mary_Baldwin_College","Marymount_University","Norfolk_State_University","Old_Dominion_University","Patrick_Henry_College","Radford_University","Randolph-Macon_College","Randolph_College","Regent_University","Roanoke_College","Saint_Paul's_College","Shenandoah_University","Southern_Virginia_University","Stratford_University","Strayer_University","Sweet_Briar_College","Two-Year_Colleges","University_of_Mary_Washington","University_of_Northern_Virginia","University_of_Richmond","University_of_Virginia","Virginia_Baptist_College","Virginia_Commonwealth_University","Virginia_Institute_of_Marine_Science","Virginia_Intermont_College","Virginia_International_University","Virginia_Military_Institute","Virginia_State_University","Virginia_Tech","Virginia_Theological_Seminary","Virginia_Theological_University","Virginia_Union_University","Virginia_Wesleyan_College","Washington_and_Lee_University","Antioch_University","Bastyr_University","Central_Washington_University","City_University","Cornish_College_of_the_Arts","Eastern_Washington_University","Evergreen_State_College","Gonzaga_University","Heritage_University","Northwest_College_of_Art","Northwest_University","Pacific_Lutheran_University","Walla_Walla_University","Saint_Martin's_University","Seattle_Pacific_University","Seattle_University","Trinity_Lutheran_College","Two-Year_Colleges","University_of_Puget_Sound","University_of_Washington","Washington_State_University","Western_Washington_University","Whitman_College","Whitworth_University","American_University","Catholic_University_of_America","Corcoran_College_of_Art_and_Design","Dominican_House_of_Studies","Gallaudet_University","George_Washington_University","Howard_University","Georgetown_University","Johns_Hopkins_University","Potomac_College","Trinity_University","University_of_the_District_of_Columbia","Washington_Theological_Union","Wesley_Theological_Seminary","Alderson-Broaddus_College","Appalachian_Bible_College","Bethany_College","Bluefield_State_College","Concord_University","Davis_and_Elkins_College","Fairmont_State_University","Glenville_State_College","Marshall_University","Mountain_State_University","Ohio_Valley_University","Salem_International_University","Shepherd_University","Two-Year_Colleges","University_of_Charleston","West_Liberty_State_College","West_Virginia_State_University","West_Virginia_University","West_Virginia_Wesleyan_College","Wheeling_Jesuit_University","Alverno_College","Beloit_College","Cardinal_Stritch_University","Herzing_University","Carthage_College","Concordia_University","Edgewood_College","Lakeland_College","Lawrence_University","Maranatha_Baptist_Bible_College","Marian_College","Marquette_University","Medical_College_of_Wisconsin","Milwaukee_School_of_Engineering","Mount_Mary_College","Northland_Baptist_Bible_College","Northland_College","Ripon_College","Saint_Norbert_College","Two-Year_Colleges","University_of_Wisconsin","Viterbo_University","Wisconsin_International_University","Wisconsin_Lutheran_College","Carroll_University","Jackson_Hole_Bible_College","Two-Year_Colleges","University_of_Wyoming","Warren_National_University","Australian_National_University","University_of_Canberra","Charles_Sturt_University","Macquarie_University","Southern_Cross_University","University_of_New_England","University_of_New_South_Wales","University_of_Newcastle","University_of_Sydney","University_of_Technology,_Sydney","University_of_Western_Sydney","University_of_Wollongong","Charles_Darwin_University","Bond_University","Central_Queensland_University","Griffith_University","James_Cook_University","Queensland_University_of_Technology","University_of_Queensland","University_of_Southern_Queensland","University_of_the_Sunshine_Coast","Flinders_University","University_of_Adelaide","University_of_South_Australia","Colleges","University_of_Tasmania","Deakin_University","La_Trobe_University","Melbourne_University_Private","Monash_University","RMIT_University","Swinburne_University_of_Technology","The_University_of_Melbourne","University_of_Ballarat","Victoria_University","Curtin_University_of_Technology","Edith_Cowan_University","Murdoch_University","University_of_Notre_Dame","University_of_Western_Australia","Software","Scôz_am_Rhein","Egypt","Ghana","Morocco","Tanzania","Uganda","China","Hong_Kong","Indonesia","Malaysia","Singapore","Thailand","Costa_Rica","Czech_Republic","Denmark","France","Greece","Italy","Netherlands","Norway","Poland","Sweden","Switzerland","United_Kingdom","Turkey","Bermuda","Canada","Mexico","United_States","Australia","Programs","Associations","Commercial","Free","Single_Units","Canada","United_States","Australia","Latter-Day_Saints","Activity_Theory","Constructivism","CFA","Insurance","Software","State-Level_Groups","Graduate_Schools","Bliss_Bibliographic_Classification","Colon_Classification","Dewey_Decimal","Library_of_Congress","SuDocs","Subject-Specific_Schemes","UDC","Crosswalks","Dublin_Core","Encoded_Archival_Description","FGDC","MARC","Meta-Object_Facility_Information","RDF","Text_Encoding_Initiative","Z39.50","United_Kingdom","Canada","United_States","Alabama","California","Florida","Georgia","Massachusetts","Missouri","New_Jersey","New_York","North_Carolina","Ohio","Pennsylvania","Texas","Virginia","Washington","Washington,_DC","Wisconsin","Idaho","Maine","Vermont","Tennessee","Connecticut","Montana","Michigan","Alberta","British_Columbia","Nova_Scotia","Ontario","Canada","United_States","British_Columbia","Manitoba","New_Brunswick","Nova_Scotia","Ontario","Alabama","Alaska","Arizona","Arkansas","California","Colorado","Connecticut","Delaware","Florida","Georgia","Hawaii","Idaho","Illinois","Indiana","Iowa","Kansas","Kentucky","Louisiana","Maine","Maryland","Massachusetts","Michigan","Minnesota","Mississippi","Missouri","Montana","Nebraska","Nevada","New_Hampshire","New_Jersey","New_Mexico","New_York","North_Carolina","North_Dakota","Ohio","Oklahoma","Oregon","Pennsylvania","Rhode_Island","South_Carolina","South_Dakota","Tennessee","Texas","Utah","Vermont","Virginia","Washington","Washington,_DC","West_Virginia","Wisconsin","Wyoming","Alberta","British_Columbia","Manitoba","New_Brunswick","Nova_Scotia","Ontario","Prince_Edward_Island","Quebec","Saskatchewan","Alabama","Alaska","Arizona","Arkansas","California","Colorado","Connecticut","Delaware","Florida","Georgia","Hawaii","Idaho","Illinois","Indiana","Iowa","Kansas","Kentucky","Louisiana","Maine","Maryland","Massachusetts","Michigan","Minnesota","Mississippi","Missouri","Montana","Nebraska","Nevada","New_Hampshire","New_Jersey","New_Mexico","New_York","North_Carolina","North_Dakota","Ohio","Oklahoma","Oregon","Pennsylvania","Rhode_Island","South_Carolina","South_Dakota","Tennessee","Texas","Utah","Vermont","Virginia","Washington","West_Virginia","Wisconsin","Wyoming","United_Kingdom","Canada","United_States","Alabama","Arizona","California","Colorado","Connecticut","Florida","Georgia","Hawaii","Illinois","Iowa","Kansas","Massachusetts","Michigan","New_York","North_Carolina","Ohio","Oregon","Pennsylvania","Texas","Utah","Europe","North_America","Oceania","California","Colorado","Florida","Illinois","Indiana","Maine","Michigan","Nevada","New_York","North_Carolina","Ohio","Pennsylvania","South_Dakota","Tennessee","Texas","Alabama","Alaska","Arizona","Arkansas","California","Colorado","Connecticut","Florida","Georgia","Illinois","Indiana","Iowa","Kansas","Maine","Maryland","Michigan","Minnesota","Missouri","New_Jersey","New_York","North_Carolina","Ohio","Oregon","Pennsylvania","Rhode_Island","Texas","Washington","Wisconsin","California","Connecticut","Delaware","Florida","Maine","Maryland","Massachusetts","Michigan","New_Hampshire","New_York","North_Carolina","Ohio","Oregon","Pennsylvania","Texas","Virginia","Washington","Wisconsin","Alabama","California","Colorado","Connecticut","Florida","Georgia","Illinois","Indiana","Iowa","Maine","Maryland","Massachusetts","Michigan","Minnesota","Nevada","New_York","North_Carolina","Ohio","Oklahoma","Oregon","Pennsylvania","Tennessee","Texas","Washington","West_Virginia","Wisconsin","2000","Consulting","Information","Catholic_Encyclopedia"
