"Astronomy_and_Space","Chemistry","Environment","Experiments","Homework_Help","Living_Things","Measurement","Physics","The_Earth","Psychology","Agriculture","Math","Agriculture","Anthropology","Archaeology","Biology","Earth_Science","Medical","Natural_History","Physics","Psychology","Technology","Agriculture","Animals","Insects","Mammals","Snails","Waste_Management","Worms","Databases","Conferences","Past_Events","Directories","Education","Cooperative_Extension","Field_Crops","Fiber_Crops","Oilseeds","Sugarcane","Pests_and_Diseases","Grassland,_Hay_and_Forage","Forestry","Academic_Departments","Arboriculture","Bamboo","Pests_and_Diseases","Publications","Research_Centers","Urban_Forestry","Silviculture","Essential_Oils","History","Horticulture","Fruits","Hydroponics","Ornamentals","Propagation_and_Nursery_Practice","Publications","Spices","Turfgrass","Vegetables","Viticulture","Edible_Fungi","Herbs","Institutions","Academic_Departments","Research_Centers","Organizations","Pests_and_Diseases","Animal_Pests","Associations","Biological_Control","For_Specific_Crops","Integrated_Pest_Management","Weeds","Practices_and_Systems","Irrigation","Dryland_Farming","Precision_Farming","Reduced_Tillage_Farming","Products_and_Services","Consultants","Seed_Testing","Publications","Journals","Soils","Academic_Departments","Erosion","Instruments_and_Supplies","Publications","Soil_Fertility_and_Fertilizers","Soil_Morphology,_Classification_and_Survey","Sustainable_Agriculture","Organic_Farming","Aquaculture","Tilapia","Salmonids","Crustaceans","Shellfish","Finfish","Algaculture","Alligators","Crop_Plants","Coffee","Tea","Fisheries","Anadromous_and_Stream_Fish","Astronomy","Amateur","Amateur_Contributions_to_Science","Amateur_Telescope_Making","Astrophotography_and_CCD_Imaging","Beginners","Binocular_Astronomy","Chats_and_Forums","Classifieds","Constellations","Deep_Sky_Observing","Observatories","Organizations","Product_Reviews","Radio_Astronomy","Satellites","Sky_Calendars","Sky_Maps_and_Atlases","Solar_System_Observing","Spectroscopy","Star_Parties","Telescope_Owner_Resources","Associations","Business","Domes_and_Observatories","Educational_Resources","Stargazing_Events","Sundials","Cosmology","Courses_and_Tutorials","Cosmic_Background_Radiation","Research_Groups","History","Software","Inflation","Cosmological_Constant_and_Dark_Energy","Earliest_Universe","Nucleosynthesis","Large-Scale_Structure","Articles","Dark_Matter","Eclipses","Occultations","Transits","Education","Extrasolar_Planets","Extraterrestrial_Life","Exobiology","Panspermia","SETI","Milky_Way","History","Eclipses,_Occultations_and_Transits","Instruments","People","Solar_System","Institutions","Academic_Departments","Observatories","Planetariums","Research_Centers","Popular_Topics","Software","Computational_Astrophysics","Solar_System","Asteroid_Belt","Conferences","Dwarf_Planets","Kuiper_Belt","Oort_Cloud","Planets","Small_Bodies","Stars","Names","Stellar_Evolution","Variable_Stars","Anomalies_and_Alternative_Science","Aerial_Anomalies","Flying_Rods","Alchemy","Anomalous_Objects","Anomalous_People","Anomalous_Sounds","Planetary_Anomalies","Sirius_and_the_Dogon","Chats_and_Forums","Creationism","Cryptozoology","Chupacabra","Globsters_and_Carcasses","Mothman","Organizations","Publications_and_Newsletters","Earth_Lights","Flat_Earth","Geology,_Alternative","Velikovsky,_Immanuel","Historical_Anomalies_and_Revisionism","Afrocentrist_Models","Magazines_and_E-zines","Orgone_Energy","Orgone_Generators,_Orgonite_and_Radionics","Traditional_Orgonomy","Personal_Pages","Research","Spontaneous_Human_Combustion","Technology","The_Philadelphia_Experiment","Voynich_Manuscript","Research","Opposing_Views","Image_Galleries","Weather_Control","Biology","Associations","Biochemistry_and_Molecular_Biology","Associations","Biomolecules","Directories","Education","Gene_Expression","Meetings","People","Products_and_Services","Publications","Software","Bioinformatics","Companies","Directories","Education","Employment","Hardware","Online_Services","Publications","Research_Groups","Software","Biomechanics","Associations","Biophysics","Publications","Products_and_Services","Biotechnology","Agriculture_and_Food","Associations","Directories","Education","Meetings","Products_and_Services","Publications","Reference","Botany","Associations","Bryology","Dendrology","Education","Ethnobotany","Institutions","Phenology","Phycology","Plant_Physiology","Publications","Tissue_Culture","Cell_Biology","Directories","Meetings","Organelles","Organizations","Products_and_Services","Publications","Cryobiology","Cryonics","Sperm,_Ova,_Embryo_Storage","Umbilical_Cord_Stem_Cell_Storage","Developmental_Biology","Associations","Directories","Education","Meetings","Publications","Directories","Ecology","Aquatic_Ecology","Associations","Biogeography","Consultants","Ecotoxicology","Ecosystems","Fire_Ecology","Landscape_Ecology_and_Spatial_Analysis","Microbial_Ecology","Molecular_Ecology","Personal_Pages","Restoration_Ecology","Soil_Ecology","Wildlife_Ecology_and_Management","Personal_and_Class_Pages","Summer_Research_Programs","Employment","Job_Search","Staffing_Services","Evolution","Directories","Education","Human","Molecular","Publications","Software","Organizations","Personal_Pages","Flora_and_Fauna","A","Animalia","B","C","D","E","F","Fungi","G","H","I","J","K","L","M","Monera","N","O","P","Plantae","Protista","Q","R","S","T","U","V","Viruses","W","X","Y","Z","Genetics","Conferences","Education","Eukaryotic","Genomics","Glossaries","History","Organelles","Organizations","Prokaryotic","Publications","Research_Centers","Software","Virus","Personal_Pages","Histology","Publications","History","People","Immunology","Antibodies","Associations","Cytokines","Education","Products_and_Services","Publications","Institutions","Academic_Departments","Meetings","Methods_and_Techniques","Microscopy","Microbiology","Associations","Environmental_Microbiology","Meetings_and_Conferences","Parasitology","Personal_Pages","Products_and_Services","Protistology","Publications","Virology","Mycology","Associations","Conferences","Endophytes","Publications","Neurobiology","Addiction","Organizations","People","Publications","Education","News_and_Media","Weblogs","Physiology","Academic_Departments","Angiogenesis","Auditory","Publications","Simulations","Tutorials","Blood_Circulation","Products_and_Services","Consultants","Contract_Services","Field_Biology","General_Distributors","Instrumentation","Living_Systems","Publications","Reference","Sociobiology","Memetics","Wilson,_Edward_O.","Software","Taxonomy","Cladistics","Theoretical_Biology","Associations","Journals","Toxicology","Associations","Directories","Institutions","Methods_and_Techniques","Products_and_Services","Publications","Software","Zoology","Academic_Departments","Animal_Behavior","Arthropoda","Associations","Chordates","Echinodermata","Malacology","Personal_Pages","Publications","Zoos_and_Aquariums","Search_Engines","Chats_and_Forums","Chemistry","Academic_Departments","Africa","Analytical","Bioanalytical_Chemistry","Chemometrics","Conferences","Infrared_Spectroscopy","Mass_Spectrometry","Products_and_Services","Publications","Research_Groups","Catalysis","Associations","Events","Chemistry_Safety","Clinical_and_Medicinal_Chemistry","Academic_Departments","Research_Groups","Journals","Education","Computational","Molecular_Dynamics","Research_Groups","Companies","Conferences","Past_Conferences","Directories","Education","Chemistry_Olympiads","Labs_and_Demonstrations","Multimedia","Personal_and_Class_Pages","Electrochemistry","Corrosion","Instruments","Plating","Elements","Alkali_Earth_Metals","Alkali_Metals","Halogens","Lanthanides","Mercury","Metalloids","Noble_Gases","Nonmetals","Plutonium","Transactinides","Ununquadium","Uranium","Environmental_Chemistry","Products_and_Services","Journals","Associations","Babcock,_Stephen_Moulton","Brønsted,_Johannes_Nicolaus","Davy,_Humphrey","Kamen,_Martin","Lavoisier,_Antoine","Priestley,_Joseph","Inorganic","Academia_and_Institutes","Inorganic_Compounds","Ionic_and_Covalent_Bonding","People","Structure","Nuclear_Magnetic_Resonance","Acronyms_for_NMR","Commercial_Companies","Directories","Education","Library","Magnet_and_RF_Safety","Magnetic_Resonance_Imaging","Newsletters_and_News_Groups","Nuclear_Quadrupole_Resonance","Pulse_Sequences","References","Solid_State","Tables_of_Information","Theory","User's_Guides_and_Workbooks","Low_temperature","Organic","Databases","Directories","Journals","Nomenclature","Personal_Pages","Process_Research_and_Development","Research_Groups","Software","Periodic_Table","Academia_and_Institutes","Personal_Pages","Consultants","Educational_and_Hobbyist","Supplies","Research_Groups","Software","Calculation","Cheminformatics","Companies","Database","Development","Directories","Educational","Materials_Chemistry","Periodic_Table","Physical_and_Theoretical","Structural","Web_Publishing","Personal_Pages","Directories","Earth_Sciences","Atmospheric_Chemistry","Education","Meetings_and_Organizations","Modeling","Personal_Pages","Products_and_Services","Publications","Research_Groups","Atmospheric_Physics","Data_Centers","United_States_Government","K_through_12","Employment","Geochemistry","Databases","Economic_Geochemistry","Organizations","Products_and_Services","Publications","Geology","Academic_Departments","Geochronology","Geomorphology","Organizations","Petroleum","Petrology","Publications","Rocks_and_Minerals","Software","Volcanoes","Geomatics","Geodesy","Global_Positioning_System","Land_Surveying","Photogrammetry","Remote_Sensing","Geophysics","Data_Centers","Earthquakes","Meteorology","Climate","Education","Government_Agencies","Imagery","Storm_Chasing","Weather_Phenomena","Organizations","Natural_Disasters_and_Hazards","Floods","News_and_Media","News_and_Media","Oceanography","Conferences","Data_Centers","Journals","Libraries","Organizations","Projects","Paleogeography_and_Paleoclimatology","Paleontology","Academic_Departments","Amber","Art","By_Geological_Interval","Conferences","Databases","Organizations","Directories","Extinction","Education","Famous_Localities","Fossil_Collecting","History","Invertebrates","Micropaleontology","Paleontologists","Products_and_Services","Publications","Regional","Research_Funding","Taphonomy","Trace_Fossils","Vertebrates","Web_Rings","Paleobotany","Quaternary_Studies","Age-Dating_Techniques","Educational_Resources","Assessment","Curriculum_Development","Equipment","Experiments","Glowing_Pickles","Lesson_Plans","Mentoring_Programs","Organizations","Personal_and_Class_Pages","Science_Fairs","Ideas_and_Guides","Employment","Job_Search","Resumes","Staffing_Services","Organizations_and_Networks","Environment","Agriculture","Air_Quality","Acid_Deposition","Air_Dispersion_Modeling","Indoor_Air_Quality","Ozone","Radon","Biodiversity","Agricultural","Conservation","Consultants","Invasive_Species","Publications","Conferences","Education","Curriculum","Directories","In-School_Programs","Journals","Organizations","Outdoor_Programs","University-Level_Programs","Employment","Individual_Employers","Professional_Societies","Energy","Emissions_Controls","Petroleum_in_the_Environment","Environmental_Health","Endocrine_Disruptors","Products_and_Services","Toxic_Substances","Environmental_Monitoring","Products_for_Sampling_and_Monitoring","Forests_and_Rainforests","Carbon_Cycle","Carbon_Management","Hazardous_Waste","Products_and_Services","Remediation_Technology","Impact_Assessment","Assessment_Reports","Practitioners","Mining","Acid_Mine_Drainage","Mountaintop_Removal","Products_and_Services","Leaching","Tailings","Site_Reclamation","News_and_Media","Weblogs","Organizations","Governmental","Professional_Associations","Research_Institutes","Pollution_Prevention_and_Recycling","Materials_Exchanges","Products_and_Services","Consultants","Software","Publications","Books","Journals","Sustainability","Agroforestry","Community_Sustainability","Global_Sustainability","Industrial_Ecology","Permaculture","Sustainable_Living","Water_Resources","Education","Groundwater","Lakes_and_Ponds","Rainwater_Harvesting","Stormwater","Water_Quality","Wetlands","Climate_Change","Desertification","Impacts_and_Indicators","Policy","Research_Centers","Ozone_Layer","Chats_and_Forums","Institutions","Academic_Departments","Associations","Regional","Africa","Europe","Research_Funding_Organizations","Medical","University_Laboratories_and_Research_Centers","Instruments_and_Supplies","Distributors","Isotopes","Analytical_Laboratories","NMR_Solvents","Lab_Consumables_and_Disposables","Lab_Furniture","Hoods","Lab_Notebooks_and_Record_Keeping","Software","Lab_Safety_Equipment","Lab_Space_or_Instruments_for_Lease_or_Rent","Laboratory_Automation_and_Robotics","Consultants","Journals","Professional_Associations","Software_and_Data_Manipulation","Symposia","Laboratory_Equipment","Data_Loggers_and_Recorders","Glass_Products_and_Accessories","Laboratory_Tubing_and_Fittings","Load_Cells","Mechanical_Research","Medical","Microscopes","Optical","Pipettors,_Automatic_and_Manual","Pressure_and_Flow_Sensors_and_Transducers","Radiation_Measurement","Refrigeration_and_Cold_Storage","Spectroscopy","Temperature_Sensors_and_Thermocouples","Used_and_Surplus","Vacuum","Weighing_Devices_and_Scales","pH_Meters_and_Dissolved_Oxygen_Sensors","Laboratory_Computers_and_Software","Laboratory_Instrument_Service,_Calibration,_and_Repair","Laboratory_Waste_Management","Tribology_and_Lubrication","Math","Academic_Departments","Africa","Asia","Caribbean","Europe","Middle_East","North_America","Oceania","South_America","Algebra","Basic_Algebra","Conferences","Education","Field_Theory","Geometric_Algebra","History","Linear_Algebra","People","Publications","Research_Groups","Ring_Theory","Complex_Variable","Events","Functional_Analysis","Open_Problems","People","Publications","Real_Variable","Research_Groups","Transform_Calculus","Applications","Communication_Theory","Complex_Systems","Control_Theory","Events","Information_Theory","Mathematical_Biology","Mathematical_Chemistry","Mathematical_Economics_and_Financial_Mathematics","Mathematical_Geosciences","Mathematical_Psychology","Organizations","People","Publications","Research_Groups","Calculus","Calculus_of_Variations","History","Integral_Tables","Multivariable_Calculus","Software","Fractional_Calculus","Chaos_and_Fractals","Chaos","Fractal_Art","Software","Chats_and_Forums","Combinatorics","Combinatorial_Game_Theory","Design_Theory","Events","Graph_Theory","Open_Problems","People","Research_Groups","Software","Differential_Equations","Difference_Equations","People","Software","Directories","Education","Homework_Help","Magazines","Outreach","Personal_and_Class_Pages","Precalculus","Slide_Rules","Software","Employment","Events","Calendars","Computational_Geometry","Education","Events","Higher_Dimensional","Non-Euclidean","Open_Problems","Plane_Geometry","Polytopes","Projective","Publications","Research_Groups","Solid_Geometry","Organizations","Logic_and_Foundations","Computability","Computational_Logic","Directories","Education","Game_Semantics","Institutions","Knowledge_Representation_and_Planning","Meetings","Organizations","People","Software","Mathematicians","Personal_Pages","Number_Theory","Algebraic","Chats_and_Forums","Computational","Diophantine_Equations","Education","Elliptic_Curves_and_Modular_Forms","Events","Factoring","Open_Problems","People","Publications","Research_Groups","Numerical_Analysis","Approximation_Theory","Companies","Events","Linear_Algebra","People","Publications","Research_Groups","Software","Automatic_Differentiation","Operations_Research","Conferences","Publications","Organizations","Alumni_Groups","Benford's_Law","Teaching_Resources","Book_Publishers","Books","Journals","Multimedia","Newsletters","Online_Texts","Competitions","Famous_Problems","Flexagons","Games_and_Puzzles","Magic_Square","Specific_Numbers","Tessellations","Reference","Prizes","Tables","Institutes","Open_Problems","Specialist_Groups","Companies","Events","Graphing","MATLAB","MuPAD","Chats_and_Forums","Conferences","Education","Employment","Publications","Knot_Theory","Open_Problems","Research_Groups","Software","Methods_and_Techniques","Imaging_Science","Organizations","Products_and_Services","Vehicle_Plate_Recognition","Scanning_Probe_Microscopy","Scientific_Method","Stereology","News_and_Media","Breaking_News","Radio_Programs","Weblogs","Physics","Academia","Two-Year_Colleges","Alternative","Gravitation","Superluminal_Physics","Associations","Astrophysics","Institutions","Chats_and_Forums","Classical_Mechanics","Harmonic_Motion","Lagrangian_and_Hamiltonian_Mechanics","Computational","Condensed_Matter","Journals","Nanostructures","Phase_Transitions","Semiconductors","Surface_Science","Conferences","Crystallography","Directories","Education","Demonstrations","Directories","Lesson_Plans","Mailing_Lists","Mechanics","Nuclear_and_Particle_Physics","Personal_and_Class_Pages","Publications","Research","Tutorials","Electromagnetism","Coilgun","History","Magnetic_Levitation","Software","Terahertz","Employment","Fluid_Mechanics_and_Dynamics","Companies","Computational","Conferences","Galleries","Journals","People","Research_Groups","Software","History","People","Instruments_and_Supplies","Educational","Mathematical_Physics","Events","Publications","Statistical_Mechanics","Medical_Physics","BNCT","Nuclear","Facilities","Personal_Pages","Optics","Equipment_and_Instruments","Lasers","Optoelectronics","Personal_Pages","Research_Groups","Spectroscopy","Particle","Alternative","Astro_Particle","Experiments","Neutrino","Non_Accelerator","Publications","Research_Centers","Research_Groups","Software","Physicists","Plasma","Space_Plasma","Software","Personal_Pages","Publications","Quantum_Mechanics","Interpretations","Resources","Reference","Relativity","Alternative","Articles","Associations","Black_Holes","Software","History","Gravitational_Waves","Research_Groups","Time_Travel","Experiment_and_Observation","Gravitational_Lensing","Rheology","Journals","Societies","Software","Educational","Thermodynamics","Vacuum","Publications","Weblogs","Publications","Archives","Free_Access_Online_Archives","Interoperability_Standards","Books","Journals","Free_Online_Journals","Magazines_and_E-zines","Reference","Standards","Electrical_Engineering","Environmental_Practice","Individual_Standards","Standard_Document_Vendors","Units_of_Measurement","Online_Calculators","Science_in_Society","Academic_Departments","Chats_and_Forums","Forensic_Science","Associations","Computer_Forensics","DNA","Document_Examination","Firearms","Medical","Products_and_Services","Publications","Research_Ethics","Guidelines_and_Codes","Science_and_Religion","Christianity_and_Science","Evolution","Science_and_Technology_Policy","Skeptical_Inquiry","Aquascams_Lawsuit","Cold_Reading","Critical_Thinking","Hoaxes","Organizations","The_Science_Wars","Weblogs","Search_Engines","Social_Sciences","Anthropology","Academic_Departments","Anthropologists","Applied_Anthropology","Biological_Anthropology","Cultural_Anthropology","Directories","Linguistic_Anthropology","Methods_and_Techniques","Organizations","Publications","Archaeology","Academic_Departments","Alternative","Archaeologists","Conferences","Contractors_and_Consultants","Field_Schools_and_Fieldwork_Opportunities","History","Methodology","News_and_Media","Organizations","Periods_and_Cultures","Publications","Regional","Sites_and_Monuments","Topics","Area_Studies","African_Studies","American_Studies","Canadian_Studies","Cognitive_Science","Cognitive_Scientists","Journals","Communication","Academic_Departments","Health_Communication","Global_and_Intercultural_Communications","Interpersonal","Journals","Public_Speaking","Research_Institutes","Rhetoric","Criminology","Academic_Papers","Organizations","Publications","Demography_and_Population_Studies","Africa","Asia","Associations","Middle_East","North_America","Research_Institutes","South_America","Directories","Economics","Academic_Departments","Consumption_and_Wealth","Development_Economics","Economic_History","Economic_Systems","Education","Evolutionary_Economics","Financial_Economics","Forecasting_and_Consulting","Game_Theory","Institutional_Economics","International_Economics","Macroeconomics","Microeconomics","Organizations","People","Political_Economics","Schools_of_Thought","Sports_Economics","Urban_Economics","Agricultural_and_Rural_Economics","Education","Ethnic_Studies","Academic_Departments","Asian_American_Studies","Conflict_Studies","Hispanic_Studies","Institutes","Migration_Studies","Associations","Publications","Gay,_Lesbian,_and_Bisexual_Studies","Linguistics","Mailing_Lists","Professional_Organizations","Programs","Queer_Theory","Suicidality","Syllabi","Geography","Cartography","Conferences","Education","Geographic_Information_Systems","Human_Geography","Physical_Geography","Place_Names","Publications","Institutions","Associations","Linguistics","Bilingualism","Computational_Linguistics","Computer_Assisted_Language_Learning","Education","Graphemics_and_Orthography","Journals","Languages","Onomastics","Pragmatics","Professional_Organizations","Semantics","Semiotics","Sociolinguistics","Translation","Methodology","Action_Research","Grounded_Theory","Survey","People","Political_Science","Academic_Departments","Comparative_Politics","International_Relations","Political_Philosophy","Political_Scientists","Resources","Trade_Policy","Psychology","Academic_Programs","Associations","Behavior_Analysis","Biological","Child_Psychology","Clinical_and_Counseling","Cognitive","Conferences","Creativity","Developmental","Directories","Education","Educational_and_School","Forensics_and_Law","Gender_and_Sexuality","Gestalt","Humanistic","Neuropsychology","People","Personality","Products_and_Services","Psychoanalytic_and_Psychodynamic","Psychology_and_Religion","Publications","Research_Methods","Social","Tests_and_Testing","Transpersonal","Weblogs","Public_Administration","Publications","Social_Work","Associations","Employment","Sociology","Academic_Departments","Academic_Papers","Associations","Ethnomethodology","Rural_Sociology","Agencies","Community_and_Economic_Development","Consultants","Education","People","Projects","Transportation","Urban_Design","Weblogs","Simulation","Technology","Academia","Acoustics,_Ultrasound_and_Vibration","Active_Noise_Control","Education","Employment","Historical_Acoustics","Institutes_and_Universities","Resources","Aerospace","Aeronautics","New_Ideas","Biomedical_Engineering","Tissue_Engineering","Conferences","Organizations","Process_Design","Process_Measurement_and_Control","Services","Civil_Engineering","Geotechnical","History","Journals_and_Magazines","Computational_Engineering","Conferences_and_Events","Past","Cryotechnology","Cryogenic_Processing_of_Materials","Cybernetics","Education","K1_and_K2_-_General_Cybernetics","K3_-_Applied_Cybernetics","Publications","Second_Order_Cybernetics","Directories","Education","Electrical_Engineering","Avionics","Communications","Directories","Education","Image_Processing","Instrumentation_and_Controls","Power_Engineering","Publications","Electronics","Audio_and_Video","Design","High_Voltage","Power_Electronics","Publications","Reference","Repair","Research_Centers","Semiconductors","Signal_Processing","Test","Energy","Cogeneration","Conferences","Conservation","Devices","Economics_and_Policy","Education","Electricity_Generation_and_Distribution","Fossil_Fuel","Geothermal","Hydrogen","Nuclear","Organizations","Publications","Renewable","Storage","Transportation","Unproven_Concepts","Weblogs","Engineering","Food_Science","Cereals","Dairy_Science","Food_Safety","Nutrition","Products_and_Services","Additives","Industrial_Engineering","Professional_Organizations","Invention_and_Innovation","Licensing","Organizations","Lighting","Associations","Daylighting","Directories","Education","Magazines","Trade_Shows_and_Conferences","Manufacturing","Organizations","Prototyping","Research_Laboratories","Materials","Adhesives","Ceramics","Coatings","Composites","Geotechnical","Institutions","Polymers","Mechanical_Engineering","Academic_Departments","Design","HVAC","MEMS","Propulsion","Tribology","Metallurgy","Metrology","Associations","Institutions","Products_and_Services","Publications","Military_Science","Army","Ballistic_Missile_Defense","Electronics","Naval","Technology_Transfer","Mining","Education","History","Investments","Prospecting","Safety","Software","Nanotechnology","Academic_Departments","Books","Conferences","Funding","People","Personal_Pages","Research_Institutions","National_Society_of_Black_Engineers","Institution_of_Engineering_and_Technology","Books","Pyrotechnics","Ballistics","Civilian","Energetic_Materials_Research","Explosives","Fireworks","Military","Publications","Quality_Engineering","Reliability_Engineering","Safety_Engineering","Air_Safety","Automotive_Safety","Fire_Safety","Industrial_Safety","Marine_Safety","Safety_Organizations","Safety_Software","Sanitary_Engineering","Software_for_Engineering","Companies","Electrical_Engineering","Finite_Element_Analysis","Maintenance_Management","Space","Colonization","Education","Images","International_Space_Station","Launch_Vehicles","Missions","NASA","National_Space_Agencies","Organizations_and_Associations","Personal_Pages","Publications","Space_Shuttle","Structural_Engineering","Associations","Blast_Protection","Bridge","Control","Dams","Earthquake_Engineering","Personal_Pages","History","Institutes","Monorails","Traffic_Calming","Tube-Based","Welding","Personal_Pages","Events","Conferences","Festivals","Sundials"
