"Animals","Autopsy","Blue_Planet,_The","Catalyst","Human_Face","Jack_Horkheimer_-_Star_Gazer","Jane_Goodall_-_Reason_for_Hope","Nature","North_Mission_Road","Nova","Quantum","Real_Science","Runaway_Universe","Savage_Earth","Science_of_Secrecy,_The","Scientific_American_Frontiers","Secrets_of_the_Sequence","Sky_at_Night,_The","Smallpox_2002_-_Silent_Weapon","Springboard","Stephen_Hawking's_Universe","Under_the_Waves","Activities_and_Games","Black_Holes","Eclipses","Exploration","Galaxies","Images_from_Space","News","Solar_System","Space_Flight","Stars_and_Constellations","Time","Bonding","Chemists","Class_Pages","Elements","Games","Molecules_and_Compounds","Periodic_Tables","Reactions","Acid_Rain","Biodiversity","Garbage","Global_Warming","Ozone_Layer","Pollution","Recycling","Renewable_Energy","Water_Resources","Animals","Biology","Chemistry","Physics","Weather","Animals","Bacteria_and_Viruses","Cells","Class_Pages","Fungus","Genetics","Origins_of_Life","Plants_and_Trees","Amusement_Parks","Atoms,_Nuclei_and_Particles","Class_Pages","Electricity_and_Magnetism","Energy","Everyday_Things","Heat_and_Thermodynamics","Light_and_Optics","Motion_and_Forces","Physicists","Relativity","Sound_and_Acoustics","Sports","Structure_and_Properties_of_Matter","Waves","Ampere,_Andre_Marie","Carver,_George_Washington","Copernicus,_Nicolaus","Darwin,_Charles","Fleming,_Alexander","Franklin,_Benjamin","Galton,_Francis","Leeuwenhoek,_Antony_van","Mendel,_Gregor","Nobel,_Alfred","Pascal,_Blaise","Pasteur,_Louis","Pauling,_Linus","Salk,_Jonas","Buildings_and_Bridges","Computer_Science","Electric_Power","Electronics","Inventing","Machines","Manufacturing","Microscopes","Transportation","Biomes","Cycles","Erosion","Geology","Natural_Disasters_and_Hazards","Oceanography","Prehistoric_Times","Soil","The_Atmosphere","Dihydrogen_Monoxide","Flaming_Pop_Tarts","Archaeology","Astronomy","Biology","Chemistry","Environmental","Geology","Mathematics","Meteorology","Oceanography","Physics","Transportation_and_Logistics","Biological_and_Environmental_Sciences","Engineering","Government","Mathematics_and_Computer_Science","Physical_and_Chemical_Sciences","Cyprus","Egyptology","Greece","United_Kingdom","Asia","Europe","North_America","Europe","North_America","Oceania","Computers","Horology","Industry","Poultry","Ratites","Bees","Breeding_and_Biotechnology","Cattle","Dairy","Pigs","Suppliers","Vermicomposting","Associations","Barley","Corn","Millets","Oats","Rice","Rye","Sorghum","Triticale","Wheat","Pests_and_Diseases","Pearl_Millet","Abaca","Cotton","Flax","Industrial_Hemp","Kenaf","Ramie","Lentils","Chick_Pea","Peanut","Soybean","Pea","Bean_-_Phaseolus","Broad_Bean","Cowpea","Cassava","Sweetpotato","Sugar_Beet","Onion","Taro","Yam","Potato","Canola_and_Oilseed_Rape","Sunflower","Pests_and_Diseases","Pests_and_Diseases","Alfalfa","Ryegrass","Journals","Cocoa","Almond","Apple","Cane_Fruits","Citrus_Fruits","Banana","Fig","Nuts","Mango","Olive","Prune_Fruits","Pear","Currants_and_Gooseberries","Strawberry","Pests_and_Diseases","Associations","Chats_and_Forums","Colleges_and_Schools","Golf_Course_and_Sports_Turf","History","Laboratories_and_Consultants","Pests_and_Diseases","Asparagus","Consultants","Cucurbits","Organic","Pests_and_Diseases","Soils_and_Nutrition","Protected_Cultivation","Brassicas","Tomato","Beans","Salads","Eggplants","Peppers","Pests_and_Diseases","Truffles","Common_Mushroom","Shiitake_Mushrooms","China","Differential_Correction","Education","Products_and_Services","Software","Control","Wind","Associations","Biointensive_Culture","Marketing","Viticulture","Europe","North_America","Oceania","Dobsonian_Telescopes","Software","Images","Africa","Asia","Directories","Europe","North_America","Oceania","South_America","Virtual","Tracking_Software","Asteroids","Comets","Jupiter","Mars","Mercury","Moon","Sun","Chats_and_Forums","CCD_Cameras","Dealers","Equipment_Rentals","Manufacturers","Repair_Services","String_Cosmology","Quantum_Cosmology","1999","2001","2002","Merchandise","Optical","SETI_at_Home","Brahe,_Tycho","Cassini,_Giovanni","Chandrasekhar,_Subrahmanyan","Copernicus,_Nicolas","Galilei,_Galileo","Herschel,_Sir_William","Hubble,_Edwin","Huygens,_Christiaan","Kepler,_Johannes","Rømer,_Ole","Sagan,_Carl","Future","Gamma-ray","Gravitational_Waves","Optical_and_Infrared","Radio","Teaching_and_Public","Ultraviolet","X-ray","Asia","Associations","Europe","North_America","Oceania","Products_and_Services","South_America","FITS_Image_Format","Ceres","Eris","Pluto_and_Charon","Earth","Jupiter","Mars","Mercury","Neptune","Saturn","Uranus","Venus","Asteroids","Comets","Meteors","Near_Earth_Objects","Observatories","Aurora","Data_Archives","Observatories","Sun-Earth_Interaction","Sunrise_and_Sunset_Times","M15","Omega_Centauri","United_Kingdom","Champ_of_Lake_Champlain","The_Loch_Ness_Monster","Bigfoot","Chats_and_Forums","Vendors_and_Suppliers","Africa","Asia","Europe","North_America","Oceania","South_America","Carbohydrates_and_Lipids","Journals","Nucleic_Acids","Proteins_and_Enzymes","Research_Groups","Software","Interactive_Activities","Personal_and_Class_Pages","Teaching_Resources","Databases","Journals","Products_and_Services","RNA_Interference","Research_Groups","Retroviral","Software","Epigenetics","Academic_Departments","Research_Groups","Clinical","Enzyme_Kinetics","Publications","Research_Groups","Arrays","PCR","Contract_Services","Instruments","Micro_Scale","Reagents_and_Kits","Testing_Services","Books","Journals","Magazines_and_E-zines","Drug_Discovery","Hardware_and_Instrumentation","Services","Courses","Ecological_Databases","Gene_Expression_and_Regulation","Genome_Databases","Homology_Detection","Molecular_Biology_Tools","Phylogenetic_Analysis","Protein_Analysis","Journals","Individuals","Software_Development","Personal_Pages","Products_and_Services","Academic_Departments","Courses_and_Workshops","Research_Centers","Portals","Consultants","Contract_Services","Instruments","Testing_Services","Reagents_and_Kits","Journals","Associations","Directories","Institutions","Journals","Products_and_Services","Associations","Morphology_and_Life_Cycle","By_Region","Tree_Identification","Academic_Departments","Botanical_Gardens_and_Arboreta","Herbaria","Associations","By_Host","Conferences","Education","Products_and_Services","Publications","Research_Groups","Researchers","Associations","Conferences","Education","Instrumentation","Publications","Research_Groups","Journals","Cell_Culture","Flow_Cytometry","Mitochondrion","Ribosome","Contract_Services","Instruments","Reagents_and_Kits","Reference_Laboratories","Journals","Books","Humor","Introductions","Academic_Departments","Research_Groups","Amphibians","Fish","Insects","Mammalian","Nematodes","Plants","Sea_Urchin","Journals","Aquatic_Organisms","Associations","Consultants","Educational_Resources","Estuarine","Freshwater","Marine","Publications","Research_Centers","Personal_Pages","Aquatic_Toxicology","Associations","Conferences","Consultants","Natural_Toxins","Publications","Radioecology","Caves","Coastal","Deserts","Forest","Grasslands,_Prairies_and_Steppes","Management","Wetlands","Teaching_Resources","University_Programs_and_Classes","Journals","Long-Term_Ecological_Research_Network_-_LTER","Consultants,_Services,_and_Materials","Consultants","Research_Centers","Lesson_Plans","Aquatic_Ape_Theory","Multiregional_Theory","Journals","Acanthocephala","Acoelomates","Annelida","Arthropoda","Brachiopoda","Bryozoa","Chordata","Echinodermata","Echiura","Gastrotricha","Gnathostomulida","Hemichordata","Kinorhyncha","Lophophorates","Minor_Protostomes","Mollusca","Nematoda","Nematomorpha","Nemertea","Onychophora","Phoronida","Platyhelminthes","Porifera","Pseudocoelomates","Radiata","Rhombozoa","Rotifera","Sipuncula","Placozoa","Chaetognatha","Tardigrada","Ascomycota","Basidiomycota","Chytridiomycota","Glomeromycota","Lichens","Zygomycota","Deuteromycota","Neocallimastigomycota","Archaea","Bacteria","Bryophyte","Coniferophyta","Cycadophyta","Equisetophyta","Ginkgophyta","Gnetophyta","Lycopodiophyta","Magnoliophyta","Polypodiophyta","Psilotophyta","Pteridophyta","Apicomplexa","Bacillariophyta","Chlorophyta","Chrysophyta","Ciliophora","Dinoflagellata","Euglenophyta","Foraminifera","Myxomycota","Myxozoa","Oomycota","Phaeophyta","Rhodophyta","Sarcomastigophora","Xanthophyta","Haptophyta","Radiolaria","Cryptophyta","Acrasiomycota","Animal","Databases_and_Maps","Fungal","Plant","Protists","Functional","Products_and_Services","People","Archaea","Bacteria","Phage","Journals","Quantitative_Genetics","Journals","Carson,_Rachel","Darwin,_Charles","Lamarck,_Jean-Baptiste","Leopold,_Aldo","Pasteur,_Louis","Wallace,_Alfred_Russel","Products_and_Services","Products_and_Services","Academic_Departments","Research_Centers","Journals","Research_Grants_and_Funding","Aquatic_Microbiology","Soil_Microbiology","Products_and_Services","Trypanosomatids","Reference_Laboratories","Consultants","Journals","Research_Centers","Journals","Students_and_Postdocs","Journals","Australia","Canada","Denmark","Netherlands","New_Zealand","Sweden","United_Kingdom","United_States","Journals","Coagulation","Antibodies","Custom_Products","Publications","Alignment_Software","Comparative_Methods","Directories","Taxonomic_Databases","Consultants","Contract_Services","Reagents_and_Kits","Testing_Services","Associations_and_Societies","Communication","Journals","Education","Personal_Pages","Arachnology","Entomology","Herpetology","Ichthyology","Mammalogy","Ornithology","Organizations","Journals","Africa","Asia","Associations","Caribbean","Central_America","Directories","Europe","Fan_Pages","History","Middle_East","North_America","Oceania","South_America","Virtual_Zoos","Webcams","Pakistan","Austria","Belgium","France","Germany","Greece","Spain","Sweden","Switzerland","United_Kingdom","Canada","United_States","Australia","New_Zealand","Philippines","Argentina","Peru","Carbohydrates","Peptides","Products_and_Services","Research_Groups","Associations","Publications","Research_Groups","Software","Products_and_Services","Associations","Products_and_Services","Publications","Research_Groups","Software","Consultants","Contract_Services","Instruments","Supplies","Testing_Services","Education","Electrophoresis","Gas_Chromatography","Liquid_Chromatography","Products_and_Services","Publications","Size_Exclusion","Software","Tutorials","Courses","Testing_Labs","Instruments","Testing_Services","Consultants","Alder,_Kurt","Corey,_Elias_James","Curie,_Marie","Molina,_Mario_J.","Pauling,_Linus","Rowland,_F._Sherwood","Rutherford,_Lord_Ernest","Seaborg,_Glenn_T.","Instrument_Service","Magnet_Charging","Magnet_Service","NMR_Analysis_Services","NMR_Consumables","NMR_Probes","NMR_RF_Amplifiers","NMR_Repair_Parts","New_Instruments","RF_Components","Refurbished_Instruments","Assignment_Software","Prediction_Software","Processing_Software","Simulation_Software","Spectrometer_Operation","Structure_Calculation_Software","Chemical_Shifts_and_Coupling_Constants","NMR_Periodic_Tables","Solvent_Tables","Advanced_Topics","Basic_NMR_and_MRI_Theory","Interpretation_Theory","Bruker_Guides","Spectral_Interpretation_Workbooks","Varian_Guides","A","B","C","D","E","F","G","H","I","J","K","L","M","N","O","P","Q","R","S","T","U","V","W","X","Y","Z","Chemical_Suppliers","Control_Software","Second_Hand_-_Resellers","Chemicals_Made_to_Order","Laboratory_Reagents","Equation_Balancing","Molecular_Mass","Drawing","Visualization","Data","Field_Camps","Geochemical_Analyses","Thermochemical","Software","Europe","North_America","College","Pre-college","Education","Luminescence_Dating","Radiometric_Dating","Landslides","Tsunami","Caves_and_Karst","Coastal","Glacial_Geomorphology","Impact_Craters","Journals","Organizations","Soil_Erosion","Government_Geological_Surveys","Consulting","Geophysical_Exploration","Journals_and_Magazines","Professional_Organizations","Testing_Laboratories","Training_and_Technology_Transfer","Education","Gemstone","Igneous_Petrology","Metallic_Deposits","Metamorphic_Petrology","Meteorites","Minerals","Non-Metallic_Deposits","Organizations","Publications","Rock_and_Mineral_Localities","Rockhounding","Sedimentary_Petrology","Shopping","Cams","Directories","Education","Images","Observatories","Organizations","Personal_Pages","Research","Videos","Education","Guides","Marine_and_Aviation","Associations","Businesses_and_Individuals","Education","Equipment","Mailing_Lists","National_Resources","Publications","Software","State_Boards","History","Land","Software","Space","Water","Products_and_Services","Universities","Associations","Education","Government_Agencies","Hyperspectral","Products_and_Services","Education","Past_Earthquakes","Prediction","Preparedness","Seismicity_Reports","Consulting","Instruments","Software","Prediction","Urban","Colleges_and_Universities","Africa","Asia","Caribbean","Central_America","Directories","Europe","Middle_East","North_America","Oceania","Radar","Satellite","Consultants","Forecasts","Forensic","Instruments","Software","Weather_Modification","Antarctic_and_Arctic","Images_and_Videos","Personal_Pages","Tours","Drought","El_Niño_and_La_Niña","Hurricanes","Ice_Storms","Image_Galleries","Nor'Easters","Snowfall","Thunderstorms_and_Lightning","Tornadoes","Wind","Past_Floods","Products_and_Services","Warnings_and_Forecasts","Danger_Reports","Argentina","Australia","Belgium","Canada","Chile","China","Croatia","Denmark","Finland","France","Germany","Greece","Iceland","India","Iran","Ireland","Italy","Japan","Mexico","Netherlands","New_Zealand","Norway","Philippines","Poland","Portugal","Russia","Singapore","South_Africa","South_Korea","Spain","Sweden","Taiwan","United_Kingdom","United_States","Consultants","Instruments","Software","Supplies","Vessel_Services","Artists","Dinosaurs","Cenozoic","Mesozoic","Paleozoic","Proterozoic","Collections","References","Vertebrate","Malacology","Cretaceous-Tertiary","Permian-Triassic","Recent","College_and_University","Pre-College","Burgess_Shale","Europe","Green_River","La_Brea","Lyme_Regis","Mazon_Creek","Messel_Oil_Shale","Morrison_Formation","North_America","Petrified_Forest","Rhynie_Chert","Solnhofen","Fossils","Legal_Issues","Bone_Wars","Arthropods","Brachiopods","Bryozoans","Corals","Echinoderms","Graptolites","Mollusks","Sponges","Paleontologists","Diatoms","Dinoflagellates","Foraminifera","Radiolarians","Organizations","Paleontologists","Art","Equipment","Models_and_Reproductions","Software","Books","Journals","Magazines_and_E-zines","Africa","Asia","Europe","Middle_East","North_America","Oceania","Polar_Regions","South_America","Vertebrate","Academic_Departments","Birds","Conodonts","Early_Tetrapods","Fish","Mammals","Marine_Reptiles","Pterosaurs","Synapsids","Anapsids","Salientia","Diapsids","Dinosaurs","Paleontologists","Organizations","Databases","Organizations","Palynology","Regional","Taxa","Paleobotanists","Environmental_Geology","General_Geology","Petrology_and_Mineralogy","Planetary_Sciences","Regional","Sedimentology_and_Stratigraphy","Dendrochronology","Consultants","Software","Products_and_Services","Consultants","Equipment_and_Supplies","Software","Testing_Services","Mitigation_and_Testing","Aquatic_Diversity","Clearing_Houses","Domestic_Animal_Diversity","On-Farm_Crop_Diversity","Seed_Savers","Birds","Captive_Breeding","Ecology","Fish","Genetic_Biodiversity","Invertebrates","Mammals","Plants","Regions","Reptiles_and_Amphibians","Sustainability","Ex_Situ","Food_and_Agriculture","Databases","Software","Aquatic","Education","Publications","Terrestrial","Asia","Central_America","Europe","North_America","Oceania","South_America","Directories","Courses","Environmental_Engineering","Environmental_Policy","Environmental_Science","Environmental_Studies","Online_Learning","Protective_Products","Fuel_Oxygenates","Oil_Spills","Underground_Storage_Tanks","Conferences","Conferences","Education","Organizations","Products_and_Services","Children's","Professional_Associations","Consultants","Software","Journals","Arsenic","Chlorine","Lead","Mercury","Air","Soil_and_Sediment","Water","Products_and_Services","Consultants","Management,_Remediation,_and_Response_Services","Biological_Remediation","Africa","Asia","Europe","Multilateral","North_America","Oceania","Australia","Canada","United_Kingdom","United_States","Building_Materials","Computer_Hardware","Glass","Motor_Oil","Paper","Steel","Diversified","Real_Property_Assessments","Compliance_Support","Brownfields_Utilization","Personal_Pages","Education","Green_Living_Tips","Personal_Pages","Backflow_Prevention","Equipment_and_Storage","Filtration_and_Treatment","Water_Testing","Arsenic_Contamination","Consultants","Organizations","Software","Wells_and_Pumps","Products_and_Services","Governmental","Professional_Associations","Research_Institutes","Consultants","Software","Water_Treatment_Products","Watershed_Councils","Products_and_Services","History","Household_Wastewater_Management","Products_and_Services","Research","Water_Reuse","Wetlands-Based_Treatment","Consultants","Mitigation_Banking","Animals","Ecosystems","Plants","Regional","South_Africa","India","Croatia","Czech_Republic","Denmark","Germany","Netherlands","United_Kingdom","Iran","Canada","United_States","Australia","Geriatrics","Government","Immunology","Oncology","ATT_Labs","Hewlett-Packard_Laboratories","Xerox","Electron_Microscopes","Light_Microscopes","Scanning_Probe_Microscopes","Borescopes_and_Fiberscopes","Monitors_and_Dosimeters","Research_and_Industrial","Central_Systems","Egypt","South_Africa","Armenia","Bangladesh","China","Georgia","Hong_Kong","India","Indonesia","Japan","Malaysia","Philippines","Singapore","South_Korea","Sri_Lanka","Taiwan","Thailand","Jamaica","Puerto_Rico","US_Virgin_Islands","Austria","Belarus","Belgium","Bulgaria","Croatia","Czech_Republic","Denmark","Estonia","Finland","France","Germany","Greece","Hungary","Ireland","Italy","Latvia","Lithuania","Netherlands","Norway","Poland","Portugal","Romania","Russia","Slovakia","Slovenia","Spain","Sweden","Switzerland","Ukraine","United_Kingdom","Iran","Israel","Turkey","Canada","Mexico","United_States","Australia","Fiji","New_Zealand","Argentina","Brazil","Chile","Colombia","Venezuela","Events","Journals","Research_Groups","Calendars","Past_Conferences","Research_Groups","Tables","People","Journals","REDUCE","Potential_Theory","Past_Events","Research_Groups","Journals","Coding_Theory","Cryptography","Events","Research_Groups","Abstract_Organisms","Events","Evolution_and_Dynamics","Journals","Modelling_Methods","Research_Groups","Events","Institutions","Journals","People","Calendars","Past_Events","Academic_Departments","Conferences","Journals","Papers","People","Research_Groups","Societies","Events","Journals","Organizations","People","Research_Groups","Events","Publications","Research_Groups","Companies","Events","People","Publications","Research_Groups","Software","Events","Journals","Events","Journals","People","Journals","People","Web_Rings","Tutorials","Software","Matroids","Software","Calendars","Past_Events","Books","Events","Open_Problems","People","References","Directories","Graph_Drawing","Linear_Programming_and_Optimization","Events","Journals","Open_Problems","People","Research_Groups","Past_Events","Past_Events","Professional","Paid_Services","Assessment","Books_and_Worksheets","Lesson_Plans","Events","People","Publications","Research_Groups","Software","Events","Publications","Software","Research_Groups","Past_Events","Historical","Higher_Dimensional","Polyhedra","Software","Books","Journals","Bohr,_Harald_August","Erdös,_Paul","Euler,_Leonhard","Menger,_Karl","Napier,_John","Automated_Reasoning","Combinatory_Logic_and_Lambda_Calculus","Logical_Frameworks","People","Ancient_and_Modern_Logic","People","Europe","North_America","BLC","Calendars","ESSLLI","ISMVL","Logic_Colloquium","Past_Conferences","Series","WoLLIC","Fuzzy_Logic","Intuitionistic_Logic","Many-valued_Logic","Modal_Logic","Substructural_Logics","Temporal_Logic","Students_and_Independent_Scholars","People","Bibliographies","Books","Journals","People","Abbott_Abbott,_Edwin","Abel,_Niels_Henrik","Agnesi,_María_Gaetana","Aitken,_Alexander_Craig","Al-Biruni","Archimedes","Banach,_Stefan","Barrow,_Isaac","Bernoulli,_Daniel","Bessel,_Friedrich","Bolyai,_János","Cartan,_Élie_Joseph","Cauchy,_Augustin_Louis","Cavalieri,_Bonaventura","Cayley,_Arthur","Chebyshev,_Pafnuty","Clairaut,_Alexis_Claude","Cramer,_Gabriel","Dedekind,_Richard","Eudoxus_of_Cnidus","Fermat,_Pierre_de","Fibonacci,_Leonardo_Pisano","Fourier,_Joseph","Galois,_Évariste","Gauss,_Carl_Friedrich","Germain,_Sophie","Graunt,_John","Grothendieck,_Alexander","Hamilton,_William_Rowan","Huntington_,_Edward_Vermilye","Hôpital,_Guillaume_de_l'","Jacobi,_Carl_Gustav_Jacob","Kamil,_Abu","Nash,_John_F.,_Jr.","A","B","C","D","E","F","G","H","I","J","K","L","M","N","O","P","Q","R","S","T","U","V","W","X","Y","Z","Wolfram,_Stephen","Riemann_Hypothesis","Equal_Sums_of_Like_Powers","Fermat's_Last_Theorem","Software","Tables","Past_Events","Series","Division_Rules","Perfect_Numbers","Tables","ABC_Conjecture","Catalan_Conjecture","Collatz_Problem","Goldbach_Conjecture","Lychrel_Numbers","A","B","C","D","E","F","G","H","I","J","K","L","M","N","O","P","Q","R","S","T","U","V","W","X","Y","Z","Mersenne","Primality_Tests","Bibliographies","Books","Journals","Preprint_Archives","Theses","Pari-GP","UBASIC","Past_Events","Journals","Fast_Fourier_Transforms","Commercial_Sites","Directories","FAQs,_Help,_and_Tutorials","Research_Groups","Researchers","Software","Book_and_Journal_Publishers","National_Societies","Special_Interest_Groups","Past_Events","Biographies","Personal_Pages","Directories","Collections","International","National","Online_Contests","Regional_and_School","Singh's_Code_Book_Challenge","Training","Monty_Hall","Tower_of_Hanoi","Problem_of_the_Week","0_-_Zero","Fibonacci_Numbers","Infinity","Integers","Pi","e","phi","Slide_Rules","Gnuplot","People","Companies","Conferences","Software","Calendars","Past_Conferences","Series","Academic_Departments","Journals","ActiveX_and_.Net","Distributions","Excel_Add-In","Minitab","Regression_and_Curve_Fitting","S","SPSS","Time_Series_Analysis","Calendars","Past_Events","Series","Research_Oriented","Courses","Departments","Australia","Austria","Canada","France","Germany","Ireland","Italy","Russia","South_Africa","Switzerland","United_Kingdom","United_States","University_Manuals","Holography","Lasers","Egg_Drop_Contest","Secondary","College_and_University_Physics","Free_Electricity","People","Transportation","Past_Conferences","Alvarez,_Luis","Bohr,_Niels","Einstein,_Albert","Faraday,_Michael","Hooke,_Robert","Newton,_Isaac","Tesla,_Nikola","Calendars","Past_Events","Journals","Quantum","Journals","Alternative","Cold_Fusion","Inertial","Magnetic","Organizations","Publications","Research_Centers","Optical_Computing","Cosmic_Rays","Experiments","Meetings","Accelerators","CERNLIB","Laboratories","Institutes","Quantum_Mind","Feynman,_Richard","Heisenberg,_Werner","Chromodynamics","Conformal","Courses","Electrodynamics","Gravitation","Kaluza-Klein_Theories","Superstrings","Supersymmetry","Topological","Education","Observations","Simulations","Thermodynamics","Wormholes","Hawking,_Stephen","BS","HIPERLAN-1","IEC","ISO","MPEG-4","NMEA","National_Electrical_Code","SOI_TN_94-116","TD-SCDMA","UNSPSC","Weather_Icons","Regional","Education","Testing_Services","Products_and_Services","Digital","Products_and_Services","Video","Products_and_Services","Consultants","Reference_Laboratories","Supplies","Testing_Services","Journals","Lunar_Landing","Africa","Asia","Europe","Middle_East","North_America","Oceania","South_America","Biological_Anthropologists","Boas,_Franz","Cultural_Anthropologists","Linguistic_Anthropologists","Journals","Organizations","Forensic_Anthropology","Journals","Organizations","Ethnography","Journals","Media_Culture","Methods_and_Techniques","Organizations","Visual_Anthropology","Ape_Sign_Language","Sapir-Whorf_Hypothesis","Africa","Ancient_Egypt","Asia","Distance_Learning","Europe","Middle_East","North_America","Oceania","Ancient_Contact","Archaeoastronomy","Biblical","Egypt","Lost_Civilizations","Magazines_and_E-zines","Megaliths","North_America","Planetary_Grids_and_Ley_Lines","Popular_Authors","South_America","Africa","Archaeoastronomers","Archaeobotanists","Asia","Bioarchaeologists","Caribbean","Central_America","Egyptologists","Europe","Geoarchaeologists","Middle_East","North_America","Oceania","South_America","Zooarchaeologists","Africa","Asia","Europe","Middle_East","North_America","Oceania","Africa","Archaeobotanists","Europe","Geoarchaeologists","Laboratories","North_America","Oceania","South_America","Zooarchaeologists","Africa","Asia","Caribbean","Central_America","Europe","Middle_East","North_America","Oceania","South_America","Underwater","People","Dating","Surface_Surveys_and_Field_Walking","Africa","Asia","Caribbean","Europe","Middle_East","North_America","Oceania","South_America","Anasazi-Hisatsinom","Ancient_Egypt","Celtic","Etruscan","Harappan","Hellenistic","Inca","Jomon","Medieval","Mesoamerican","Minoan_and_Mycenaean","Paleoindian","Post-Medieval","Prehistory","Roman","Scythian","Sogdia","Dong_Son","Africa","Asia","Caribbean","Europe","Middle_East","North_America","Oceania","Roman","South_America","Africa","Asia","Caribbean","Central_America","Europe","Mediterranean","Middle_East","North_America","Oceania","South_America","Archaeoastronomy","Archaeobotany","Archaeological_Computing","Archaeometry","Bioarchaeology","Epigraphy","Ethnicity","Gender","Geoarchaeology","Landscape_Archaeology","Megaliths","Portable_Antiquities","Rock_Art","Underwater","Zooarchaeology","Associations","Directories","Programs_and_Research_Centers","Publications","Programs_and_Research_Centers","Publications","Central_Asian_Studies","Directories","East_Asian_Studies","Institutes","Journals","South_Asian_Studies","Southeast_Asian_Studies","British_Studies","Directories","Ethnic_Relations","Programs_and_Research_Centers","Publications","Russia_and_East_European_Studies","Directories","Institutes","Programs_and_Research_Centers","Publications","Directories","Institutes","Programs_and_Research_Centers","Publications","Programs_and_Research_Centers","Africa","Asia","Central_America","Europe","Middle_East","North_America","Oceania","Asia","Europe","North_America","Oceania","South_America","Education","Forensics","Academic_Departments","Directories","Glossaries","Organizations","Publications","Rhetoricians","United_Kingdom","Asia","Central_America","Europe","Middle_East","North_America","Oceania","South_America","APET","CEA","EEA","EPCS","Econometric_Society","European_Economic_Association","INFER","Midwest_Econometrics_Group","Society_on_Computational_Economics","Inequality","Consultants","Institutes","Microfinance","Organizations","People","Publications","People","Publications","Software","News_and_Media","Capitalism","Islamic_Economic_System","Publications","Institutes_and_Councils","Interactive_Activities","Software","Journals","People","Currency_and_Money","Institutes","Organizations","People","Publications","Consultants","Auction_Theory","Conferences","Evolutionary_Game_Theory","Experimental_Economics","History_of_Game_Theory","Industrial_Organization","Institutes","Journals","People","Official_Statistics","Publications","Consultants","Labor_Research_Institutes","Publications","Consultants","Federal_Reserve_FOMC","Macroeconomists","Publications","Computational_Equilibrium_Analysis","General_Equilibrium_Analysis","People_and_Organizations","Welfare_Economics","Akerlof,_George","Alchian,_Armen","Allais,_Maurice","Arrow,_Kenneth","Bastiat,_Frederic","Becker,_Gary_S","Buchanan,_James","Burns,_Terence","Cantillion,_Richard","Coase,_Ronald_H","Colbert,_Jean_Baptiste","Directories","Doctoral_Students","Economist_Journalists","Fogel,_Robert_W","Friedman,_Milton","Galbraith,_John_Kenneth","George,_Henry","Greenspan,_Alan","Henderson,_David","Humor","Institutional_Economics","International_Economics","Jevons,_William_Stanley","Kahneman,_Daniel","Keynes,_John_Maynard","Knight,_Frank_H","Krugman,_Paul","Kuznets,_Simon","Labor_Economics","Lucas,_Robert","Malthus,_Thomas_Robert","Marshall,_Alfred","Malynes,_Gerard_de","Mas-Colell,_Andreu","McFadden,_Daniel","Meltzer,_Allan","Molinari,_Gustave_de","Mun,_Thomas","Nobel_Prize_Winners","Petty,_Sir_William","Political_Economics","Prescott,_Edward_C","Professional_Economists","Quesnay,_François","Ricardo,_David","Robbins,_Lionel","Robinson,_Abraham","Robinson,_Joan","Sachs,_Jeffrey","Saint-Simon,_Henri_de","Samuelson,_Paul","Say,_Jean-Baptiste","Schumpeter,_Joseph_Alois","Sen,_Amartya","Simon,_Julian","Smith,_Adam","Smith,_Vernon","Sowell,_Thomas","Spence,_Michael","Sraffa,_Pierro","Steuart,_Sir_James","Stigler,_George_J","Stiglitz,_Joseph","Sumner,_William_Graham","Turgot,_Anne","University_Economists","Veblen,_Thorstein","Viner,_Jacob","Walras,_Leon","Institutes","Publications","Asian_Issues","Business","Directories","Federal_Reserve_System","Austrian_School","Chicago_School","Classical","Historical_Schools","Keynesian","Marxian","Neoclassical","Pre_Classical","Public_Choice_School","Stadiums_and_Arenas","Publications","People","Publications","Community_Supported_Agriculture","Academic_Departments","Filipino_American_Studies","Korean_American_Studies","Academic_Departments","Chicano_Studies","Institutes","Journals","Languages_and_Literatures","Map_Societies","Services","Colleges_and_Universities","K_through_12","Data","Directories","Education","Employment","Events","FAQs,_Help,_and_Tutorials","Implementations","Organizations","Publications","Research_Centers","Services","Software","Publications","National_Geographic_Society","Mountains","History","Regional","Associations","Language_Acquisition","Programs","Conferences","Bilingual_Education","Code_Switching","Diglossia","Conferences","Corpus_Analysis","Education","Part_of_Speech_Tagging","Research_Groups","Journals","Professional_Organizations","2002","2003","2004","2008","2005","2006","2007","2009","Multi-Language","Egyptian_Hieroglyphs","Linear_B","Proto-Language","Constructed","Education","Natural","Grammars","Chomsky,_Noam","White,_Lydia","Grice,_Herbert_Paul","Jackendoff,_Ray_S.","Krashen,_Stephen","Lakoff,_George","Goad,_Heather","McCarthy,_John","Institutions_and_Organisations","International_Phonetic_Alphabet","Software","Tutorials","Conversational_Implicature","Discourse_Analysis","Speech_Acts","Journals","Online_Publications","Researchers","Dynamic_Semantics","Generative_Semantics","Lexical_Semantics","Metaphor","Questions","Semantics_and_Pragmatics","Situation_Semantics","Bibliographies","Biosemiotics","Journals","Media_Semiotics","Organizations","Semioticians","Semiotics_of_Culture","Semiotics_of_Sound","Textual_Semiotics","Visual_Semiotics","Academic_Departments","Associations","Directories","Journals","Mailing_Lists","Tools","Online_Articles","The_Memo_Pages_of_Grounded_Theory","Theses_and_Abstracts","Publications","Tools","Europe","North_America","Oceania","Publications","Academic_Courses","Publications","Theory","Student_Associations","Subnational_and_Regional","Conservatism","Political_Philosophers","Huntington,_Samuel","Laski,_Harold","A","B","C","D","E","F","G","H","I","J","K","L","M","N","O","P","Q","R","S","T","U","V","W","X","Y","Z","Ecommerce_Policy","Publications","Ecopsychology","Handwriting_Analysis","Neuro_Linguistic_Programming","New_Age","Parapsychology","Phrenology","Academic","Regional","Academic_Programs","Books","Journals","Products_and_Services","Associations","Journals","Feral_Children","People","Publications","Academic_Programs","Client-Centered_Therapy","Journals_and_Publications","Rehabilitation_Psychology","Religion-Based","Associations","Cognitive_Modelling","Cognitive_Neuroscience","Demonstrations_and_Tutorials","Journals","Memory","People","Research_Groups","Software","Destination_Imagination","Odyssey_of_the_Mind","People","Dream_Art","Dream_Journals","Dream_Sharing","Interpretation","Lucid_Dreams","Products_and_Services","Theories_and_Research","Personal_Pages","Careers","Outreach","Tutorials","Educational_Psychology","School_Psychology","Academic_Programs","Mate_Selection","Organizations","People","Publications","Research_Groups","Brain_Fingerprinting","Polygraphy","Books","Gender","Bender_Gestalt_Test","Gestalt_Laws","Gestalt_Therapy","Isomorphism","People","Associations","Career_Tests","Human_Factors_and_Ergonomics","Publications","Emotional_Intelligence","IQ_Tests","Associations","Journals","People","Practices","Chats_and_Forums","Enneagram","Five-Factor_Model","Keirsey_Temperament_Sorter","Myers-Briggs_Type_Indicator","Organizations_and_Associations","Publications","Socionics","Tests","Software","Adlerian","Eriksonian","Freudian","Jungian","Lacanian","Organizations","Personal_Pages","Self_Psychology","Training_and_Academic_Programs","Christian_Integration","Conferences","Education","Journals","Neurotheology","Organizations","People","Religious_Experience","Books","Methodology","Software","Statistics","Writing","Color","Experiments_and_Labs","Synaesthesia","Academic_Departments","Internet_Psychology","Journals","Organizations","People","Persuasion_and_Social_Influence","Online_Experiments","Products_and_Services","Psychometrics","Books_and_Tapes","Transpersonal_Arts","Wilber,_Ken","Australia","Canada","Ireland","New_Zealand","South_Africa","United_Kingdom","United_States","Africa","Asia","Europe","North_America","Oceania","Academic_Departments","Hall,_Stuart","Australia","Brazil","Canada","Germany","Hong_Kong","South_Africa","United_Kingdom","United_States","Academic_Departments","Professional_Associations","Burnham,_Daniel","Calthorpe,_Peter","Duany,_Andres","Gans,_Herbert","Garreau,_Joel","Geddes,_Patrick","Hayden,_Dolores","Howard,_Ebenezer","Kemmis,_Daniel","Krier,_Leon","Lynch,_Kevin","McHarg,_Ian","Moses,_Robert","Mumford,_Lewis","Rybczynski,_Witold","Students","Whyte,_William_H.","Metropolitan_Planning_Organizations","Acoustical_Holography","Acousto-Optics","Devices","Institutes_and_Universities","Organizations","Publications","Resources","Sonochemistry","Sonoluminescence","Therapeutic_Ultrasound","Ultrasonic_Motors","Aerodynamics","Air_Traffic_Control","Conferences","Guidance_Systems","Helicopters","History","Human_Powered","Lighter_Than_Air","Multimedia","Organizations","Ornithopters","Publications","Safety_of_Aviation","Theory","American_Institute_of_Aeronautics_and_Astronautics","Cartilage_Repair","Products_and_Services","Academic_Departments","American_Institute_of_Chemical_Engineers","Organizations","Process_Simulation","Units_Conversion_Programs","Associations","Consultants","Education","Events","Foundations","Publications","Research","Resources","Slope_Stability","Software","Soil_Erosion","Soil_Stabilization","Test_Facilities","Canals","Roads","Tunnels","People","American_Society_of_Civil_Engineers","Decision_Theory","Synergetics","Systems_Science","Anthropocybernetics","Biological","Educational","Medical","Quantum-Cybernetics","Socio-Cybernetics","Technical","Books","Journals_and_Magazines","History_and_Biographies","Academic_Departments","Mobile_Systems","Theory","Academic_Departments","Data_Coding_and_Compression","Demos","Edge_Detection","Image_Segmentation","Image_and_Video_Databases","Personal_Pages","Research_Labs","Software","Standards","Electronic_Design_Automation","High_Level_Synthesis","Asynchronous","Chip_Design_Service_and_Consulting","Circuit_Simulation","Design_Education","Design_Groups","Digital_Design","Digital_Simulation_Models","Display_Technology","EDA_Tool_Vendors","Hardware_Description_Languages","Intellectual_Property","PCB_Design","Package_and_Assembly","RF_and_Wireless","Sensor_and_Interface_Design","System_Design","Verilog_and_VHDL_Tools","Generators","Institute_of_Electrical_and_Electronics_Engineers","Application_Notes_and_Data_Sheets","BASIC_Stamp","Chip_Directory","Circuit_Archives","Obsolete_Component_Sources","Receiver_and_Antenna_Theory","Semiconductors","Theory_and_Math","Theory_of_Measurements","Vacuum_Tubes","Wire_Tables","Digital_Audio_Broadcasting_-_DAB","Digital_Signal_Processing_-_DSP","Schools_and_Instruction","Education","Software","Trade_Publications","Micro_CHP","Organizations","Past","Building_Energy_Efficiency","Organizations","Products","External_Combustion_Engines","Fuel_Cells","Heat_Pumps","Internal_Combustion_Engines","Tesla_Turbines","Thermoelectrics","Thermophotovoltaics","Utilities_Deregulation","Coal","Methane_Hydrates","Oil_and_Gas","Organizations","Education","Chats_and_Forums","News","Production","Storage","Applications_in_Space","Institutions","Nuclear_Fuel","Nuclear_Waste","Power_Plants","Safeguards","Safety_and_Accidents","Biomass_and_Biofuels","Home-Made_Power","Hydro","Ocean_Sources","Solar","Wind","Weblogs","Antimatter","Batteries","Capacitors","Compressed_Air","Flywheels","Liquid_Nitrogen","Pumped_Storage","Superconducting","Thermal","Compressed_Air","Electric_Vehicles","Natural_Gas_Vehicles","Perpetual_Motion","Universities","BSE_-_Bovine_Spongiform_Encephalopathy","Testing_Services","Bureau","Electrical","Institutes","Rapid_Prototyping","Aerogels","Professional_Societies","Admixtures","Geogrids","Geomembranes","Geotextiles","Academic_Departments","Journals","Plastic","Processing","Research_Centers_and_Laboratories","Instruments_and_Supplies","Research_Centers_and_Laboratories","Europe","United_States","Directories","Organizations","Software","Standards","Companies","Aerospace","Fluid_Flow","Thermal","Academic_Departments","Metal_Joining","Instruments","Reference_Laboratories","Testing_Services","Directories","United_Kingdom","Research_Institutes","Equipment","Europe","North_America","Oceania","Associations","How_To","Safety","Structural_Engineering","Filter_Design","Power_Distribution","Printed_Circuit_Boards","Reliability_Engineering","CAD_Integration","CFD","Directories","People","Pre-_and_Postprocessors","Chats_and_Forums","Essays_and_Manifestos","Games","Life_Support","Living_Universe_Foundation","Magazines_and_E-zines","Mars","Moon","Projects_and_Companies","Terraforming","Directories","Video_and_Audio","Experimental_and_Futuristic","X-prize","Manned","Unmanned","Astronauts","Centers","Discovery_Program","Education","Explorers_Program","Images_and_Movies","Missions","News","Research","Shuttle","Technology_Transfer","Utilities","European_Space_Agency_-_ESA","Military","Mars_Society","Mailing_Lists_and_Newsletters","Communications","Navigation","Accidents","Astronauts","Buran,_Russian_Space_Shuttle","Current_Events","External_Tank","Missions","Academic_Departments","Associations","Failures","History","Publications","Rehabilitation","Research_Centers","Software","Structures","Aswan","Failures","Grand_Coulee","History","Hoover","Organizations","Control","Products_and_Services","MPEG-2","Baird,_John_Logie","Traffic_Management","Dual_Mode","Personal_Rapid_Transit","Society_of_Automotive_Engineers","Anomalies_and_Alternative_Science","Earth_Sciences","Life_Sciences","Social_Sciences","Engineering_and_Technology","Geology","Historians_of_Science","Institutions","Journals","Medicine","People","Psychology","Creationism","Courses"
