"Animals","Animal_Rescue","Discovery_Channel's_Shark_Week","Dog_TV","Dogs_With_Jobs","Emergency_Vets","Miracle_Pets","Planet's_Funniest_Animals,_The","Tatum's_Wildlife_Heroes","Autopsy","Blue_Planet,_The","Catalyst","Human_Face","Jack_Horkheimer_-_Star_Gazer","Jane_Goodall_-_Reason_for_Hope","Nature","North_Mission_Road","Nova","Quantum","Real_Science","Runaway_Universe","Savage_Earth","Science_of_Secrecy,_The","Scientific_American_Frontiers","Secrets_of_the_Sequence","Sky_at_Night,_The","Smallpox_2002_-_Silent_Weapon","Springboard","Stephen_Hawking's_Universe","Under_the_Waves","Astronomy_and_Space","Images_from_Space","Solar_System","Activities_and_Games","Earth","Events","Jupiter","Mars","Mercury","Moons","Neptune","Pluto","Saturn","Sun","Uranus","Venus","Chemistry","Chemists","Babcock,_Stephen_Moulton","Dalton,_John","Alder,_Kurt","Agre,_Peter","Carbon","Hydrogen","Nitrogen","Oxygen","Games","Periodic_Tables","Environment","Acid_Rain","Biodiversity","Deforestation","Desertification","Global_Warming","Ozone_Layer","Renewable_Energy","Solar","Wind","Water_Resources","Experiments","Homework_Help","Living_Things","Birds","Conservation","Directories","Fish","Invertebrates","Mammals","Marine_Life","Organizations","Zoos","Origins_of_Life","Human_Evolution","Aquatic_Plants","Measurement","Physics","Amusement_Parks","Atoms,_Nuclei_and_Particles","Electricity_and_Magnetism","Energy","Everyday_Things","Heat_and_Thermodynamics","Light_and_Optics","Motion_and_Forces","Coriolis_Effect","Gravity","Physicists","Curie,_Marie","Curie,_Pierre","Einstein,_Albert","Faraday,_Michael","Galileo","Newton,_Isaac","Roentgen,_Wilhelm","Relativity","Sound_and_Acoustics","Sports","Structure_and_Properties_of_Matter","Ampere,_Andre_Marie","Carver,_George_Washington","Copernicus,_Nicolaus","Darwin,_Charles","Fleming,_Alexander","Franklin,_Benjamin","Galton,_Francis","Nobel,_Alfred","Pascal,_Blaise","Pasteur,_Louis","Salk,_Jonas","Model_Bridge_Building","Hydroelectricity","Bicycles","The_Earth","Biomes","Marine_Habitats","Rainforests","Erosion","Wind","Geologic_Time","Glaciers_and_Ice_Ages","Tsunamis","Natural_Disasters_and_Hazards","Avalanches","Bushfires_and_Wildfires","Floods","Landslides","Tides","Prehistoric_Times","Animals","Fossils","People","The_Atmosphere","Climate","Optical_Effects","Weather","Dihydrogen_Monoxide","Psychology","Agriculture","Math","Biological_and_Environmental_Sciences","Engineering","Physical_and_Chemical_Sciences","Agriculture","Anthropology","Archaeology","Cyprus","Egyptology","Greece","United_Kingdom","Biology","Earth_Science","Medical","Asia","Europe","North_America","Canada","United_States","Natural_History","Europe","United_Kingdom","North_America","Canada","United_States","Oceania","Physics","Psychology","Technology","Computers","Horology","Industry","Mining","Agriculture","Animals","Poultry","Chickens","Ducks","Quail","Game_Birds","Ratites","Insects","Bees","Publications","Mammals","Cattle","Dairy","Pigs","Snails","Waste_Management","Worms","Suppliers","Vermicomposting","Databases","Conferences","Past_Events","Directories","Education","Cooperative_Extension","Field_Crops","Associations","Barley","Pests_and_Diseases","Corn","Millets","Oats","Pests_and_Diseases","Rice","Associations","Basmati_Patent_Dispute","Pests_and_Diseases","Rye","Pests_and_Diseases","Sorghum","Pests_and_Diseases","Triticale","Pests_and_Diseases","Pests_and_Diseases","Pearl_Millet","Pests_and_Diseases","Fiber_Crops","Abaca","Cotton","Pests_and_Diseases","Flax","Industrial_Hemp","Ramie","Lentils","Pests_and_Diseases","Chick_Pea","Pests_and_Diseases","Peanut","Pests_and_Diseases","Pests_and_Diseases","Pea","Pests_and_Diseases","Bean_-_Phaseolus","Broad_Bean","Cowpea","Cassava","Pests_and_Diseases","Sweetpotato","Pests_and_Diseases","Sugar_Beet","Pests_and_Diseases","Onion","Taro","Yam","Pests_and_Diseases","Potato","Pests_and_Diseases","Oilseeds","Canola_and_Oilseed_Rape","Pests_and_Diseases","Sunflower","Sugarcane","Pests_and_Diseases","Pests_and_Diseases","Pests_and_Diseases","Grassland,_Hay_and_Forage","Alfalfa","Pests_and_Diseases","Ryegrass","Forestry","Academic_Departments","Arboriculture","Bamboo","Pests_and_Diseases","Publications","Research_Centers","Urban_Forestry","Silviculture","Essential_Oils","History","Horticulture","Fruits","Cocoa","Almond","Apple","Cane_Fruits","Citrus_Fruits","Pests_and_Diseases","Banana","Pests_and_Diseases","Fig","Nuts","Cashew","Coconut","Pecan","Olive","Prune_Fruits","Pear","Currants_and_Gooseberries","Strawberry","Pests_and_Diseases","Hydroponics","Ornamentals","Pests_and_Diseases","Propagation_and_Nursery_Practice","Publications","Spices","Turfgrass","Chats_and_Forums","Vegetables","Asparagus","Consultants","Cucurbits","Pests_and_Diseases","Organic","Pests_and_Diseases","Soils_and_Nutrition","Protected_Cultivation","Brassicas","Tomato","Pests_and_Diseases","Beans","Salads","Eggplants","Peppers","Viticulture","Pests_and_Diseases","Edible_Fungi","Truffles","Common_Mushroom","Shiitake_Mushrooms","Herbs","Institutions","Academic_Departments","Research_Centers","Organizations","Pests_and_Diseases","Animal_Pests","Associations","Biological_Control","For_Specific_Crops","Integrated_Pest_Management","Weeds","Practices_and_Systems","Irrigation","Dryland_Farming","Precision_Farming","Differential_Correction","Education","Products_and_Services","Reduced_Tillage_Farming","Products_and_Services","Consultants","Seed_Testing","Publications","Journals","Soils","Academic_Departments","Erosion","Wind","Instruments_and_Supplies","Publications","Soil_Fertility_and_Fertilizers","Soil_Morphology,_Classification_and_Survey","Sustainable_Agriculture","Organic_Farming","Biointensive_Culture","Marketing","Viticulture","Aquaculture","Tilapia","Salmonids","Crustaceans","Shellfish","Finfish","Algaculture","Alligators","Crop_Plants","Coffee","Tea","Fisheries","Anadromous_and_Stream_Fish","Astronomy","Amateur","Amateur_Contributions_to_Science","Amateur_Telescope_Making","Dobsonian_Telescopes","Software","Astrophotography_and_CCD_Imaging","Images","Beginners","Binocular_Astronomy","Chats_and_Forums","Classifieds","Constellations","Deep_Sky_Observing","Observatories","Organizations","Africa","Asia","Directories","Europe","United_Kingdom","North_America","Canada","United_States","Oceania","South_America","Product_Reviews","Radio_Astronomy","Satellites","Tracking_Software","Sky_Calendars","Sky_Maps_and_Atlases","Solar_System_Observing","Asteroids","Comets","Jupiter","Mars","Mercury","Moon","Sun","Spectroscopy","Star_Parties","Telescope_Owner_Resources","Chats_and_Forums","Associations","Business","Domes_and_Observatories","Educational_Resources","Stargazing_Events","CCD_Cameras","Dealers","Manufacturers","Sundials","Cosmology","Courses_and_Tutorials","Cosmic_Background_Radiation","Research_Groups","History","Software","Inflation","Cosmological_Constant_and_Dark_Energy","Earliest_Universe","String_Cosmology","Nucleosynthesis","Large-Scale_Structure","Articles","Dark_Matter","Eclipses","2001","Occultations","Transits","Education","Extrasolar_Planets","Extraterrestrial_Life","Exobiology","Panspermia","SETI","Optical","SETI_at_Home","Groups","Milky_Way","History","Eclipses,_Occultations_and_Transits","Instruments","People","Cassini,_Giovanni","Chandrasekhar,_Subrahmanyan","Herschel,_Sir_William","Huygens,_Christiaan","Kepler,_Johannes","Rømer,_Ole","Sagan,_Carl","Solar_System","Institutions","Academic_Departments","Observatories","Future","Optical_and_Infrared","X-ray_and_Gamma-ray","Gamma-ray","Compton_Gamma_Ray_Observatory","Gravitational_Waves","Optical_and_Infrared","Hubble_Space_Telescope","International_Facilities","Large_Telescopes","Radio","Teaching_and_Public","Ultraviolet","X-ray","Planetariums","Associations","Europe","North_America","Australia","Products_and_Services","South_America","Research_Centers","Popular_Topics","Software","Computational_Astrophysics","Solar_System","Asteroid_Belt","Conferences","Dwarf_Planets","Ceres","Eris","Planet_Controversy","Kuiper_Belt","Oort_Cloud","Planets","Jupiter","Moons","Mars","Life_on_Mars","Mercury","Small_Bodies","Asteroids","Comets","Comet_Hale-Bopp","Comet_Hyakutake","Comet_Lee","Images","Meteors","Radio_Observations","Near_Earth_Objects","Near_Misses","Observatories","Observatories","Aurora","Sun-Earth_Interaction","Stars","Names","Stellar_Evolution","Variable_Stars","Anomalies_and_Alternative_Science","Aerial_Anomalies","Flying_Rods","Alchemy","Anomalous_Objects","Anomalous_People","Anomalous_Sounds","Planetary_Anomalies","Sirius_and_the_Dogon","Chats_and_Forums","Creationism","Cryptozoology","Chupacabra","Globsters_and_Carcasses","Mothman","Organizations","Publications_and_Newsletters","Champ_of_Lake_Champlain","The_Loch_Ness_Monster","Earth_Lights","Flat_Earth","Geology,_Alternative","Velikovsky,_Immanuel","Historical_Anomalies_and_Revisionism","Afrocentrist_Models","Magazines_and_E-zines","Orgone_Energy","Orgone_Generators,_Orgonite_and_Radionics","Chats_and_Forums","Vendors_and_Suppliers","Traditional_Orgonomy","Personal_Pages","Research","Spontaneous_Human_Combustion","Technology","The_Philadelphia_Experiment","Voynich_Manuscript","Research","Opposing_Views","Image_Galleries","Weather_Control","Biology","Associations","Biochemistry_and_Molecular_Biology","Associations","Africa","Asia","Europe","North_America","Oceania","South_America","Biomolecules","Journals","Research_Groups","Journals","Nucleic_Acids","DNA","RNA","Software","Proteins_and_Enzymes","Associations","Journals","Products_and_Services","Proteomics","Software","Structure","Research_Groups","Directories","Education","Gene_Expression","Databases","Journals","Products_and_Services","Contract_Services","Reagents_and_Kits","Testing_Services","Products_and_Services","Research_Groups","Retroviral","Software","Epigenetics","Academic_Departments","Asia","Europe","North_America","Meetings","Clinical","Associations","Journals","Enzyme_Kinetics","Publications","Research_Groups","Arrays","Software","PCR","Amplified_Fragment_Length_Polymorphism","In_Situ_PCR","RNA_to_DNA_Amplification","Real_Time_PCR","Software","People","Products_and_Services","Instruments","Micro_Scale","Reagents_and_Kits","Testing_Services","Publications","Books","Journals","Magazines_and_E-zines","Software","Bioinformatics","Companies","Drug_Discovery","Hardware_and_Instrumentation","Services","Directories","Education","Employment","Hardware","Online_Services","Ecological_Databases","Gene_Expression_and_Regulation","Genome_Databases","Homology_Detection","Molecular_Biology_Tools","Phylogenetic_Analysis","Protein_Analysis","Publications","Journals","Research_Groups","Individuals","Software","Software_Development","Biomechanics","Associations","Biophysics","Publications","Personal_Pages","Products_and_Services","Biotechnology","Agriculture_and_Food","Products_and_Services","Contract_Services","Testing_Services","Associations","Directories","Education","Academic_Departments","Research_Centers","Meetings","Portals","Products_and_Services","Consultants","Contract_Services","Instruments","Testing_Services","Reagents_and_Kits","Publications","Journals","Reference","Associations","Directories","Institutions","Journals","Products_and_Services","Botany","Associations","Bryology","Dendrology","By_Region","Tree_Identification","Education","Ethnobotany","Institutions","Botanical_Gardens_and_Arboreta","Asia","Europe","Africa","South_America","Central_America","Oceania","Herbaria","Phenology","Phycology","Associations","Conferences","Publications","Books","Journals","Plant_Physiology","Associations","Conferences","Education","Instrumentation","Publications","Journals","Research_Groups","Publications","Journals","Tissue_Culture","Cell_Biology","Directories","Meetings","Cell_Culture","Organelles","Mitochondrion","Ribosome","Organizations","Products_and_Services","Contract_Services","Instruments","Reagents_and_Kits","Reference_Laboratories","Publications","Journals","Cryobiology","Cryonics","Humor","Sperm,_Ova,_Embryo_Storage","Umbilical_Cord_Stem_Cell_Storage","Developmental_Biology","Associations","Directories","Education","Academic_Departments","Research_Groups","Meetings","Amphibians","Fish","Insects","Mammalian","Nematodes","Plants","Sea_Urchin","Publications","Directories","Ecology","Aquatic_Ecology","Consultants","Coral_Reefs","Mangrove_Forests","Seagrass_Meadows","Personal_Pages","Associations","Biogeography","Consultants","Ecotoxicology","Conferences","Radioecology","Ecosystems","Namib_Desert","Sonoran_Desert","Forest","Canopy_Research","Wetlands","Peatlands","Fire_Ecology","Landscape_Ecology_and_Spatial_Analysis","Microbial_Ecology","Molecular_Ecology","Personal_Pages","Long-Term_Ecological_Research_Network_-_LTER","Restoration_Ecology","Consultants,_Services,_and_Materials","Soil_Ecology","Wildlife_Ecology_and_Management","Consultants","Personal_and_Class_Pages","Summer_Research_Programs","Lesson_Plans","Employment","Job_Search","Staffing_Services","Evolution","Directories","Education","Human","Aquatic_Ape_Theory","Multiregional_Theory","Molecular","Publications","Journals","Software","Organizations","Personal_Pages","Flora_and_Fauna","A","Animalia","Acanthocephala","Acoelomates","Annelida","Hirudinea","Arthropoda","Arachnida","Chilopoda","Diplopoda","Merostomata","Myriapoda","Pycnogonida","Brachiopoda","Bryozoa","Cheilostomata","Cyclostomata","Phylactolaemata","Ctenostomata","Chordata","Aves","Cephalochordata","Fish","Urochordata","Echinodermata","Crinoidea","Echinoidea","Holothuroidea","Stelleroidea","Clypeasteroida","Ophiuroidea","Echiura","Gastrotricha","Gnathostomulida","Hemichordata","Kinorhyncha","Lophophorates","Minor_Protostomes","Mollusca","Aplacophora","Bivalvia","Cephalopoda","Gastropoda","Monoplacophora","Polyplacophora","Scaphopoda","Nematoda","Tylenchida","Rhabditida","Trichurida","Ascaridida","Spirurida","Triplonchida","Mermithida","Nematomorpha","Nemertea","Onychophora","Phoronida","Platyhelminthes","Trematoda","Cestoda","Porifera","Pseudocoelomates","Radiata","Cnidaria","Ctenophora","Rotifera","Sipuncula","Placozoa","Chaetognatha","Tardigrada","B","C","D","E","F","Fungi","Ascomycota","Helvellaceae","Helotiaceae","Bulgariaceae","Sclerotiniaceae","Dermateaceae","Nectriaceae","Discinaceae","Mycosphaerellaceae","Morchellaceae","Hemiphacidiaceae","Myxotrichaceae","Xylariaceae","Sarcoscyphaceae","Pleosporaceae","Sordariaceae","Pyronemataceae","Ajellomycetaceae","Sarcosomataceae","Cyttariaceae","Hyponectriaceae","Botryosphaeriaceae","Venturiaceae","Pezizaceae","Hypocreaceae","Ophiostomataceae","Leotiaceae","Elaphomycetaceae","Cudoniaceae","Lasiosphaeriaceae","Basidiomycota","Agaricales","Auriculariales","Boletales","Cantharellales","Ceratobasidiales","Cystofilobasidiales","Dacrymycetales","Filobasidiales","Hymenochaetales","Phallales","Polyporales","Russulales","Thelephorales","Tremellales","Tulasnellales","Uredinales","Ustilaginales","Geastrales","Tilletiales","Gomphales","Hysterangiales","Atheliales","Gloeophyllales","Techisporales","Chytridiomycota","Glomeromycota","Lichens","Zygomycota","Phycomycetaceae","Deuteromycota","Neocallimastigomycota","G","H","I","J","K","L","M","Monera","Archaea","Crenarchaeota","Euryarchaeota","Bacteria","Proteobacteria","Firmicutes","Actinobacteria","Spirochaetes","Fibrobacteres","Bacteroidetes","N","O","P","Plantae","Bryophyte","Anthocerotophyta","Bryophyta","Hepaticophyta","Coniferophyta","Araucariaceae","Cephalotaxaceae","Cupressaceae","Pinaceae","Podocarpaceae","Sciadopityaceae","Taxaceae","Taxodiaceae","Cycadophyta","Equisetophyta","Ginkgophyta","Gnetophyta","Ephedraceae","Lycopodiophyta","Magnoliophyta","Liliopsida","Magnoliopsida","Polypodiophyta","Marratiopsida","Marsileopsida","Ophioglossopsida","Polypodiopsida","Salviniopsida","Psilotophyta","Pteridophyta","Protista","Apicomplexa","Bacillariophyta","Chlorophyta","Codiaceae","Ulvaceae","Capsosiphonaceae","Prasiolaceae","Acrosiphoniaceae","Cladophorophyceae","Bryopsidaceae","Chlamydomonadaceae","Hydrodictyaceae","Goniaceae","Haematococcaceae","Trentepholiaceae","Chrysophyta","Ciliophora","Dinoflagellata","Euglenophyta","Foraminifera","Myxomycota","Trichiaceae","Myxozoa","Oomycota","Myzocytiopsidaceae","Haptoglossaceae","Phaeophyta","Sargassaceae","Laminariaceae","Cutleriaceae","Alariaceae","Phyllariaceae","Himanthaliaceae","Chordariaceae","Sporochnaceae","Scytosiphonaceae","Desmarestiaceae","Lessoniaceae","Rhodophyta","Sarcodiaceae","Rhodothamniellacae","Palmariaceae","Furcellariaceae","Ahnfeltiaceae","Gigartinaceae","Phyllophoraceae","Cystocloniaceae","Calosiphonaceae","Kallymeniaceae","Caulacanthaceae","Dumontiaceae","Gracilariaceae","Plocamiaceae","Polyidaceae","Petrocelidaceae","Bonnemaisoniaceae","Acrochaetiaceae","Melobesioideae","Areschougiaceae","Rhodymeniaceae","Halymeniaceae","Hypneaceae","Sarcomastigophora","Xanthophyta","Haptophyta","Radiolaria","Cryptophyta","Acrasiomycota","Q","R","S","T","U","V","Viruses","W","X","Y","Z","Genetics","Conferences","Education","Eukaryotic","Animal","Amphibia","Chicken","Fish","Mammal","Nematodes","Organizations","Transgenics_and_Cloning","Saccharomyces","Slime_Molds","Plant","Dicots","Monocots","Protists","Oomycetes","Trypanosome","Genomics","Functional","Products_and_Services","Glossaries","History","People","Avery,_Oswald_Theodore","Chargaff,_Erwin","Franklin,_Rosalind","Garrod,_Archibald","Hershey,_Alfred_Day","Lederberg,_Joshua","McClintock,_Barbara","Mendel,_Gregor","Morgan,_Thomas_Hunt","Nirenberg,_Marshall_W","Sturtevant,_Alfred_Henry","Sutton,_Walter_S.","Von_Tschermak,_Erich","Vries,_Hugo_de","Watson,_James_Dewey","Organelles","Organizations","Prokaryotic","Methanococcus","Bacteria","Agrobacterium","Bacilli","Escherichia_coli","Mycoplasma","Phage","Publications","Research_Centers","Software","Virus","Personal_Pages","Histology","Publications","Journals","History","People","Carson,_Rachel","Darwin,_Charles","Lamarck,_Jean-Baptiste","Pasteur,_Louis","Wallace,_Alfred_Russel","Immunology","Antibodies","Products_and_Services","Contract_Services","Associations","Cytokines","Products_and_Services","Education","Products_and_Services","Publications","Institutions","Academic_Departments","Meetings","Methods_and_Techniques","Microscopy","Microbiology","Associations","Environmental_Microbiology","Products_and_Services","Meetings_and_Conferences","Parasitology","Personal_Pages","Products_and_Services","Reference_Laboratories","Consultants","Protistology","Publications","Virology","Research_Centers","Mycology","Associations","Conferences","Endophytes","Publications","Journals","Neurobiology","Addiction","Organizations","People","Students_and_Postdocs","Publications","Education","News_and_Media","Weblogs","Physiology","Academic_Departments","Australia","Canada","New_Zealand","United_Kingdom","United_States","Angiogenesis","Auditory","Publications","Simulations","Tutorials","Blood_Circulation","Products_and_Services","Consultants","Contract_Services","Field_Biology","General_Distributors","Instrumentation","Living_Systems","Publications","Reference","Sociobiology","Memetics","Wilson,_Edward_O.","Software","Taxonomy","Cladistics","Publications","Journals","Theoretical_Biology","Associations","Journals","Toxicology","Associations","Directories","Institutions","Methods_and_Techniques","Products_and_Services","Consultants","North_America","Contract_Services","Reagents_and_Kits","Testing_Services","Publications","Software","Zoology","Academic_Departments","Animal_Behavior","Associations_and_Societies","Journals","Education","Personal_Pages","Arthropoda","Entomology","Associations","Coleopterology","Forensic_Entomology","Lepidopterology","Products_and_Services","Associations","Chordates","Herpetology","Organizations","Ichthyology","Mammalogy","Associations","Ornithology","Associations","Echinodermata","Malacology","Organizations","Personal_Pages","Publications","Journals","Zoos_and_Aquariums","Directories","United_Kingdom","Fan_Pages","North_America","Mexico","United_States","Oceania","Australia","New_Zealand","Webcams","Search_Engines","Chats_and_Forums","Chemistry","Academic_Departments","United_States","Africa","Analytical","Bioanalytical_Chemistry","Carbohydrates","Products_and_Services","Peptides","Associations","Products_and_Services","Research_Groups","Products_and_Services","Contract_Services","Instruments","Testing_Services","Research_Groups","Chemometrics","Associations","Publications","Research_Groups","Software","Conferences","Infrared_Spectroscopy","Products_and_Services","Mass_Spectrometry","Associations","Products_and_Services","Instruments","Supplies","Testing_Services","Publications","Research_Groups","Software","Products_and_Services","Consultants","Contract_Services","Supplies","Testing_Services","Asia","Europe","North_America","Oceania","Publications","Research_Groups","Education","Electrophoresis","Products_and_Services","Software","Gas_Chromatography","Products_and_Services","Liquid_Chromatography","Products_and_Services","Software","Products_and_Services","Instruments","Supplies","Publications","Size_Exclusion","Dialysis","Products_and_Services","Software","Catalysis","Associations","Events","Chemistry_Safety","Clinical_and_Medicinal_Chemistry","Academic_Departments","Research_Groups","Journals","Education","Computational","Molecular_Dynamics","Tutorials","Research_Groups","Companies","Conferences","Past_Conferences","Directories","Education","Chemistry_Olympiads","Labs_and_Demonstrations","Multimedia","Personal_and_Class_Pages","Electrochemistry","Corrosion","Courses","Testing_Labs","Instruments","Plating","Elements","Alkali_Earth_Metals","Alkali_Metals","Halogens","Lanthanides","Mercury","Metalloids","Noble_Gases","Nonmetals","Plutonium","Transactinides","Ununquadium","Uranium","Environmental_Chemistry","Products_and_Services","Instruments","Testing_Services","North_America","Consultants","Journals","Associations","Babcock,_Stephen_Moulton","Brønsted,_Johannes_Nicolaus","Davy,_Humphrey","Kamen,_Martin","Lavoisier,_Antoine","Priestley,_Joseph","Inorganic","Academia_and_Institutes","Inorganic_Compounds","Ionic_and_Covalent_Bonding","People","Structure","Molina,_Mario_J.","Rowland,_F._Sherwood","Nuclear_Magnetic_Resonance","Acronyms_for_NMR","Commercial_Companies","Instrument_Service","Magnet_Charging","Magnet_Service","NMR_Analysis_Services","NMR_Consumables","NMR_Probes","NMR_RF_Amplifiers","NMR_Repair_Parts","New_Instruments","RF_Components","Directories","Education","Library","Magnet_and_RF_Safety","Magnetic_Resonance_Imaging","Newsletters_and_News_Groups","Nuclear_Quadrupole_Resonance","Pulse_Sequences","References","Solid_State","Tables_of_Information","Chemical_Shifts_and_Coupling_Constants","NMR_Periodic_Tables","Solvent_Tables","Theory","Advanced_Topics","Basic_NMR_and_MRI_Theory","Interpretation_Theory","User's_Guides_and_Workbooks","Spectral_Interpretation_Workbooks","Low_temperature","Organic","Databases","Directories","Journals","Nomenclature","Personal_Pages","Process_Research_and_Development","Research_Groups","A","B","C","D","E","F","G","H","I","J","K","L","M","N","O","P","R","S","T","U","V","W","X","Y","Z","Software","Periodic_Table","Academia_and_Institutes","Personal_Pages","Consultants","Educational_and_Hobbyist","Chemical_Suppliers","Supplies","Chemicals_Made_to_Order","Laboratory_Reagents","Research_Groups","Software","Calculation","Equation_Balancing","Cheminformatics","Companies","Database","Development","Directories","Educational","Materials_Chemistry","Periodic_Table","Physical_and_Theoretical","Structural","Drawing","Visualization","Web_Publishing","Personal_Pages","Directories","Earth_Sciences","Atmospheric_Chemistry","Education","Meetings_and_Organizations","Modeling","Personal_Pages","Products_and_Services","Data","Publications","Research_Groups","Atmospheric_Physics","Data_Centers","United_States_Government","Field_Camps","K_through_12","Employment","Geochemistry","Databases","Geochemical_Analyses","Thermochemical","Economic_Geochemistry","Organizations","Products_and_Services","Publications","Geology","Academic_Departments","Geochronology","Geomorphology","Caves_and_Karst","Impact_Craters","Organizations","Organizations","Government_Geological_Surveys","Africa","Asia","Europe","Middle_East","Oceania","South_America","Petroleum","Consulting","Geophysical_Exploration","Professional_Organizations","Testing_Laboratories","Training_and_Technology_Transfer","Petrology","Publications","Rocks_and_Minerals","Gemstone","Igneous_Petrology","Gold","Metamorphic_Petrology","Meteorites","Minerals","Dealers","Optical_Mineralogy","Non-Metallic_Deposits","Rock_and_Mineral_Localities","Rockhounding","Sedimentary_Petrology","Software","Volcanoes","Cams","Directories","Images","Organizations","Personal_Pages","Research","Videos","Geomatics","Geodesy","Global_Positioning_System","Marine_and_Aviation","Land_Surveying","Associations","United_States","Equipment","National_Resources","Photogrammetry","Services","Remote_Sensing","Hyperspectral","Geophysics","Data_Centers","Earthquakes","Past_Earthquakes","Indian_Ocean_2004","Kashmir_2005","Preparedness","Seismicity_Reports","Meteorology","Climate","Urban","Education","Colleges_and_Universities","Government_Agencies","Imagery","Forecasts","Instruments","Storm_Chasing","Images_and_Videos","Personal_Pages","Tours","Weather_Phenomena","El_Niño_and_La_Niña","Forecasts","Alerts,_Reports,_and_Warnings","Thunderstorms_and_Lightning","Sprites_and_Jets","Tornadoes","Organizations","Natural_Disasters_and_Hazards","Floods","Warnings_and_Forecasts","News_and_Media","News_and_Media","Oceanography","Conferences","Data_Centers","Chile","Iran","Philippines","Journals","Libraries","Organizations","Consultants","Instruments","Software","Supplies","Vessel_Services","Projects","Paleogeography_and_Paleoclimatology","Paleontology","Academic_Departments","Amber","Art","Artists","Dinosaurs","By_Geological_Interval","Cenozoic","Mesozoic","Cretaceous","Jurassic","Triassic","Paleozoic","Cambrian","Carboniferous","Devonian","Proterozoic","Conferences","Databases","Collections","References","Collections","Organizations","Malacology","Directories","Extinction","Cretaceous-Tertiary","Impact_Theory","Permian-Triassic","Recent","Education","College_and_University","Dinosaurs","History_of_Life","Invertebrate_Paleontology","Pre-College","Dinosaurs","Famous_Localities","Burgess_Shale","Europe","Green_River","La_Brea","Lyme_Regis","Mazon_Creek","Messel_Oil_Shale","Morrison_Formation","North_America","Petrified_Forest","Rhynie_Chert","Solnhofen","Fossil_Collecting","Fossils","Legal_Issues","History","Bone_Wars","Invertebrates","Arthropods","Insects","Ostracods","Trilobites","Brachiopods","Bryozoans","Corals","Echinoderms","Crinoids","Graptolites","Mollusks","Bivalves","Cephalopods","Scaphopods","Gastropods","Sponges","Paleontologists","Micropaleontology","Diatoms","Dinoflagellates","Foraminifera","Radiolarians","Organizations","Paleontologists","Paleontologists","Products_and_Services","Art","Equipment","Models_and_Reproductions","Software","Publications","Books","Journals","Magazines_and_E-zines","Regional","Africa","Ethiopia","Kenya","Morocco","South_Africa","Asia","Japan","Europe","Austria","Belgium","Czech_Republic","France","Germany","Italy","Netherlands","Norway","Poland","Portugal","Romania","Russia","Spain","Switzerland","Turkey","United_Kingdom","Middle_East","Canada","United_States","Oceania","Australia","New_Zealand","Polar_Regions","Antarctica","South_America","Argentina","Research_Funding","Taphonomy","Vertebrate","Trace_Fossils","Vertebrates","Academic_Departments","Birds","Conodonts","Early_Tetrapods","Paleontologists","Fish","Sharks_and_Rays","Mammals","Artiodactyla","Carnivora","Cetacea","Chiroptera","Collections_and_Databases","Exhibits","Marsupials","Perissodactyla","Proboscidea","Rodents","Multituberculata","Paleontologists","Marine_Reptiles","Pterosaurs","Synapsids","Anapsids","Salientia","Diapsids","Dinosaurs","Collecting","Directories","Famous_Localities","Functional_Morphology","Individual_Taxa","Models","Movies","Parks","Taxonomy","Trace_Fossils","Paleontologists","Paleontologists","Organizations","Web_Rings","Paleobotany","Palynology","Rhyniophyta","Paleobotanists","Regional","Quaternary_Studies","Age-Dating_Techniques","Educational_Resources","Assessment","Curriculum_Development","Equipment","Experiments","Glowing_Pickles","Lesson_Plans","Mentoring_Programs","Organizations","Personal_and_Class_Pages","Science_Fairs","Ideas_and_Guides","Employment","Job_Search","Resumes","Staffing_Services","Organizations_and_Networks","Environment","Agriculture","Air_Quality","Acid_Deposition","Air_Dispersion_Modeling","Consultants","Software","Indoor_Air_Quality","Products_and_Services","Duct_Cleaning","Odor_Control","Ozone","Vehicle","Compliance_Support","Testing_Services","Radon","Biodiversity","Agricultural","Aquatic_Diversity","Clearing_Houses","Domestic_Animal_Diversity","On-Farm_Crop_Diversity","Seed_Savers","Conservation","Birds","Raptors","Captive_Breeding","Fish","Sharks","Invertebrates","Mammals","Bears","Felines","Hooved_Animals","Marine_Mammals","Plants","Reptiles_and_Amphibians","Sustainability","Consultants","Invasive_Species","Publications","Conferences","Education","Curriculum","Directories","In-School_Programs","Journals","Organizations","Outdoor_Programs","University-Level_Programs","Environmental_Policy","Environmental_Science","Environmental_Studies","Employment","Individual_Employers","Professional_Societies","Energy","Protective_Products","Emissions_Controls","Petroleum_in_the_Environment","Prestige","Products_and_Services","Environmental_Health","Endocrine_Disruptors","Products_and_Services","Consultants","Toxic_Substances","Environmental_Monitoring","Products_for_Sampling_and_Monitoring","Air","Soil_and_Sediment","Forests_and_Rainforests","Carbon_Cycle","Carbon_Management","Hazardous_Waste","Products_and_Services","Consultants","Remediation_Technology","Products_and_Services","Impact_Assessment","Assessment_Reports","Practitioners","Mining","Acid_Mine_Drainage","Mountaintop_Removal","Products_and_Services","Leaching","Tailings","Site_Reclamation","News_and_Media","Weblogs","Organizations","Governmental","Professional_Associations","Research_Institutes","Pollution_Prevention_and_Recycling","Materials_Exchanges","Building_Materials","Architectural_Antiques","Computer_Hardware","Products_and_Services","Consultants","Diversified","Asia","Europe","North_America","Oceania","Real_Property_Assessments","Software","Compliance_Support","Publications","Books","Journals","Sustainability","Agroforestry","Community_Sustainability","Brownfields_Utilization","Global_Sustainability","Industrial_Ecology","Education","Permaculture","Sustainable_Living","Green_Living_Tips","Personal_Pages","Water_Resources","Education","Groundwater","Arsenic_Contamination","Software","Aquifer_Testing","Wells_and_Pumps","Lakes_and_Ponds","Products_and_Services","Rainwater_Harvesting","Watershed_Councils","Stormwater","Household_Wastewater_Management","Products_and_Services","Biological_Aeration","Fats,_Oils_and_Greases","Lagoons_and_Oxidation_Ponds","Landfill","Monitoring_and_Metering","Particulate_Filtration","Sludges_and_Odors","Water_Quality","Wetlands","Mitigation_Banking","Climate_Change","Desertification","Impacts_and_Indicators","Animals","Ecosystems","Plants","Regional","Central_America","Europe","North_America","Oceania","Polar_Regions","Policy","Research_Centers","Ozone_Layer","Chats_and_Forums","Institutions","Academic_Departments","Associations","Regional","Africa","South_Africa","India","Europe","Croatia","Czech_Republic","Denmark","Germany","Netherlands","United_Kingdom","e-Science","Iran","Research_Funding_Organizations","Medical","Oncology","University_Laboratories_and_Research_Centers","Instruments_and_Supplies","Distributors","Isotopes","Analytical_Laboratories","NMR_Solvents","Lab_Consumables_and_Disposables","Lab_Furniture","Hoods","Lab_Notebooks_and_Record_Keeping","Software","Lab_Safety_Equipment","Lab_Space_or_Instruments_for_Lease_or_Rent","Laboratory_Automation_and_Robotics","Consultants","Journals","Professional_Associations","Software_and_Data_Manipulation","Symposia","Laboratory_Equipment","Data_Loggers_and_Recorders","Glass_Products_and_Accessories","Laboratory_Tubing_and_Fittings","Load_Cells","Mechanical_Research","Medical","Microscopes","Electron_Microscopes","Light_Microscopes","Scanning_Probe_Microscopes","Optical","Borescopes_and_Fiberscopes","Pipettors,_Automatic_and_Manual","Pressure_and_Flow_Sensors_and_Transducers","Radiation_Measurement","Monitors_and_Dosimeters","Research_and_Industrial","Refrigeration_and_Cold_Storage","Spectroscopy","Temperature_Sensors_and_Thermocouples","Used_and_Surplus","Vacuum","Central_Systems","Weighing_Devices_and_Scales","pH_Meters_and_Dissolved_Oxygen_Sensors","Laboratory_Computers_and_Software","Laboratory_Instrument_Service,_Calibration,_and_Repair","Laboratory_Waste_Management","Tribology_and_Lubrication","Math","Academic_Departments","Africa","South_Africa","Asia","Armenia","Bangladesh","Georgia","Sri_Lanka","Caribbean","Jamaica","US_Virgin_Islands","Europe","Belarus","Bulgaria","Croatia","Estonia","Latvia","Lithuania","Romania","Russia","Slovenia","Ukraine","United_Kingdom","Directories","Guides","Middle_East","North_America","Oceania","Fiji","South_America","Chile","Colombia","Algebra","Basic_Algebra","Events","Past_Events","Research_Groups","Conferences","Calendars","Past_Conferences","Education","Field_Theory","Geometric_Algebra","Research_Groups","Tables","History","People","Linear_Algebra","People","Publications","Research_Groups","Ring_Theory","REDUCE","Complex_Variable","Potential_Theory","Events","Past_Events","Functional_Analysis","Research_Groups","Open_Problems","People","Publications","Journals","Real_Variable","Research_Groups","Transform_Calculus","Applications","Communication_Theory","Coding_Theory","Events","People","Publications","Quantum_Codes","Research_Groups","Software","Tables","Events","Journals","People","Research_Groups","Events","Past_Events","Research_Groups","Complex_Systems","Abstract_Organisms","Gaia","Events","Evolution_and_Dynamics","Software","Journals","Modelling_Methods","Research_Groups","Control_Theory","Events","Past_Events","Institutions","Associations","Journals","People","Events","Calendars","Past_Events","Information_Theory","Academic_Departments","Conferences","Past_Conferences","Journals","Papers","People","Research_Groups","Societies","Mathematical_Biology","Events","Past_Events","Organizations","People","Research_Groups","Mathematical_Chemistry","Events","Past_Events","Publications","Research_Groups","Mathematical_Economics_and_Financial_Mathematics","Events","Past_Events","People","Publications","Journals","Research_Groups","Software","Mathematical_Geosciences","Events","Past_Events","Mathematical_Psychology","Events","Organizations","People","Publications","Journals","Research_Groups","Calculus","Calculus_of_Variations","History","Leibniz,_Gottfried_Wilhelm","Integral_Tables","Multivariable_Calculus","Software","Fractional_Calculus","Chaos_and_Fractals","Chaos","Journals","People","Fractal_Art","Web_Rings","Software","Tutorials","Chats_and_Forums","Combinatorics","Combinatorial_Game_Theory","Software","Design_Theory","Matroids","Software","Software","Events","Calendars","Past_Events","Graph_Theory","Past_Conferences","Open_Problems","People","Directories","Research_Groups","Software","Linear_Programming_and_Optimization","Differential_Equations","Difference_Equations","Events","Past_Events","Journals","Open_Problems","People","Research_Groups","Past_Events","People","Software","Directories","Education","Professional","Past_Events","Homework_Help","Magazines","Outreach","Personal_and_Class_Pages","Precalculus","Slide_Rules","Software","Assessment","Books_and_Worksheets","Employment","Events","Calendars","Events","Past_Events","People","Publications","Research_Groups","Computational_Geometry","Events","Past_Events","Publications","Books","Journals","Research_Groups","Education","Events","Past_Events","Higher_Dimensional","Non-Euclidean","Open_Problems","Historical","Euclid","Plane_Geometry","Polytopes","Higher_Dimensional","Polyhedra","Software","Projective","Publications","Books","Journals","Research_Groups","Solid_Geometry","Organizations","Bohr,_Harald_August","Erdös,_Paul","Euler,_Leonhard","Menger,_Karl","Napier,_John","Logic_and_Foundations","Computability","Computational_Logic","Automated_Reasoning","Logical_Frameworks","LF_Logical_Framework","Directories","Education","Game_Semantics","People","People","Cantor,_Georg","Frege,_Gottlob","Gödel,_Kurt","Turing,_Alan_Mathison","Zermelo,_Ernst","Institutions","Germany","United_Kingdom","Knowledge_Representation_and_Planning","Meetings","BLC","Calendars","ISMVL","Past_Conferences","Series","WoLLIC","People","Temporal_Logic","Organizations","People","Bibliographies","Books","Journals","Software","Mathematicians","Abbott_Abbott,_Edwin","Abel,_Niels_Henrik","Agnesi,_María_Gaetana","Aitken,_Alexander_Craig","Al-Biruni","Archimedes","Banach,_Stefan","Barrow,_Isaac","Bernoulli,_Daniel","Bessel,_Friedrich","Bolyai,_János","Cartan,_Élie_Joseph","Cauchy,_Augustin_Louis","Cavalieri,_Bonaventura","Cayley,_Arthur","Chebyshev,_Pafnuty","Clairaut,_Alexis_Claude","Cramer,_Gabriel","Dedekind,_Richard","Eudoxus_of_Cnidus","Fermat,_Pierre_de","Fibonacci,_Leonardo_Pisano","Fourier,_Joseph","Galois,_Évariste","Gauss,_Carl_Friedrich","Germain,_Sophie","Graunt,_John","Grothendieck,_Alexander","Hamilton,_William_Rowan","Huntington_,_Edward_Vermilye","Hôpital,_Guillaume_de_l'","Jacobi,_Carl_Gustav_Jacob","Kamil,_Abu","Nash,_John_F.,_Jr.","Personal_Pages","Wolfram,_Stephen","Number_Theory","Algebraic","Riemann_Hypothesis","Chats_and_Forums","Computational","Diophantine_Equations","Fermat's_Last_Theorem","Education","Elliptic_Curves_and_Modular_Forms","Software","Tables","Events","Series","Factoring","Division_Rules","Perfect_Numbers","Tables","Open_Problems","ABC_Conjecture","Catalan_Conjecture","Collatz_Problem","Goldbach_Conjecture","Lychrel_Numbers","People","Primality_Tests","Primality_Proving","Pseudoprimes","Publications","Bibliographies","Books","Journals","Preprint_Archives","Theses","Research_Groups","Pari-GP","UBASIC","Numerical_Analysis","Approximation_Theory","Companies","Events","Past_Events","Linear_Algebra","People","Publications","Research_Groups","Software","Directories","FAQs,_Help,_and_Tutorials","Research_Groups","Automatic_Differentiation","Operations_Research","Conferences","National_Societies","Special_Interest_Groups","Publications","Organizations","Alumni_Groups","Benford's_Law","Biographies","Personal_Pages","Teaching_Resources","Book_Publishers","Books","Journals","Multimedia","Newsletters","Online_Texts","Collections","Competitions","International","National","Online_Contests","Regional_and_School","Singh's_Code_Book_Challenge","Famous_Problems","Monty_Hall","Tower_of_Hanoi","Online","Flexagons","Games_and_Puzzles","Problem_of_the_Week","Magic_Square","Specific_Numbers","0_-_Zero","Fibonacci_Numbers","Infinity","Integers","Pi","Calculation","Poetry","e","phi","Tessellations","Reference","Prizes","Tables","Institutes","Open_Problems","Specialist_Groups","Slide_Rules","Companies","Events","Graphing","Gnuplot","MATLAB","MuPAD","Chats_and_Forums","Conferences","Calendars","Past_Conferences","Series","Education","Academic_Departments","Europe","Middle_East","Employment","Publications","ActiveX_and_.Net","Excel_Add-In","Regression_and_Curve_Fitting","S","R","S-Plus","SPSS","Time_Series_Analysis","Calendars","Past_Events","Series","Knot_Theory","Research_Oriented","Open_Problems","Research_Groups","Software","Methods_and_Techniques","Imaging_Science","Organizations","Products_and_Services","Vehicle_Plate_Recognition","Scanning_Probe_Microscopy","Scientific_Method","Stereology","News_and_Media","Breaking_News","Radio_Programs","Weblogs","Physics","Academia","Two-Year_Colleges","Courses","Departments","Australia","Austria","Ireland","South_Africa","Switzerland","United_Kingdom","Alternative","Gravitation","Superluminal_Physics","Associations","Astrophysics","Institutions","Chats_and_Forums","Classical_Mechanics","Harmonic_Motion","Lagrangian_and_Hamiltonian_Mechanics","Computational","Condensed_Matter","Journals","Nanostructures","Phase_Transitions","Semiconductors","Surface_Science","Conferences","Crystallography","Directories","Education","Demonstrations","Directories","Lesson_Plans","Mailing_Lists","Mechanics","Nuclear_and_Particle_Physics","Personal_and_Class_Pages","Egg_Drop_Contest","Secondary","College_and_University_Physics","Publications","Research","Tutorials","Electromagnetism","Free_Electricity","Coilgun","History","Ampere,_André_Marie","Volta,_Alessandro","Ørsted,_Hans_Christian","Magnetic_Levitation","Transportation","Publications","Software","Terahertz","Employment","Fluid_Mechanics_and_Dynamics","Companies","Computational","Conferences","Past_Conferences","Galleries","Journals","People","Research_Groups","Software","History","People","Alvarez,_Luis","Bohr,_Niels","Hooke,_Robert","Instruments_and_Supplies","Educational","Mathematical_Physics","Events","Calendars","Past_Events","Publications","Statistical_Mechanics","Quantum","Medical_Physics","BNCT","Nuclear","Facilities","Alternative","Cold_Fusion","Inertial","Magnetic","Publications","Personal_Pages","Optics","Equipment_and_Instruments","Lasers","Optoelectronics","Personal_Pages","Research_Groups","Spectroscopy","Particle","Alternative","Astro_Particle","Cosmic_Rays","Experiments","Neutrino","Experiments","Meetings","Non_Accelerator","Publications","Research_Centers","Accelerators","Synchrotrons","Research_Groups","Software","CERNLIB","Physicists","Plasma","Space_Plasma","Software","Personal_Pages","Publications","Quantum_Mechanics","Quantum_Mind","Interpretations","Feynman,_Richard","Kaluza-Klein_Theories","Supersymmetry","Resources","Reference","Relativity","Alternative","Articles","Associations","Black_Holes","Education","Observations","Simulations","Thermodynamics","Wormholes","Software","History","Gravitational_Waves","Hawking,_Stephen","Research_Groups","Time_Travel","Experiment_and_Observation","Gravitational_Lensing","Rheology","Journals","Societies","Software","Educational","Thermodynamics","Vacuum","Publications","Weblogs","Publications","Archives","Free_Access_Online_Archives","Interoperability_Standards","Books","Journals","Free_Online_Journals","Magazines_and_E-zines","Reference","Standards","Electrical_Engineering","Environmental_Practice","Individual_Standards","BS_15000","BS_5489","BS_6008","BS_8888","HIPERLAN-1","IEC_60601","ISO","ISO_10179","ISO_10303","ISO_10360","ISO_10646","ISO_10744","ISO_12083","ISO_12207","ISO_14048","ISO_15022","ISO_15055","ISO_15056","ISO_15445","ISO_15926","ISO_16949","ISO_17025","ISO_17166","ISO_17878","ISO_19115","ISO_19757","ISO_2014","ISO_2015","ISO_2022","ISO_2146","ISO_28597","ISO_4217","ISO_639","ISO_8178","ISO_8211","ISO_8601","ISO_8859","ISO_8878","ISO_9000","ISO_9001","ISO_9002","ISO_9004","ISO_9613","ISO_9660","ISO_9735","ISO_9899","ISO_TR_11404","MPEG-4","National_Electrical_Code","SOI_TN_94-116","TD-SCDMA","UNSPSC","Weather_Icons","Regional","Standard_Document_Vendors","Units_of_Measurement","Online_Calculators","Science_in_Society","Academic_Departments","Chats_and_Forums","Forensic_Science","Associations","Computer_Forensics","DNA","Education","Testing_Services","Document_Examination","Products_and_Services","Firearms","Digital","Products_and_Services","Video","Medical","Products_and_Services","Products_and_Services","Consultants","Reference_Laboratories","Supplies","Testing_Services","Publications","Research_Ethics","Guidelines_and_Codes","Science_and_Religion","Christianity_and_Science","Evolution","Science_and_Technology_Policy","Skeptical_Inquiry","Aquascams_Lawsuit","Cold_Reading","Critical_Thinking","Hoaxes","Lunar_Landing","Organizations","The_Science_Wars","Weblogs","Search_Engines","Social_Sciences","Anthropology","Academic_Departments","Africa","Egypt","South_Africa","Asia","China","Hong_Kong","Japan","Pakistan","Europe","Austria","Czech_Republic","Denmark","Finland","Malta","Netherlands","Norway","Sweden","Switzerland","United_Kingdom","Middle_East","Israel","North_America","Canada","United_States","Oceania","Australia","New_Zealand","South_America","Chile","Anthropologists","Biological_Anthropologists","Koff,_Clea","Tiger,_Lionel","Boas,_Franz","Cultural_Anthropologists","Mead,_Margaret","Linguistic_Anthropologists","Applied_Anthropology","Journals","Organizations","Biological_Anthropology","Forensic_Anthropology","Journals","Organizations","Cultural_Anthropology","Ethnography","Journals","Media_Culture","Methods_and_Techniques","Organizations","Visual_Anthropology","Journals","Directories","Linguistic_Anthropology","Ape_Sign_Language","Sapir-Whorf_Hypothesis","Methods_and_Techniques","Organizations","Publications","Archaeology","Academic_Departments","Africa","Pakistan","Alternative","Ancient_Contact","Archaeoastronomy","Orion_Theory","Chronology","Egypt","Pyramids","Atlantis","Magazines_and_E-zines","Megaliths","North_America","Popular_Authors","Nazca_Lines","Archaeologists","Africa","Leakey,_Louis_and_Mary","Archaeobotanists","Asia","India","Bioarchaeologists","Caribbean","Central_America","Egyptologists","Champollion,_Jean_François","Hawass,_Zahi","Petrie,_William_Matthew_Flinders","Europe","Cunliffe,_Barry","Greece","United_Kingdom","Geoarchaeologists","Middle_East","Albright,_William_Foxwell","Bell,_Gertrude","Hodder,_Ian","North_America","Ingstad,_Helge","Oceania","South_America","Bingham,_Hiram","Zooarchaeologists","Conferences","Finland","Contractors_and_Consultants","Archaeobotanists","Ireland","Italy","United_Kingdom","Geoarchaeologists","Canada","United_States","Zooarchaeologists","Field_Schools_and_Fieldwork_Opportunities","Africa","Asia","Uzbekistan","Caribbean","Central_America","Belize","Honduras","Europe","Bulgaria","Czech_Republic","France","Greece","Hungary","Iceland","Ireland","Italy","Malta","Romania","Russia","Serbia_and_Montenegro","Spain","Sweden","United_Kingdom","Middle_East","Cyprus","Jordan","North_America","Canada","United_States","Oceania","Fiji","New_Zealand","Vanuatu","South_America","History","People","Methodology","Surface_Surveys_and_Field_Walking","News_and_Media","Organizations","Africa","Asia","Afghanistan","Armenia","Azerbaijan","China","South_Korea","Thailand","Caribbean","Europe","Albania","Austria","Bulgaria","Czech_Republic","Finland","France","Germany","Greece","Hungary","Iceland","Ireland","Italy","Macedonia","Netherlands","Poland","Romania","Russia","Serbia_and_Montenegro","Slovakia","Sweden","Ukraine","United_Kingdom","Middle_East","Cyprus","Iran","Iraq","Jordan","Lebanon","Syria","Turkey","United_Arab_Emirates","North_America","Canada","United_States","Oceania","Australia","New_Zealand","South_America","Peru","Periods_and_Cultures","Anasazi-Hisatsinom","Ancient_Egypt","History","Organizations","Celtic","Etruscan","Harappan","Hellenistic","Medieval","Anglo-Saxon","Viking","Mesoamerican","Epigraphy","Olmec","Zapotec","Minoan_and_Mycenaean","Post-Medieval","Prehistory","Mesolithic","Neolithic","Paleolithic","Roman","Scythian","Publications","Jordan","Regional","Africa","Chad","Egypt","Eritrea","Ethiopia","Gambia","Ghana","Kenya","Togo","Asia","Afghanistan","Armenia","Azerbaijan","Bangladesh","Bhutan","Brunei_Darussalam","Cambodia","China","East_Timor","Georgia","India","Indonesia","Japan","Kazakhstan","Laos","Malaysia","Maldives","Mongolia","Myanmar","Nepal","North_Korea","Pakistan","Philippines","Singapore","South_Korea","Sri_Lanka","Tajikistan","Thailand","Turkmenistan","Uzbekistan","Vietnam","Caribbean","Barbados","Central_America","Belize","Costa_Rica","Guatemala","Honduras","Nicaragua","Panama","Europe","Albania","Austria","Belgium","Bulgaria","Croatia","Czech_Republic","Denmark","Finland","France","Germany","Greece","Hungary","Iceland","Ireland","Isle_of_Man","Italy","Lithuania","Macedonia","Malta","Netherlands","Norway","Poland","Portugal","Romania","Russia","Serbia_and_Montenegro","Slovenia","Spain","Sweden","Switzerland","Ukraine","United_Kingdom","Mediterranean","Middle_East","Bahrain","Cyprus","Iran","Iraq","Jordan","Lebanon","Oman","Saudi_Arabia","Syria","Turkey","United_Arab_Emirates","Yemen","Palestinian_Territory","Jerusalem","North_America","Canada","Greenland","Mexico","United_States","Oceania","Australia","Cook_Islands","Fiji","French_Polynesia","Micronesia,_Federated_States_of","New_Caledonia","New_Zealand","Northern_Mariana_Islands","Palau","Solomon_Islands","Tonga","Vanuatu","South_America","Guyana","Sites_and_Monuments","Topics","Archaeoastronomy","Conferences","Journals","Archaeobotany","Archaeological_Computing","Archaeometry","Bioarchaeology","Epigraphy","Greek","Ogham","Rongorongo","Ugaritic","Geoarchaeology","Landscape_Archaeology","Megaliths","Channel_Islands","Ireland","United_Kingdom","Portable_Antiquities","Ceramics","Clay_Pipes","Glass","Greece","Stone_Tools","United_Kingdom","Rock_Art","Underwater","Institutes","Organizations","Preserves","Shipwrecks","Structures_and_Dwellings","Tools_and_Techniques","Zooarchaeology","Area_Studies","African_Studies","Programs_and_Research_Centers","Publications","American_Studies","Central_Asian_Studies","East_Asian_Studies","Korean","South_Asian_Studies","India","Southeast_Asian_Studies","Canadian_Studies","Ethnic_Relations","Cognitive_Science","Cognitive_Scientists","Journals","Africa","Asia","China","Central_America","Europe","Middle_East","North_America","United_States","Communication","Academic_Departments","Health_Communication","Global_and_Intercultural_Communications","Interpersonal","Journals","Public_Speaking","Forensics","Extemporaneous_Speaking","Lincoln_Douglas_Debate","Research_Institutes","Rhetoric","Academic_Departments","Directories","Glossaries","Organizations","Publications","Rhetoricians","Burke,_Kenneth","Isocrates","Man,_Paul_de","Perelman,_Chaim","Criminology","Academic_Papers","Organizations","Publications","Demography_and_Population_Studies","Africa","Asia","Associations","Middle_East","North_America","Research_Institutes","South_America","Directories","Economics","Academic_Departments","Asia","Central_America","Europe","Austria","Belgium","Denmark","Finland","France","Germany","Iceland","Ireland","Italy","Netherlands","Norway","Poland","Portugal","Russia","Spain","Switzerland","Ukraine","United_Kingdom","Turkey","North_America","Canada","APET","CEA","EEA","EPCS","Econometric_Society","European_Economic_Association","INFER","Midwest_Econometrics_Group","Society_on_Computational_Economics","Consumption_and_Wealth","Development_Economics","Consultants","Institutes","Publications","Publications","Economic_History","News_and_Media","Economic_Systems","Publications","Education","Interactive_Activities","Software","Journals","Evolutionary_Economics","Financial_Economics","Currency_and_Money","People","Publications","Forecasting_and_Consulting","Consultants","Game_Theory","Auction_Theory","Conferences","Evolutionary_Game_Theory","Experimental_Economics","Experimental_Laboratories","Institutes","People","Official_Statistics","Africa","Asia","Caribbean","Central_America","Europe","Middle_East","North_America","Oceania","South_America","Institutional_Economics","International_Economics","Publications","Publications","Macroeconomics","Consultants","Federal_Reserve_FOMC","Macroeconomists","Publications","Microeconomics","People","General_Equilibrium_Analysis","Organizations","People","Bastiat,_Frederic","Becker,_Gary_S","Coase,_Ronald_H","Colbert,_Jean_Baptiste","Doctoral_Students","Macroeconomics","Fogel,_Robert_W","Henderson,_David","Keynes,_John_Maynard","Knight,_Frank_H","Kuznets,_Simon","Marshall,_Alfred","Malynes,_Gerard_de","Molinari,_Gustave_de","Mun,_Thomas","Nobel_Prize_Winners","Petty,_Sir_William","Prescott,_Edward_C","Professional_Economists","Sachs,_Jeffrey","Sen,_Amartya","Spence,_Michael","Sraffa,_Pierro","Steuart,_Sir_James","Stiglitz,_Joseph","Sumner,_William_Graham","University_Economists","Directories","Political_Economics","Publications","Asian_Issues","Schools_of_Thought","Austrian_School","Online_Reading","People","Chicago_School","Keynesian","Marxian","Public_Choice_School","Sports_Economics","Urban_Economics","Agricultural_and_Rural_Economics","Publications","Community_Supported_Agriculture","Education","Ethnic_Studies","Academic_Departments","Asian_American_Studies","Filipino_American_Studies","Korean_American_Studies","Conflict_Studies","Hispanic_Studies","Academic_Departments","Chicano_Studies","Institutes","Journals","Languages_and_Literatures","Academic_Departments","Institutes","Migration_Studies","Associations","Publications","Gay,_Lesbian,_and_Bisexual_Studies","Linguistics","Mailing_Lists","Professional_Organizations","Programs","Queer_Theory","Suicidality","Syllabi","Geography","Cartography","Map_Societies","Services","Conferences","Education","Geographic_Information_Systems","Researchers","Students","Employment","Events","FAQs,_Help,_and_Tutorials","Organizations","Publications","Services","Software","ArcInfo","ArcView","Coordinate_Conversion","Development","FAQs,_Help,_and_Tutorials","Map_Servers","Utilities","Visualization","Human_Geography","Publications","Physical_Geography","Mountains","Place_Names","Publications","Institutions","Associations","Linguistics","Associations","Language_Acquisition","Programs","Conferences","Bilingualism","Computational_Linguistics","Conferences","2001","2002","2003","2004","2005","2006","2007","2008","2000","pre-2000","Corpus_Analysis","Tools","WordNet","Education","Europe","North_America","Part_of_Speech_Tagging","Research_Groups","Computer_Assisted_Language_Learning","Professional_Organizations","2008","2005","2006","2007","2009","Education","Multi-Language","Online_Phrase_Books","Graphemics_and_Orthography","Linear_B","Journals","Languages","Constructed","Fictional","International_Auxiliary","Language_Creation","Play","Education","Associations","Methods","Natural","Afro-Asiatic","Ainu","Algic","Australian","Austronesian","Burushaski","Caucasian","Classical_Languages","Elamite","Eskimo-Aleutian","Hokan","Indo-European","Iroquoian","Japanese","Languages_of_Africa","Languages_of_Eurasia","Languages_of_the_Americas","Languages_of_the_Middle_East","Misumalpan","Na-Dene","Niger-Kordofanian","Nilo-Saharan","Oto-Manguean","Papuan","Pidgins_and_Creoles","Pre-Greek","Quechumaran","Salish","Sign_Languages","Siouan","Sumerian","Uralic","Grammars","Onomastics","White,_Lydia","Krashen,_Stephen","Goad,_Heather","McCarthy,_John","Institutions_and_Organisations","International_Phonetic_Alphabet","Alternative_Systems","Fonts","Software","Tutorials","Pragmatics","Discourse_Analysis","Professional_Organizations","Journals","Online_Publications","Researchers","Semantics","Semiotics","Sociolinguistics","Translation","Academic_Departments","Associations","Directories","Journals","Mailing_Lists","Software","Translation_Engines","Methodology","Action_Research","Grounded_Theory","The_Memo_Pages_of_Grounded_Theory","Tools","Full_Text","Survey","People","Political_Science","Academic_Departments","Comparative_Politics","Academic_Courses","International_Relations","Theory","Liberalism","Realism","Political_Philosophy","Conservatism","Bakunin,_Mikhail","Bernstein,_Eduard","Bookchin,_Murray","Hobhouse,_Leonard_Trelawney","Kirk,_Russell","Kymlicka,_Will","Maistre,_Joseph_Marie_de","Proudhon,_Pierre-Joseph","Spooner,_Lysander","Strauss,_Leo","Tucker,_Benjamin","Political_Scientists","Laski,_Harold","Ecommerce_Policy","Resources","Trade_Policy","Psychology","Academic_Programs","Ecopsychology","Handwriting_Analysis","Neuro_Linguistic_Programming","Criticism","New_Age","Parapsychology","Phrenology","Associations","Academic","Psi_Chi","Regional","Behavior_Analysis","Biological","Child_Psychology","Feral_Children","People","Clinical_and_Counseling","Academic_Programs","Client-Centered_Therapy","Journals_and_Publications","Rehabilitation_Psychology","Organizations","Schools_and_Instruction","Religion-Based","Cognitive","Cognitive_Neuroscience","People","Conferences","Creativity","Destination_Imagination","Developmental","People","Directories","Dream_Journals","Dream_Blogs","Dream_Sharing","Interpretation","Dictionaries","Dream_Interpreters","Theories_and_Research","Personal_Pages","Education","Careers","Outreach","Tutorials","Educational_and_School","People","School_Psychology","Academic_Programs","State_Associations","Mate_Selection","People","Articles","Books","Reviews","Research_Groups","Forensics_and_Law","Brain_Fingerprinting","Polygraphy","Examiners","Professional_Organizations","Gender_and_Sexuality","Gender","Academic_Studies_of_Gender_Issues","Gestalt","Bender_Gestalt_Test","Individuals","Asch,_Solomon","Goldstein,_Kurt","Kohler,_Wolfgang","Tholey,_Paul","Humanistic","Associations","Career_Tests","Human_Factors_and_Ergonomics","Consultants","Measurement_Technologies","Professional_Organizations","Publications","Emotional_Intelligence","IQ_Tests","Neuropsychology","People","Practices","People","Personality","Chats_and_Forums","Enneagram","Chats_and_Forums","Organizations","Training_Providers","Five-Factor_Model","Tests","Myers-Briggs_Type_Indicator","Specific_Types","Testing_Services","Training_and_Consulting_Services","Publications","DISC","Directories","Fun,_Non-Scientific","People_Matching","Products_and_Services","Software","Psychoanalytic_and_Psychodynamic","Adlerian","Freudian","Lacanian","Organizations","Personal_Pages","Self_Psychology","Expressive_Therapies","Psychology_and_Religion","Christian_Integration","Education","Journals","Organizations","Conferences","Education","Journals","Neurotheology","Organizations","People","Religious_Experience","Prayer","Psychoactive_Drugs","Publications","Books","Research_Methods","Methodology","Software","Presentation","Statistics","Writing","Experiments_and_Labs","Synaesthesia","Social","Internet_Psychology","Organizations","People","Persuasion_and_Social_Influence","Brainwashing","Tests_and_Testing","Online_Experiments","Software","Psychometrics","Transpersonal","Transpersonal_Arts","Wilber,_Ken","Weblogs","Public_Administration","Publications","Social_Work","Associations","Employment","Sociology","Academic_Departments","Australia","Ireland","Academic_Research_Centres","Government_Research_Agencies","New_Zealand","South_Africa","United_Kingdom","Academic_Papers","Associations","Europe","North_America","Regional_Associations","Ethnomethodology","Rural_Sociology","Academic_Departments","Agencies","Community_and_Economic_Development","Consultants","Education","American_Planning_Association","Canadian_Institute_of_Planners","People","Burnham,_Daniel","Calthorpe,_Peter","Duany,_Andres","Gans,_Herbert","Garreau,_Joel","Geddes,_Patrick","Hayden,_Dolores","Howard,_Ebenezer","Kemmis,_Daniel","Krier,_Leon","Lynch,_Kevin","McHarg,_Ian","Moses,_Robert","Mumford,_Lewis","Rybczynski,_Witold","Students","Whyte,_William_H.","Projects","Transportation","Metropolitan_Planning_Organizations","Urban_Design","Weblogs","Simulation","Technology","Academia","Acoustics,_Ultrasound_and_Vibration","Active_Noise_Control","Education","Employment","Historical_Acoustics","Institutes_and_Universities","Resources","Companies","Therapeutic_Ultrasound","Physical_Therapy","Aerospace","Aeronautics","Aerodynamics","Aircraft","Airfields","Centennial_of_Flight","Organizations","People","Human_Powered","Hindenburg","R100","R101","Royal_Aeronautical_Society","Ornithopters","Safety_of_Aviation","Theory","New_Ideas","American_Institute_of_Aeronautics_and_Astronautics","Biomedical_Engineering","Tissue_Engineering","Cartilage_Repair","Products_and_Services","Conferences","Organizations","American_Institute_of_Chemical_Engineers","Process_Design","Process_Measurement_and_Control","Services","Civil_Engineering","Geotechnical","Consultants","Events","Foundations","Publications","Research","Resources","Slope_Stability","Software","Soil_Erosion","Soil_Stabilization","Test_Facilities","History","Canals","Roads","Tunnels","People","Baird,_Nicol_Hugh","Baldwin,_Loammi","Barlow,_William_Henry","Barnard,_John_Gross","Bazalgette,_Joseph","Bidder,_George_Parker","Blume,_John_A","Brassey,_Thomas","Brindley,_James","Brunel,_Isambard_Marc","By,_John","Chanute,_Octave","Chaussegros_de_Léry,_Gaspard-Joseph","Chesbrough,_Ellis","Crowe,_Frank","Crozet,_Claudius","Darcy,_Henry","Dixon,_Jeremiah","Doane,_Thomas","Fleming,_Sanford","Fulton,_Robert","Gillespie,_William_Mitchell","Gillmore,_Quincy_Adams","Girouard,_Percy","Goethals,_George_Washington","Greathead,_James,_Henry","Haupt,_Herman","Jervis,_John_Bloomfield","Judah,_Theodore","Keefer,_Thomas_Coltrin","Ketchum,_Henry_George_Clopper","MacTaggart,_John","McAdam,_John_Loudon","Metcalfe,_John","Moberly,_Walter","Mulholland,_William","Mylne,_Robert","Navier,_Claude-Louis","Outram,_Benjamin","Reynolds,_Osbourne","Rogers,_Richard_Birdsall","Shanly,_Walter","Smeaton,_John","Steers,_Thomas","Stephenson,_Robert","Stevens,_John_F","Sutro,_Adolph","White,_Canvass","Wright,_Benjamin","de_Lesseps,_Ferdinand","Journals_and_Magazines","American_Society_of_Civil_Engineers","Computational_Engineering","Conferences_and_Events","Past","Cryotechnology","Cryogenic_Processing_of_Materials","Cybernetics","Education","K1_and_K2_-_General_Cybernetics","Synergetics","Systems_Science","K3_-_Applied_Cybernetics","Macro-Anthropocybernetics","Micro-Anthropocybernetics","Biological","Signalomics","Systeomics","Educational","Medical","Quantum-Cybernetics","Socio-Cybernetics","Technical","Publications","Books","Journals_and_Magazines","Second_Order_Cybernetics","Directories","Education","Electrical_Engineering","Avionics","Academic_Departments","Communications","Mobile_Systems","CDMA","Directories","Education","Academic_Departments","Image_Processing","Edge_Detection","Instrumentation_and_Controls","Power_Engineering","Publications","Electronics","Audio_and_Video","High_Level_Synthesis","Design","Digital_Simulation_Models","EDA_Tool_Vendors","Confluence","Meta-HDLs","Proprietary_HDLs","PCB_Design","Verilog_and_VHDL_Tools","High_Voltage","Generators","Tesla_Coils","Institute_of_Electrical_and_Electronics_Engineers","Power_Electronics","Publications","Reference","Application_Notes_and_Data_Sheets","BASIC_Stamp","Chip_Directory","Obsolete_Component_Sources","Receiver_and_Antenna_Theory","Theory_and_Math","Vacuum_Tubes","Wire_Tables","Repair","Research_Centers","Semiconductors","Signal_Processing","Digital_Audio_Broadcasting_-_DAB","Test","Energy","Cogeneration","Micro_CHP","Organizations","Conferences","Past","Conservation","Building_Energy_Efficiency","Organizations","Products","Devices","External_Combustion_Engines","Steam_Engines","Stirling_Engines","Fuel_Cells","Conferences","News_and_Media","Organizations","Supporting_Technology","Heat_Pumps","Internal_Combustion_Engines","Diesel","Gas_Turbine","Research","Rotary","Two-Cycle","Tesla_Turbines","Thermoelectrics","Thermophotovoltaics","Economics_and_Policy","Education","Electricity_Generation_and_Distribution","Fossil_Fuel","Coal","Methane_Hydrates","Oil_and_Gas","Organizations","Geothermal","Education","Hydrogen","Chats_and_Forums","News","Production","Storage","Nuclear","Applications_in_Space","Institutions","Associations","Nuclear_Fuel","Nuclear_Waste","Waste_Isolation_Pilot_Plant,_New_Mexico","Yucca_Mountain,_Nevada","Power_Plants","Safeguards","Safety_and_Accidents","Chernobyl_Accident","Computer_Codes","Probabilistic_Safety_Assessment","Three_Mile_Island_Incident","Tokaimura_Accident","Organizations","Publications","Renewable","Biomass_and_Biofuels","Biodiesel","Ethanol","Vegetable_Oil_Fuels","Home-Made_Power","Hydro","Ocean_Sources","Ocean_Thermal_Energy","Tides","Waves","Solar","Solar_Cooking","Solar_Electric","Solar_Thermal","Wind","Weblogs","Storage","Antimatter","Batteries","TVA-Regenesys","Silver-zinc","Vanadium","Capacitors","Compressed_Air","District_Cooling","Flywheels","Liquid_Nitrogen","Pumped_Storage","Heimifeng","Northfield_Mountain","Raccoon_Mountain","Taum_Sauk","Superconducting","Thermal","Salinity_Gradient_Solar_Ponds","Transportation","Compressed_Air","Hydrogen","Sinclair_C5","Natural_Gas_Vehicles","Unproven_Concepts","Perpetual_Motion","Weblogs","Engineering","Food_Science","Cereals","BSE_-_Bovine_Spongiform_Encephalopathy","Dairy_Science","Food_Safety","Nutrition","Products_and_Services","Testing_Services","Additives","Industrial_Engineering","Professional_Organizations","Invention_and_Innovation","Licensing","Organizations","Lighting","Associations","Daylighting","Directories","Education","Magazines","Trade_Shows_and_Conferences","Manufacturing","Organizations","Prototyping","Bureau","Electrical","Rapid_Prototyping","Equipment_and_Supplies","Service_Providers","Research_Laboratories","Materials","Adhesives","Ceramics","Coatings","Composites","Geotechnical","Institutions","Polymers","Plastic","Instruments_and_Supplies","Asphalt_Testing","Cement_Testing","Metallurgy","Particle_Testing","Polymer","Rheology","Mechanical_Engineering","Academic_Departments","Europe","United_States","Design","HVAC","MEMS","Companies","Propulsion","Aerospace","Thermal","Tribology","Metallurgy","Metrology","Associations","Institutions","Products_and_Services","Instruments","Reference_Laboratories","Testing_Services","Publications","Military_Science","Army","Ballistic_Missile_Defense","Electronics","Naval","Technology_Transfer","Mining","Education","History","United_Kingdom","Investments","Prospecting","Equipment","Europe","North_America","Canada","United_States","Oceania","Safety","Software","Nanotechnology","Academic_Departments","Books","Conferences","Funding","People","Personal_Pages","Research_Institutions","National_Society_of_Black_Engineers","Institution_of_Engineering_and_Technology","Books","Pyrotechnics","Ballistics","Civilian","Energetic_Materials_Research","Explosives","Fireworks","Associations","How_To","Safety","Military","Publications","Quality_Engineering","Reliability_Engineering","Safety_Engineering","Air_Safety","Automotive_Safety","Fire_Safety","Industrial_Safety","Marine_Safety","Safety_Organizations","Safety_Software","Sanitary_Engineering","Software_for_Engineering","Companies","Electrical_Engineering","Filter_Design","Power_Distribution","Printed_Circuit_Boards","Reliability_Engineering","Finite_Element_Analysis","CFD","Maintenance_Management","Space","Colonization","Chats_and_Forums","Essays_and_Manifestos","Life_Support","Living_Universe_Foundation","Magazines_and_E-zines","Moon","Projects_and_Companies","Mars","Education","Images","International_Space_Station","Launch_Vehicles","Experimental_and_Futuristic","X-prize","Missions","Manned","Russian","United_States","Unmanned","Asteroids_and_Comets","Deep_Space","Mars","Mercury","Moon","Outer_Solar_System","Solar_Sails","Sun","Venus","Earth_Observing","NASA","Aldrin,_Buzz","Glenn,_John","Lovell,_James","Young,_John_W.","Discovery_Program","Explorers_Program","National_Space_Agencies","European_Space_Agency_-_ESA","Military","Organizations_and_Associations","Mars_Society","Personal_Pages","Publications","Navigation","Space_Shuttle","Accidents","Columbia_Accident_Crew","External_Tank","Columbia_Accident","Structural_Engineering","Associations","Blast_Protection","Bridge","Academic_Departments","Ashtabula_River","Firth_of_Tay","Point_Pleasant","Saint_Lawrence_River","Schoharie_Creek","Scour","Tacoma_Narrows","Minneapolis","History","Historic_Bridges","People","Structures","Control","Dams","History","Organizations","Earthquake_Engineering","Control","Products_and_Services","Personal_Pages","MPEG-2","Baird,_John_Logie","History","Institutes","Monorails","Dual_Mode","Personal_Rapid_Transit","Society_of_Automotive_Engineers","Traffic_Calming","Tube-Based","Welding","Personal_Pages","Events","Conferences","Festivals","Anomalies_and_Alternative_Science","Earth_Sciences","Life_Sciences","Social_Sciences","Sundials","Engineering_and_Technology","Electronics","Hutton,_James","Sedgwick,_Adam","Wegener,_Alfred","Historians_of_Science","Institutions","Academic_Departments","Journals","Institutions","Organizations","People","Publications","People","Creationism","Courses"
