"News_and_Media","News_and_Media","Bryant,_Martin","Cunanan,_Andrew_Phillip","Freeway_Killers","Hillside_Stranglers","Jack_the_Ripper","Ken_and_Barbie_Killers","Moors_Murderers","Phantom_Killer","Torso_Murderer","Vancouver_Missing_Women","Zodiac_Killer","Alabama","Alaska","Arizona","California","Connecticut","Delaware","Florida","Georgia","Idaho","Illinois","Indiana","Iowa","Kansas","Kentucky","Louisiana","Maryland","Massachusetts","Michigan","Minnesota","Nebraska","Nevada","New_Hampshire","New_York","North_Carolina","Ohio","Oklahoma","Oregon","South_Carolina","Tennessee","Texas","Utah","Virginia","Washington","West_Virginia","Wisconsin","Wyoming","Canada","United_States","United_Kingdom","Canada","United_States","Canada","United_States","Alabama","Arizona","Arkansas","California","Colorado","Connecticut","Delaware","Florida","Georgia","Hawaii","Idaho","Illinois","Indiana","Iowa","Kansas","Kentucky","Louisiana","Maine","Maryland","Massachusetts","Michigan","Minnesota","Mississippi","Missouri","Montana","Nebraska","Nevada","New_Hampshire","New_Jersey","New_Mexico","New_York","North_Carolina","North_Dakota","Ohio","Oklahoma","Oregon","Pennsylvania","Rhode_Island","South_Carolina","Tennessee","Texas","Utah","Vermont","Virginia","Washington","Washington,_DC","West_Virginia","Wisconsin","Wyoming","Korean_War","Alabama","Arkansas","California","Connecticut","Florida","Georgia","Illinois","Indiana","Kansas","Kentucky","Maryland","Massachusetts","Michigan","Nebraska","New_Mexico","New_York","North_Carolina","Ohio","Pennsylvania","Tennessee","Texas","Utah","Vermont","Virginia","Washington","Wisconsin","Alaska","Arizona","California","Colorado","Connecticut","Florida","Georgia","Hawaii","Indiana","Maine","Massachusetts","Michigan","Minnesota","Nevada","New_Jersey","New_York","North_Carolina","Oregon","Pennsylvania","Texas","Utah","Washington,_DC","Magazines","Civil_War","Flipper,_Henry_Ossian","Leaders","Sisterfriends","Bands_and_Artists","Record_Labels","Religion","Asian-American_Journalists_Association","Arts_and_Entertainment","Education","News_and_Media","Organizations","Religion","Arts_and_Entertainment","Education","Organizations","Education","Arts_and_Entertainment","Arts_and_Entertainment","Education","Celebrities","Organizations","History","Japanese_American_Citizens_League","Music","Human_Rights","Personal_Pages","Student_Organizations","United_States","Journals","Magazines_and_E-zines","Newspapers","Film","Folklore","Photography","Poetry","Pow_Wow","Computers_and_Internet","Gaming","Shopping","Academic_Departments","Centers_and_Institutes","Financial_Aid","Tribal_Colleges","Tribal_Primary_and_Secondary_Schools","Webquests_and_Lesson_Plans","Wounded_Knee","Blood_Quantums_and_Indian_Identity","Environmental_and_Wildlife","Gaming","Lost_Birds_and_Adoption_Issues","Mascots_and_Racist_Portrayals","Racism_and_Civil_Rights","Religious_Exploitation_and_Defense","Repatriation_and_Reburial","Sovereignty","Substance_Abuse","Wannabes_and_Cultural_Appropriation","Court_Cases","Treaties","Magazines_and_E-zines","American_Indian_Movement","American_Indian_Science_and_Engineering_Society","Environmental","Intertribal","Social_Services","Aquash,_Anna_Mae","Banks,_Dennis","Beach,_Adam","Bedard,_Irene","Bender,_Charles","Big_Foot","Black_Elk","Black_Hawk","Black_Kettle","Brant,_Joseph","Campbell,_Ben_Nighthorse","Cardinal,_Tantoo","Chief_Joseph","Chief_Seattle","Cochise","Crazy_Horse","Cruzatte,_Pierre","Dragging_Canoe","Eastman,_Charles_Alexander","Fontenelle,_Logan","Gall","Geronimo","Greylock","Ishi","LaDuke,_Winona","Little_Crow","Looking_Glass","Mankiller,_Wilma","Mary_Jemison","McGillivray,_Alexander","Means,_Russell","Mills,_Billy","Osceola","Ouray","Parker,_Cynthia_Ann","Parker,_Ely","Parker,_Quanah","Picotte,_Susan_LaFlesche","Pocahontas","Pontiac","Popé","Red_Cloud","Ridge,_Major","Riel,_Louis","Sacagawea","Sequoyah","Sitting_Bull","Slocum,_Frances","Sockalexis,_Louis","Squanto","Tarhe","Tecumseh","Trujillo,_Raoul","Vann,_James","Wapasha","Ward,_Nancy","Winnemucca,_Sarah","Wovoca","Zintkala_Nuni","Zitkala-Sa","A","B","C","D","E","F","Federations","G","H","I","J","K","L","M","N","O","P","Q","R","S","T","U","V","W","X","Y","Z","Activism","Arts","Business","Cherokee","Education","Genealogy","Tribal_Government","Cottingley_Fairies","Book_of_the_Thousand_Nights_and_a_Night","Chats_and_Forums","Literature","Movies","Personal_Pages","Recreation","Literature","Personal_Pages","Societies_and_Forums","Alberta","British_Columbia","Manitoba","New_Brunswick","Newfoundland_and_Labrador","Nova_Scotia","Ontario","Quebec","Saskatchewan","Alabama","Alaska","Arizona","Arkansas","California","Colorado","Connecticut","Delaware","Florida","Georgia","Hawaii","Idaho","Illinois","Indiana","Iowa","Kansas","Kentucky","Louisiana","Maine","Maryland","Massachusetts","Michigan","Minnesota","Mississippi","Missouri","Montana","Nebraska","Nevada","New_Hampshire","New_Jersey","New_Mexico","New_York","North_Carolina","North_Dakota","Ohio","Oklahoma","Oregon","Pennsylvania","Rhode_Island","South_Carolina","South_Dakota","Tennessee","Texas","Utah","Virginia","Vermont","Washington","West_Virginia","Wisconsin","Wyoming","Arizona","California","Florida","Georgia","Hawaii","Maine","Massachusetts","Michigan","Nevada","New_York","Vermont","California","Colorado","Florida","Georgia","Hawaii","Maine","Massachusetts","Michigan","Nevada","New_Hampshire","New_Jersey","New_Mexico","New_York","North_Carolina","South_Carolina","Tennessee","Vermont","Washington","Czech_Republic","France","Greece","Italy","Netherlands","United_Kingdom","Canada","Mexico","United_States","Australia","New_Zealand","Ghana","South_Africa","Afghanistan","India","Austria","Belarus","Czech_Republic","France","Germany","Ireland","Italy","Netherlands","Poland","Portugal","Russia","Sweden","United_Kingdom","Kuwait","Saudi_Arabia","Syria","Turkey","Canada","United_States","New_Zealand","Council_of_the_European_Union","European_Commission","European_Court_of_Auditors","European_Court_of_Justice","European_Parliament","Euroscepticism","Citation_Guides","Guides","Journals","Primary_Sources","Research_Guides","Treaties","Permanent_Representations","Business_Associations","Non-profit_NGOs_and_Associations","Public_Affairs_Consultancies","Agriculture","Business_and_Economy","Competition","Consumer_Protection_and_Public_Health","Culture_and_Media","Education,_Training_and_Youth","Employment_and_Social_Affairs","Energy","Environment","Equal_Opportunities","External_Relations","Fisheries","Guides","Information_Society","Intellectual_and_Industrial_Property","Internal_Market","Justice_and_Home_Affairs","Monetary_Union_-_Euro","Regional_and_Structural_Policy","Research_and_Technological_Development","Taxation","The_EU_Budget","Transport","Institutes_and_Think-Tanks","Journals","Researchers","Member_Countries","Opposing_Views","Associate_Members","Associate_Partners","Member_States","Observers","Educational,_Scientific,_and_Cultural_Organization","Industrial_Development_Organization","International_Labour_Organization","Regional","Clubs","Conferences","Research_and_Preparation","United_States","Aryan_Invasion_Theory","Bengal_Famine_1943-1945","Rebellion_of_1857","Ashoka","Bhagat_Singh","Gandhi,_Mohandas_Karamchand,_Mahatma","Jinnah,_Mohammed_Ali","Lakshmibai,_Rani_of_Jhansi","Nehru,_Jawaharlal","Sivaji","Tipu_Sultan","Arminius","Braun,_Eva","Chancellors","Emperors","Luxemburg,_Rosa","Presidents","Widukind","Nazi_Party","Officials","Resistance","Denial","Currency","Documents","Jamestown","Religion","Adams,_Abigail","Adams,_Louisa","Bush,_Barbara","Bush,_Laura","Clinton,_Hillary","Eisenhower,_Mamie","Fillmore,_Abigail","Harding,_Florence","Harrison,_Anna","Hoover,_Lou","Jackson,_Rachel","Jefferson,_Martha","Lincoln,_Mary_Todd","Madison,_Dolley","Monroe,_Elizabeth","Nixon,_Pat","Onassis,_Jacqueline_Kennedy","Pierce,_Jane","Polk,_Sarah","Reagan,_Nancy","Roosevelt,_Eleanor","Taylor,_Margaret","Truman,_Bess","Tyler,_Julia","Tyler,_Letitia","Van_Buren,_Hannah","Washington,_Martha","Wilson,_Edith","Obama,_Michelle","Ellis_Island","Barnum,_P._T.","Berkman,_Alexander","Boone,_Daniel","Bryan,_William_Jennings","Clay,_Henry","Crockett,_David","Debs,_Eugene_V.","Dooley,_Thomas_Anthony","Earhart,_Amelia","Ford,_Henry","Garvey,_Marcus","Goldman,_Emma","Haldeman,_H._R.","Harrington,_Michael","Hubbard,_L._Ron","Iacocca,_Lee","Jackson,_Jesse","Jones,_Mary_Harris","King,_Martin_Luther,_Jr.","Kissinger,_Henry_A.","Malcolm_X","Muir,_John","Ness,_Eliot","Parks,_Rosa","Rockefeller,_John_D.","Rustin,_Bayard","Shachtman,_Max","Stassen,_Harold_Edward","Thomas,_Norman","Truth,_Sojourner","Wallace,_Lew","Webster,_Daniel","de_Cleyre,_Voltairine","Bull_Moose_Party","Democratic_Party","Federalist_Party","Know-Nothings","Republican_Party","Whig_Party","Adams,_John","Adams,_John_Quincy","Arthur,_Chester_Alan","Buchanan,_James","Bush,_George_Herbert_Walker","Bush,_George_Walker","Carter,_James_Earl","Cleveland,_Grover","Clinton,_William_Jefferson","Coolidge,_John_Calvin","Eisenhower,_Dwight_David","Fillmore,_Millard","Ford,_Gerald_Rudolph","Garfield,_James_Abram","Grant,_Ulysses_Simpson","Harding,_Warren_Gamaliel","Harrison,_Benjamin","Harrison,_William_Henry","Hayes,_Rutherford_Birchard","Hoover,_Herbert_Clark","Jackson,_Andrew","Jefferson,_Thomas","Johnson,_Andrew","Johnson,_Lyndon_Baines","Kennedy,_John_Fitzgerald","Lincoln,_Abraham","Madison,_James","McKinley,_William","Monroe,_James","Nixon,_Richard_Milhous","Pierce,_Franklin","Polk,_James_Knox","Reagan,_Ronald_Wilson","Roosevelt,_Franklin_Delano","Roosevelt,_Theodore","Taft,_William_Howard","Taylor,_Zachary","Truman,_Harry_S","Tyler,_John","Van_Buren,_Martin","Washington,_George","Wilson,_Thomas_Woodrow","Obama,_Barack","Agnew,_Spiro_Theodore","Barkley,_Alben_William","Breckinridge,_John_Cabell","Burr,_Aaron","Calhoun,_John_Caldwell","Cheney,_Richard_Bruce","Clinton,_George","Colfax,_Schuyler","Curtis,_Charles","Dallas,_George_Mifflin","Dawes,_Charles_Gates","Fairbanks,_Charles_Warren","Garner,_John_Nance","Gerry,_Elbridge","Gore,_Albert_Arnold,_Jr.","Hamlin,_Hannibal","Hendricks,_Thomas_Andrews","Hobart,_Garret_Augustus","Humphrey,_Hubert_Horatio","Johnson,_Richard_Mentor","King,_William_Rufus_de_Vane","Marshall,_Thomas_Riley","Mondale,_Walter_Frederick","Morton,_Levi_Parsons","Quayle,_James_Danforth","Rockefeller,_Nelson_Aldrich","Sherman,_James_Schoolcraft","Stevenson,_Adlai_Ewing","Tompkins,_Daniel_Duane","Wallace,_Henry_Agard","Wheeler,_William_Almon","Wilson,_Henry","Biden,_Joe","Civil_War","By_State","Donner_Party","Gold_Rushes","Louisiana_Purchase","Manifest_Destiny","Military","Orphan_Trains","Overland_Trails","Personalities","Pony_Express","Publications","State_of_Jefferson","Texas_Rangers","Suffrage_Movement","Amarna","Mathematics","Royalty","Scarabs","Texts","Prehistoric","Alexander_the_Great","Xerxes","Recreation","Naval","Caesar,_Julius","Roman_Emperors","Spartacus","Rome","Hannibal","Scipio_Africanus","African_Americans","Battles","Documents","Events","Music_and_Poetry","Native_Americans","People","State_Histories","Timelines_and_Maps","Units","Books_of_Hours","Catholic-Orthodox_Schism","Orders","Battle_of_Hastings","Battle_of_Stamford_Bridge","Contemporary_Islam","Primary_Sources","Works","Writings","Democracy_in_America","Little_Bighorn","Personalities","Austerlitz_Campaign_-_1805","Books_and_Magazines","Games","Invasion_of_Russia_-_1812","Jena_Campaign_-_1806","Naval","Organizations","Peninsular_War_-_1808-14","Personalities","Regional","The_Hundred_Days_-_1815","War_with_Austria_-_1809","Wars_of_Liberation_-_1813","Battles","People","Cromwell,_Oliver","Levellers","Germany","Soviet_Union","United_States","Bergen-Belsen","Be??ec","Breendonk","Buchenwald","Che?mno","Dachau","Falstad","Flossenbürg","Gross-Rosen","Majdanek","Maly_Trostenets","Mauthausen-Gusen","Natzweiler-Struthof","Plaszow","Ravensbrück","Sachsenhausen","Sobibor","Treblinka","Eichmann,_Adolf","Frank,_Anne","Mengele,_Josef","Israeli_War_of_Independence_1948","Lebanon_War_and_Occupation_1982-2000","Six_Day_War_1967","Yom_Kippur_War_1973","Books","Image_Galleries","Air_Forces","Arts_and_Literature","General_Accounts","Land_Forces","Naval_Forces","Personalities","Regional","Image_Galleries","Issues","News_and_Media","People","News_and_Media","Personal_Accounts","Anarchist_Revolution","Durruti,_Buenaventura","Franco,_Francisco","Nin,_Andres","Personal_Memoirs","Personalities","Regional","Unit_Histories","Bosnia-Herzegovina_1992-95","Croatia_1991-95","Kosovo_1998-99","Slovenia_1991","Bicentennial","Works","Moon_Missions","Drake,_Sir_Francis","Teach,_Edward_-_Blackbeard","Andrea_Doria","Lusitania","Titanic","Armstrong,_Edwin_H","Bell,_Alexander,_Graham","Berliner,_Emile","Bessemer,_Henry","Edison,_Thomas_Alva","Hackworth,_Timothy","Heron_of_Alexandria","Holland,_John","Lake,_Simon","Marconi,_Guglielmo","Meucci,_Antonio_Santi_Giuseppe","Morse,_Samuel_Finley_Breese","Murdoch,_William","Pope,_Frank","Telford,_Thomas","Trevithick,_Richard","Watt,_James","Westinghouse,_George","Whitworth,_Sir_Joseph","Bethune,_Norman","Hippocrates","Porta,_Giambattista_della","Haymarket_Riot","North_America","Primary_Sources","Articles","Jingles","Babylonian","Christianity","Egyptian","Etruscan","Hellenic","Mithraism","Phoenician","Roman","Sumerian","Development_after_the_Persian_Gulf_War","Con","Alabama","Alaska","Arizona","Arkansas","California","Colorado","Connecticut","Delaware","Florida","Georgia","Illinois","Indiana","Iowa","Kentucky","Louisiana","Maryland","Massachusetts","Michigan","Minnesota","Mississippi","Missouri","Montana","Nebraska","Nevada","New_Hampshire","New_Jersey","New_Mexico","New_York","North_Carolina","Ohio","Oklahoma","Oregon","Pennsylvania","Rhode_Island","South_Carolina","South_Dakota","Tennessee","Utah","Texas","Vermont","Virginia","Washington","Washington,_DC","West_Virginia","Wisconsin","Europe","North_America","Oceania","News_and_Media","Italy","United_Kingdom","Canada","United_States","Australia","New_Zealand","Australia","Ireland","Norway","United_Kingdom","United_States","China","India","Lebanon","Russia","Belgium","Croatia","France","Germany","Netherlands","Romania","Spain","Sweden","United_Kingdom","Canada","United_States","Australia","New_Zealand","Alabama","Arizona","Arkansas","California","Colorado","Florida","Georgia","Illinois","Indiana","Kansas","Kentucky","Louisiana","Maryland","Massachusetts","Michigan","Missouri","Montana","Nebraska","New_Jersey","New_Mexico","New_York","North_Carolina","Ohio","Oklahoma","Oregon","Pennsylvania","South_Dakota","Tennessee","Texas","Virginia","Washington","West_Virginia","Wisconsin","Rind_Report","Arizona","California","Connecticut","Florida","Massachusetts","New_Jersey","New_York","North_Carolina","Ohio","Pennsylvania","Tennessee","Texas","Kentucky","Wen_Ho_Lee_Case","West_Memphis_Three","Activism","News_and_Media","Commentaries","Activism","China","Hong_Kong","Jamaica","Belize","Honduras","Ireland","United_Kingdom","Canada","Mexico","United_States","Australia","Fiji","New_Zealand","Papua_New_Guinea","Brazil","Chile","Ecuador","French_Guiana","Peru","England","Northern_Ireland","Parliamentary_Debates","Scotland","Wales","United_States","United_States","Alabama","Alaska","Arizona","Arkansas","California","Colorado","Connecticut","Delaware","Florida","Georgia","Hawaii","Idaho","Illinois","Indiana","Iowa","Kansas","Kentucky","Louisiana","Maine","Maryland","Massachusetts","Michigan","Minnesota","Mississippi","Missouri","Montana","Nebraska","Nevada","New_Hampshire","New_Jersey","New_Mexico","New_York","North_Carolina","North_Dakota","Ohio","Oklahoma","Oregon","Pennsylvania","Rhode_Island","South_Carolina","South_Dakota","Tennessee","Texas","Utah","Vermont","Virginia","Washington","Washington,_DC","West_Virginia","Wisconsin","Wyoming","Mothers_Against_Drunk_Driving","Mailing_Lists","Alternative_Views","Bareback_Sex","Bug_Chasing","Law","Media","Memorials","People","Prisoners","Race_and_Ethnicity","Religion","Substance_Use","Treatment_Activism","Women","Workplace","Young_People","Marijuana","News_and_Media","Aspartame","High_Fructose_Corn_Syrup","Saccharin","Stevia","Sucralose","Xylitol","Boycotts","Prevention","Regional","Regulation","Tobacco_Control_Resources","Critiques","Promotion","Public_Relations","Regulation","Restaurants_and_Bars","Nicotine_and_Addiction","Secondhand_Smoke","Teen_Smoking","International_Issues","Regional","Canada","United_Kingdom","United_States","Kosovo","Personal_Experiences","Tibet","Irian_Jaya","Jammu_and_Kashmir","News_and_Media","News_and_Media","Alabama","Arizona","California","Colorado","Florida","Georgia","Hawaii","Idaho","Illinois","Iowa","Kentucky","Louisiana","Maine","Maryland","Massachusetts","Michigan","Minnesota","Missouri","Nevada","New_Jersey","New_Mexico","New_York","North_Carolina","Ohio","Oregon","Pennsylvania","South_Carolina","Tennessee","Texas","Vermont","Virginia","Washington","Washington,_DC","Wisconsin","Wyoming","West_Virginia","Revisionism","Westboro_Baptist_Church","Jewish_Defense_League","Bands","Organizations","Bovine_Growth_Hormones","Impacts_on_Hunger","News","Con","News_and_Media","Pro","United_States","Alleged_Coverups","Poetry","Charities","Image_Galleries","Victims_and_Survivors","Victims_and_Survivors","In_Memoriam","News_and_Media","Humor","News_and_Media","Personal_Pages","McVeigh,_Timothy","Air_Florida_Flight_90","Air_India_Flight_182","American_Airlines_Flight_191","American_Airlines_Flight_587","Beech_Bonanza_Crash_1959","ComAir_Flight_3272","Eastern_Airlines_Flight_401","Egypt_Air_Flight_900","Korean_Air_Lines_Flight_007","Ramstein_Airshow_1988","Silkair_MI165","Singapore_Airlines_SQ006","TWA_Flight_800","Tenerife_Pan_Am_Flight_1736_and_KLM_Flight_4805_Collision","USAir_Flight_427","ValuJet_Flight_592","Individual_Memorials","Maps","Prison_Revolt_in_Mazar-i-Sharif","Bonn_Conference","Interim_Administration","International_Security_Assistance_Force","Loya_Jirga","Civilian_Casualties","Maps","Search_for_Al-Qaida","Chats_and_Forums","Personal_Pages","Petitions","Europe","Middle_East","North_America","United_Nations","Operation_Falconer_-_Australia","Operation_Iraqi_Freedom_-_US","Operation_Telic_-_UK","Media_Information","Weblogs","Lynch,_Jessica","Tillman,_Pat","Activism","Background_and_History","Chats_and_Forums","Diaspora","Events","Human_Rights","International_Policy","Maps_and_Views","News_and_Media","Occupation","Peace","Organizations","Personal_Pages","Personalities","Terrorism","Africa","Asia","Europe","Middle_East","North_America","Oceania","Apollo_-_Canada","United_States","Veritas_-_UK","Media_Information","One_Year_After","September_11,_2001","Padilla,_Jose","Walker_Lindh,_John","Nanking_Massacre","News_and_Media","Organizations","Asia","Middle_East","Alabama,_University_of,_School_of_Law","Birmingham_School_of_Law","Faulkner_University_Jones_School_of_Law","Samford_University,_Cumberland_School_of_Law","Arizona_State_University_College_of_Law","Phoenix_School_of_Law","Arkansas-Little_Rock,_University_of,_School_of_Law","University_of_Colorado_School_of_Law","University_of_Denver_College_of_Law","Widener_University_School_of_Law_-_Wilmington","Barry_University_School_of_Law","Florida,_University_of,_Frederic_G._Levin_School_of_Law","Florida_A&amp;M_University_College_of_Law","Florida_Coastal_School_of_Law","Florida_International_University_College_of_Law","Florida_State_University_College_of_Law","Miami,_University_of,_School_of_Law","Nova_Southeastern_University_Law_Center","St._Thomas_University_School_of_Law","Stetson_University_School_of_Law","Emory_University_School_of_Law","Georgia,_University_of,_School_of_Law","Georgia_State_University_College_of_Law","John_Marshall_School_of_Law","Mercer_University_Walter_F._George_School_of_Law","University_of_Hawaii_William_J._Richardson_School_of_Law","University_of_Idaho_College_of_Law","Chicago-Kent_College_of_Law","DePaul_University","John_Marshall_Law_School","Loyola_University_Chicago","Northern_Illinois_University","Northwestern_University","Southern_Illinois_University","Indiana_University_-_Bloomington","Indiana_University_-_Indianapolis","University_of_Notre_Dame","Valparaiso_University","Drake_Law_School","University_of_Iowa_College_of_Law","University_of_Kansas_School_of_Law","Washburn_University_School_of_Law","American_Justice_School_of_Law","Northern_Kentucky_University,_Chase_School_of_Law","University_of_Kentucky_College_of_Law","University_of_Louisville,_Brandeis_School_of_Law","Loyola_University_of_New_Orleans","Southern_University_Law_Center","Tulane_University_Law_School","University_of_Maine","University_of_Baltimore_School_of_Law","University_of_Maryland_School_of_Law","Boston_College_Law_School","Boston_University_School_of_Law","Northeastern_University_School_of_Law","Southern_New_England_School_of_Law","Suffolk_University_Law_School","Western_New_England_College_School_of_Law","Michigan_State_University","Thomas_M._Cooley_Law_School","University_of_Detroit_Mercy_School_of_Law","Wayne_State_University_Law_School","Hamline_University_School_of_Law","University_of_Minnesota_Law_School","University_of_Saint_Thomas_School_of_Law","Mississippi_College_School_of_Law","Saint_Louis_University","University_of_Missouri_at_Columbia","University_of_Missouri_at_Kansas_City","Washington_University","University_of_Montana_School_of_Law","Creighton_University_Law_School","University_of_Nebraska_College_of_Law","William_Boyd_School_of_Law,_University_of_Nevada_at_Las_Vegas","Rutgers_School_of_Law_at_Newark","Seton_Hall_University","University_of_New_Mexico_School_of_Law","Albany_Law_School","Brooklyn_Law_School","City_University_of_New_York","Columbia_University","Cornell_University","Fordham_University","Hofstra_University","New_York_Law_School","New_York_University","Pace_University","SUNY_Buffalo","Saint_John's_University","Syracuse_University","Touro_Law_Center","Yeshiva_University_Cardozo_School_of_Law","Campbell_University_Norman_A._Wiggins_School_of_Law","Elon_University_School_of_Law","North_Carolina_Central_University_School_of_Law","University_of_North_Carolina_School_of_Law","Wake_Forest_University_School_of_Law","University_of_North_Dakota_School_of_Law","Capital_University","Case_Western_Reserve_University","Cleveland_State_University","Ohio_Northern_University","Ohio_State_University,_The","University_of_Akron","University_of_Cincinnati","University_of_Dayton","University_of_Toledo","Oklahoma_City_University_Law_School","University_of_Oklahoma_Law_Center","University_of_Tulsa_College_of_Law","Lewis_and_Clark_School_of_Law","University_of_Oregon_School_of_Law","Willamette_University_College_of_Law","Duquesne_University","Pennsylania_State_University_-_Dickinson_School_of_Law","Temple_University","University_of_Pennsylvania","University_of_Pittsburgh","Villanova_University","Roger_Williams_University_School_of_Law","Charleston_Law_School","University_of_South_Carolina_School_of_Law","University_of_South_Dakota_School_of_Law","Memphis,_University_of,_Cecil_M._Humphreys_School_of_Law","Nashville_School_of_Law","Vanderbilt_University_Law_School","Baylor_University","Dedman_School_of_Law","Saint_Mary's_University","Texas_Tech_University","Texas_Wesleyan_University","Thurgood_Marshall_School_of_Law","University_of_Houston","University_of_Texas","Brigham_Young_University_-_J._Reuben_Clark_Law_School","University_of_Utah_-_S.J._Quinney_College_of_Law","Appalachian_School_of_Law","College_of_William_and_Mary","George_Mason_University","Liberty_University","Regent_University","University_of_Richmond","University_of_Virginia","Washington_and_Lee_University","Gonzaga_University_School_of_Law","Seattle_University_School_of_Law","University_of_Washington_School_of_Law","District_of_Columbia,_University_of,_David_A._Clarke_School_of_Law","George_Washington_University_School_of_Law","Howard_University_School_of_Law","West_Virginia_University","Marquette_University_School_of_Law","University_of_Wisconsin_Law_School","University_of_Wyoming_School_of_Law","California","Florida","Idaho","Missouri","Nevada","Utah","Wisconsin","England","Northern_Ireland","Scotland","Wales","Arizona","California","Colorado","Connecticut","Florida","Idaho","Illinois","Iowa","Kansas","Louisiana","Maine","Maryland","Massachusetts","Michigan","Minnesota","Mississippi","Missouri","Nebraska","Nevada","New_Hampshire","New_Jersey","New_Mexico","New_York","North_Carolina","North_Dakota","Ohio","Oregon","Pennsylvania","Rhode_Island","Tennessee","Texas","Utah","Virginia","Washington","Washington,_DC","West_Virginia","Wisconsin","Wyoming","South_Carolina","United_States","Canada","United_Kingdom","Deep_Linking","Links_to_Copyrighted_Material","Links_to_Illegal_Material","Permission_to_Link","Alabama","Alaska","Arizona","Arkansas","California","Colorado","Connecticut","Delaware","Florida","Georgia","Hawaii","Idaho","Illinois","Indiana","Iowa","Kansas","Kentucky","Louisiana","Maine","Maryland","Massachusetts","Michigan","Minnesota","Mississippi","Missouri","Montana","Nebraska","Nevada","New_Hampshire","New_Jersey","New_Mexico","New_York","North_Carolina","North_Dakota","Ohio","Oklahoma","Oregon","Pennsylvania","Rhode_Island","South_Carolina","South_Dakota","Tennessee","Texas","Utah","Vermont","Virginia","Washington","West_Virginia","Wisconsin","Wyoming","Local_Programs","State_Associations_and_Networking_Groups","Case_Law","Corporations","Corrections","Court_Records","Court_Rules","Licenses","Statutes_and_Codes","Unclaimed_Property","Vital_Records","Accutane","Antidepressant_Medication","Baycol","Bextra","Celebrex","Crestor","Ephedra","Fen-Phen_and_Redux","Hormone_Replacement","Lariam","Meridia","Ortho_Evra","Phenylpropanolamine","Propulsid","Vioxx","Zyprexa","Alabama","Alaska","Arizona","Arkansas","California","Colorado","Connecticut","Delaware","Florida","Georgia","Hawaii","Idaho","Illinois","Indiana","Iowa","Kansas","Kentucky","Louisiana","Maine","Maryland","Massachusetts","Michigan","Minnesota","Mississippi","Missouri","Montana","Nebraska","Nevada","New_Hampshire","New_Jersey","New_Mexico","New_York","North_Carolina","North_Dakota","Ohio","Oklahoma","Oregon","Pennsylvania","Rhode_Island","South_Carolina","South_Dakota","Tennessee","Texas","Utah","Vermont","Virginia","Washington,_DC","Washington","West_Virginia","Wisconsin","Wyoming","Forms","Kits","Canada","United_States","Business","Gems_and_Jewelry","Machinery_and_Technical_Specialties","Personal_Property","Real_Estate","Canada","Malaysia","Russia","United_Kingdom","United_States","Regulation_and_Training","Auditing","Alabama","Arizona","Arkansas","California","Colorado","Connecticut","Florida","Georgia","Hawaii","Idaho","Illinois","Indiana","Iowa","Louisiana","Maine","Maryland","Massachusetts","Michigan","Missouri","Nevada","New_Hampshire","New_Jersey","New_York","North_Carolina","Ohio","Oklahoma","Oregon","Pennsylvania","Rhode_Island","South_Carolina","Tennessee","Texas","Utah","Virginia","Washington","Wisconsin","Kentucky","Canada","United_States","United_States","Canada","United_States","Camaroon","Egypt","Mauritius","Nigeria","South_Africa","Tunisia","Uganda","Bangladesh","China","Hong_Kong","India","Indonesia","Japan","Kazakhstan","Pakistan","Philippines","Singapore","South_Korea","Taiwan","Thailand","Dominican_Republic","Netherlands_Antilles","Costa_Rica","Honduras","Panama","Austria","Belarus","Belgium","Bosnia_and_Herzegovina","Bulgaria","Czech_Republic","Denmark","France","Germany","Gibraltar","Greece","Ireland","Italy","Latvia","Liechtenstein","Lithuania","Luxembourg","Moldova","Montenegro","Netherlands","Norway","Poland","Portugal","Romania","Russia","Serbia","Spain","Sweden","Switzerland","Ukraine","Cyprus","Iran","Israel","Kuwait","Lebanon","Saudi_Arabia","Syria","Turkey","United_Arab_Emirates","Bermuda","Canada","Mexico","United_States","Australia","New_Zealand","Argentina","Brazil","Colombia","Equador","Peru","Uruguay","Venezuela","Canada","United_States","Alabama","Arkansas","California","Colorado","Connecticut","Florida","Georgia","Hawaii","Illinois","Indiana","Kansas","Kentucky","Louisiana","Maine","Maryland","Massachusetts","Michigan","Minnesota","Mississippi","Missouri","Nebraska","New_Jersey","New_York","North_Carolina","Ohio","Oklahoma","Oregon","Pennsylvania","South_Carolina","Texas","Vermont","Virginia","Washington","Washington,_DC","Wisconsin","Germany","Canada","United_States","Sweden","Canada","United_States","Australia","Canada","United_States","South_Africa","Ireland","Canada","United_States","Australia","Canada","United_States","Canada","United_States","United_States","United_Kingdom","United_States","Australia","Canada","United_States","Belgium","Netherlands","Spain","Israel","Canada","United_States","Ireland","Canada","United_States","Dominican_Republic","Ireland","Canada","United_States","Australia","New_Zealand","India","Indonesia","Japan","Philippines","Singapore","Thailand","Anguilla","Antigua","Aruba","Bahamas","Barbados","British_Virgin_Islands","Cayman_Islands","Dominica","Dominican_Republic","Haiti","Jamaica","Netherlands_Antilles","Puerto_Rico","Saint_Lucia","Saint_Vincent_and_the_Grenadines","Trinidad_and_Tobago","US_Virgin_Islands","Belize","Costa_Rica","El_Salvador","Guatemala","Honduras","Nicaragua","Panama","Austria","Belgium","Bulgaria","Denmark","France","Germany","Gibraltar","Greece","Ireland","Italy","Liechtenstein","Malta","Netherlands","Norway","Portugal","Russia","Spain","Switzerland","Israel","Qatar","Turkey","Canada","Mexico","United_States","Australia","Guam","New_Zealand","Saipan","Germany","Spain","Canada","United_States","Australia","New_Zealand","Canada","United_States","Australia","Canada","United_States","Azerbaijan","Bangladesh","China","India","Indonesia","Japan","Kazakhstan","Malaysia","Maldives","North_Korea","Pakistan","Singapore","South_Korea","Taiwan","Thailand","Uzbekistan","Vietnam","Sri_Lanka","Belarus","Czech_Republic","Finland","France","Georgia","Germany","Greece","Hungary","Ireland","Italy","Latvia","Malta","Moldova","Netherlands","Norway","Poland","Romania","Russia","Serbia_and_Montenegro","Slovenia","Spain","Sweden","Switzerland","Ukraine","Turkey","Canada","Mexico","United_States","Argentina","Brazil","Chile","Equador","Peru","Venezuela","Canada","United_States","Australia","Canada","United_States","India","Singapore","Panama","Finland","Germany","Greece","Netherlands","Spain","Turkey","Canada","United_States","Australia","New_Zealand","Venezuela","Canada","United_States","Ireland","Canada","United_States","Australia","South_Africa","Singapore","Greece","Spain","Canada","United_States","Australia","New_Zealand","Georgia","Canada","United_States","Australia","France","Canada","United_States","Canada","United_States","Arizona","California","Connecticut","Florida","Georgia","Idaho","Kentucky","Ohio","Oregon","Squadrons","Bomb_Group_Associations","Shadow","Stinger","Spectre","Spooky","CH-53E_Super_Stallion","HH-53_Super_Jolly","MH-53E_Sea_Dragon","Hainan_Island_Incident","Museums","Australian_Light_Horse","Buffalo_Soldiers","Cuirassiers","Dragoons","Horse_Artillery","Household_Cavalry","Hussars","Lancers","Mounted_Police","North_American_Aboriginal","Auxiliary","Posts_By_State","Posts_Overseas","Departments","Posts","By_State","By_State","By_State","Overseas","Employment","Government_Agencies","Support","Alabama","Alaska","Arizona","Arkansas","California","Colorado","Connecticut","Delaware","Florida","Funds","Georgia","Idaho","Illinois","Indiana","Kansas","Kentucky","Louisiana","Maine","Maryland","Massachusetts","Michigan","Minnesota","Missouri","Montana","Nebraska","Nevada","New_Hampshire","New_Jersey","New_Mexico","New_York","North_Carolina","North_Dakota","Ohio","Oregon","Pennsylvania","Resources","South_Carolina","South_Dakota","Tennessee","Texas","Vermont","Virginia","Washington","West_Virginia","Wisconsin","Rhode_Island","South_Africa","Canada","United_States","New_Zealand","Australia","By_Country_of_Service","Districts","Districts","Districts","Masonic_Districts_and_County_Associations","Districts","Districts","Districts","Districts","Districts","Districts","Districts","Districts","Districts","Services_and_Organizations","District_Grand_Lodge_of_Barbados","District_Grand_Lodge_of_Botswana","District_Grand_Lodge_of_Central_South_Africa","District_Grand_Lodge_of_Gibraltar","District_Grand_Lodge_of_India","District_Grand_Lodge_of_Jamaica","District_Grand_Lodge_of_Natal","District_Grand_Lodge_of_New_Zealand_North","District_Grand_Lodge_of_Newfoundland","District_Grand_Lodge_of_Western_Australia","District_Grand_Lodge_of_the_Bahamas","District_Grand_Lodge_of_the_Cape_of_Good_Hope,_Western_Province","District_Grand_Lodge_of_the_Far_East","Provincial_Grand_Lodge_of_Aberdeen_City","Provincial_Grand_Lodge_of_Aberdeen_East","Provincial_Grand_Lodge_of_Argyll_and_the_Isles.","Provincial_Grand_Lodge_of_Ayrshire","Provincial_Grand_Lodge_of_Dumfriesshire","Provincial_Grand_Lodge_of_Dunbartonshire","Provincial_Grand_Lodge_of_East_Lothian_and_Berwickshire","Provincial_Grand_Lodge_of_Edinburgh","Provincial_Grand_Lodge_of_Fife_and_Kinross","Provincial_Grand_Lodge_of_Forfarshire","Provincial_Grand_Lodge_of_Galloway","Provincial_Grand_Lodge_of_Glasgow","Provincial_Grand_Lodge_of_Inverness-shire","Provincial_Grand_Lodge_of_Lanarkshire,_Middle_Ward","Provincial_Grand_Lodge_of_Lanarkshire,_Upper_Ward","Provincial_Grand_Lodge_of_Linlithgowshire","Provincial_Grand_Lodge_of_Midlothian","Provincial_Grand_Lodge_of_Moray_and_Nairn","Provincial_Grand_Lodge_of_Orkney_and_Zetland","Provincial_Grand_Lodge_of_Perthshire_East","Provincial_Grand_Lodge_of_Perthshire_West","Provincial_Grand_Lodge_of_Renfrewshire_East","Provincial_Grand_Lodge_of_Renfrewshire_West","Provincial_Grand_Lodge_of_Ross_and_Cromarty","Provincial_Grand_Lodge_of_Roxburgh,_Peebles_and_Selkirk_Shires","Provincial_Grand_Lodge_of_Stirlingshire","Provincial_Grand_Lodge_of_Sutherland","Provincial_Grand_Lodge_of_Aberdeen_West","Provincial_Grand_Lodge_of_Kilwinning","Districts","Districts","Districts","District_Grand_Lodges_and_Inspectorates","Masonic_Halls","Metropolitan_Grand_Lodge_of_London","Provincial_Grand_Lodge_of_Bedfordshire","Provincial_Grand_Lodge_of_Berkshire","Provincial_Grand_Lodge_of_Bristol","Provincial_Grand_Lodge_of_Buckinghamshire","Provincial_Grand_Lodge_of_Cambridgeshire","Provincial_Grand_Lodge_of_Cheshire","Provincial_Grand_Lodge_of_Cornwall","Provincial_Grand_Lodge_of_Cumberland_and_Westmoreland","Provincial_Grand_Lodge_of_Derbyshire","Provincial_Grand_Lodge_of_Devonshire","Provincial_Grand_Lodge_of_Dorset","Provincial_Grand_Lodge_of_Durham","Provincial_Grand_Lodge_of_East_Kent","Provincial_Grand_Lodge_of_East_Lancashire","Provincial_Grand_Lodge_of_Essex","Provincial_Grand_Lodge_of_Gloucestershire","Provincial_Grand_Lodge_of_Hampshire_and_Isle_of_Wight","Provincial_Grand_Lodge_of_Hertfordshire","Provincial_Grand_Lodge_of_Isle_of_Man","Provincial_Grand_Lodge_of_Jersey","Provincial_Grand_Lodge_of_Leicestershire_and_Rutland","Provincial_Grand_Lodge_of_Middlesex","Provincial_Grand_Lodge_of_Monmouthshire","Provincial_Grand_Lodge_of_Norfolk","Provincial_Grand_Lodge_of_North_Wales","Provincial_Grand_Lodge_of_Surrey","Provincial_Grand_Lodge_of_Northamptonshire_and_Huntingdonshire","Provincial_Grand_Lodge_of_Northumberland","Provincial_Grand_Lodge_of_Nottinghamshire","Provincial_Grand_Lodge_of_Oxfordshire","Provincial_Grand_Lodge_of_Shropshire","Provincial_Grand_Lodge_of_Somerset","Provincial_Grand_Lodge_of_South_Wales,_Eastern_Division","Provincial_Grand_Lodge_of_South_Wales,_Western_Division","Provincial_Grand_Lodge_of_Staffordshire","Provincial_Grand_Lodge_of_Suffolk","Provincial_Grand_Lodge_of_Sussex","Provincial_Grand_Lodge_of_Warwickshire","Provincial_Grand_Lodge_of_West_Kent","Provincial_Grand_Lodge_of_West_Lancashire","Provincial_Grand_Lodge_of_Wiltshire","Provincial_Grand_Lodge_of_Worcestershire","Provincial_Grand_Lodge_of_Yorkshire,_North_and_East_Ridings","Provincial_Grand_Lodge_of_Yorkshire,_West_Riding","A&amp;A_Rite_for_England_&amp;_Wales_-_Rose_Croix","Northern_Jurisdiction,_USA","Southern_Jurisdiction,_USA","Grand_Chapters","Ralph_Bunche_Grand_Lodge_of_Michigan","Knights_Templar_of_the_United_States_of_America","Travelling_Men","Widows'_Sons","Supreme_Grand_Chapter_of_England","Supreme_Grand_Royal_Arch_Chapter_of_Scotland","Ancient_Arabic_Order,_Nobles_of_the_Mystic_Shrine","Ancient_Egyptian_Arabic_Order,_Nobles_Mystic_Shrine,_Inc.","in_Anglia","in_Canada","in_Civitatibus_Foederatis","Constellation_of_Junior_Stars","DeMolay_International","International_Order_of_Job's_Daughters","International_Order_of_the_Rainbow_for_Girls","Knights_of_Pythagoras","Organization_of_Triangles","Canada","United_States","United_States","Anderson","Armstrong","Bell","Boyd","Bruce","Buchanan","Cameron","Chisholm","Donald","Duncan","Fergusson","Fraser","Graham","Gunn","Hay","Henderson","Keith","Lamont","Leslie","Livingstone","MacAulay","MacFie","MacKinnon","MacLeod","MacMillan","MacNab","MacRae","McIntosh","Rose","Ross","Scott","Shaw","Stewart","Tartans","Urquhart","Bottled_Water","Candy","Cheesecake","Citrus","Coffee_and_Tea","Cookie_Dough","Meat_Products","Nuts","Pizza_and_Pasta","Popcorn","Canada","Mexico","United_States","Alabama","Arizona","Arkansas","California","Colorado","Connecticut","Delaware","Florida","Georgia","Hawaii","Idaho","Illinois","Indiana","Iowa","Kansas","Kentucky","Louisiana","Maine","Maryland","Massachusetts","Michigan","Minnesota","Mississippi","Missouri","Montana","Nebraska","Nevada","New_Hampshire","New_Jersey","New_Mexico","New_York","North_Carolina","North_Dakota","Ohio","Oklahoma","Oregon","Pennsylvania","South_Carolina","South_Dakota","Tennessee","Texas","Utah","Vermont","Virginia","Washington","Washington,_DC","West_Virginia","Wisconsin","Wyoming","Alabama","Arizona","California","Connecticut","Florida","Georgia","Illinois","Maryland","Michigan","New_Hampshire","New_Jersey","New_York","Pennsylvania","South_Carolina","Texas","Virginia","Washington","Wisconsin","Kentucky","Alberta","British_Columbia","Manitoba","Ontario","Saskatchewan","Arkansas","California","Colorado","Connecticut","Delaware","Florida","Georgia","Idaho","Illinois","Indiana","Iowa","Louisiana","Maine","Maryland","Massachusetts","Michigan","Minnesota","Missouri","New_Jersey","New_York","North_Carolina","Ohio","Oklahoma","Oregon","Pennsylvania","South_Carolina","Texas","Virginia","Washington","West_Virginia","Wisconsin","Alaska","Arizona","California","Connecticut","Florida","Georgia","Illinois","Indiana","Iowa","Maryland","Michigan","Minnesota","Missouri","New_Jersey","New_Mexico","New_York","North_Carolina","North_Dakota","Ohio","Oregon","Pennsylvania","South_Carolina","Texas","Virginia","Washington","West_Virginia","Wisconsin","Alabama","Maine","Tennessee","UK_and_Ireland","United_Kingdom","Turkey","Canada","Mexico","United_States","United_States","Teams","College","High_School","Homeschooled","College_Teams","High_School_Teams","Vendors","California","Collegiate_Chapters","Alumnae_Chapters","Collegiate_Chapters","Alumni_Chapters","Alumnae_Associations","Collegiate_Chapters","Collegiate_Chapters","Collegiate_Chapters","Alumnae_Chapters_and_Clubs","Collegiate_Chapters","Junior_Circles","Collegiate_Chapters","Alumnae_Chapters","Collegiate_Chapters","Alumnae_Chapters","Chats_and_Forums","Collegiate_Chapters","Ivy_Connections","Shopping","Alumnae_Chapters","Collegiate_Chapters","Alumni","Alumnae_Chapters_and_Clubs","Collegiate_Chapters","Alumni_Chapters","Collegiate_Chapters","Alumnae_Chapters","Collegiate_Chapters","Graduate_Chapters","Undergraduate_Chapters","Alumni","Collegiate","Graduate","Alumnae_Chapters","Collegiate_Chapters","Member_Websites","Graduate_Chapters","Undergraduate_Chapters","Alumni_Chapters","Undergraduate_Chapters","Personal_Pages","Graduate_Chapters","Undergraduate_Chapters","Alumni_Chapters","Collegiate_Chapters","Alumnae_Chapters","Undergraduate_Chapters","Graduate_Chapters","Undergraduate_Chapters","Associate_Chapters","Collegiate_Chapters","Colonies","Alumnae_Associations","Alumni_Associations","Collegiate_Chapters","Alumnae_Chapters","Collegiate_Chapters","Alumni_Chapters","Collegiate_Chapters","Alumni","Chats_and_Forums","Collegiate_Chapters","History","Host_Institutions","Members","Shopping","Alumni_Chapters","Chats_and_Forums","Collegiate_Chapters","Alumnae_Chapters","Collegiate_Chapters","Alumnae_Chapters","Collegiate_Chapters","Alumni","Collegiate_Chapters","Alumnae_Chapters","Collegiate_Chapters","Alumni_Chapters","Collegiate_Chapters","Alumni_Chapters","Collegiate_Chapters","Alumni_Chapters","Collegiate_Chapters","Alumnae_Chapters","Collegiate_Chapters","Alumnae_Chapters","Collegiate_Chapters","Online_Groups","Shopping","Alumni_Chapters","Collegiate_Chapters","Alumnae_Chapters","Collegiate_Chapters","Alumnae_Associations","Collegiate_Chapters","Alumnae_Chapters","Collegiate_Chapters","Forums","Shopping","Alumni_Groups","Collegiate_Chapters","Alumni","Collegiate_Chapters","Graduate_Chapters","Alumni","Skull_and_Bones","Associate_Chapters","Affiliate_Chapters","Collegiate_Chapters","Graduate,_Alumnae_and_Professional_Chapters","Alumni","Collegiate_Chapters","Alumni_Chapters","Collegiate_Chapters","Alumni_Associations","Collegiate_Chapters","Colonies","Directories","Dormant_Chapters","Housing_Corporations","Online_Communities","Personal_Pages","Shopping","Collegiate_Chapters","Collegiate_Chapters","Alumnae_Chapters","Collegiate_Chapters","Alumni","Collegiate_Chapters","Alumnae_Chapters","Collegiate_Chapters","Alumnae_Chapters","Collegiate_Chapters","Alumni_Associations","College_Chapters","Alumni","Closed_Chapters","Collegiate_Chapters","Alumni","Collegiate_Chapters","Alumni_Chapters","Collegiate_Chapters","Alumni","Alumni","Chapters","Midwest_District","North_Central_District","Northeast_District","Southeast_District","Southwest_District","Western_District","Alumni_Chapters","Collegiate_Chapters","Alumnae_Chapters","Alumni","Collegiate_Chapters","Merchandise","Collegiate_Chapters","Alumni_Chapters","Collegiate_Chapters","Alumnae_Chapters","Collegiate_Chapters","Collegiate_Chapters","Alumni_Chapters","Collegiate_Chapters","Alumnae_Chapters","Collegiate_Chapters","Alumni_Associations","Collegiate_Chapters","Alumni_Chapters","Collegiate_Chapters","Alumni","Collegiate_Chapters","Alumnae_Associations","Collegiate_Chapters","Collegiate_Chapters","Alumni","Collegiate_Chapters","Alumni_Chapters","Collegiate_Chapters","Alumnae_Chapters","Collegiate_Chapters","Australia","Canada","New_Zealand","United_States","Alabama","Arizona","California","Colorado","Connecticut","Florida","Georgia","Idaho","Illinois","Indiana","Iowa","Kansas","Kentucky","Maine","Maryland","Massachusetts","Michigan","Minnesota","Missouri","Nebraska","Nevada","New_Hampshire","New_Jersey","New_Mexico","New_York","North_Carolina","North_Dakota","Ohio","Oklahoma","Oregon","Pennsylvania","Rhode_Island","South_Carolina","Tennessee","Texas","Utah","Virginia","Washington","Washington,_DC","West_Virginia","Wisconsin","Wyoming","Sabrina_Online","British_Pensioners","Service_Corps_of_Retired_Executives","Africa","Asia","Caribbean","Central_America","Europe","Middle_East","North_America","Oceania","Senior_Living_Directories_and_Helps","Senior_Living_Industry_Professionals","Uganda","India","Ireland","United_Kingdom","Turkey","United_States","Australia","New_Zealand","Camps","Chats_and_Forums","Clip_Art","History","Personal_Pages","Regional","Kenya","Ghana","Tanzania","Zambia","Rwanda","South_Africa","Zimbabwe","Sierra_Leone","Morocco","India","Nepal","Pakistan","Thailand","Cambodia","Vietnam","Bangladesh","Haiti","Canada","Mexico","United_States","Australia","Indonesia","Philippines","Joint_Custody_and_Shared_Parenting","Parental_Alienation_Syndrome","False_Memory_Syndrome","India","Accounting","Agriculture_and_Forestry","Arts_and_Entertainment","Construction_and_Maintenance","E-Commerce","Financial_Services","Hospitality","Insurance","International_Business_and_Trade","Law","Maritime_Transportation","Publishing_and_Printing","Real_Estate","United_Kingdom","United_States","Bosnia_and_Herzegovina","European_Professional_Women's_Network_-_EPWN","Serbia","United_Kingdom","United_States","Australia","New_Zealand","History","Agencies","Bibliographies","Conferences_and_Events","Dating_Violence","Law_Enforcement_Sites","Legal_Issues","Medical_Aspects","Personal_Stories","Religion_and_Domestic_Violence","Shelters","State_and_Regional_Networks","Statistical_Information","Honor_Killing","National_Council_of_Women_of_Canada","Australia","Canada","United_States","Alabama","Arizona","California","Colorado","Connecticut","Florida","Georgia","Illinois","Iowa","Kansas","Kentucky","Louisiana","Maine","Maryland","Massachusetts","Michigan","Minnesota","Nebraska","New_Hampshire","New_Jersey","New_Mexico","New_York","North_Carolina","Ohio","Oregon","Pennsylvania","Rhode_Island","Tennessee","Texas","Virginia","Washington","Wisconsin","Alabama","Arizona","Arkansas","California","Colorado","Connecticut","Florida","Georgia","Illinois","Indiana","Iowa","Kansas","Kentucky","Louisiana","Maryland","Massachusetts","Michigan","Minnesota","Missouri","Nebraska","New_Jersey","New_York","North_Carolina","Ohio","Oklahoma","Pennsylvania","South_Carolina","Tennessee","Texas","Virginia","Washington","Wisconsin","West_Virginia","Arkansas","California","Colorado","Connecticut","Delaware","Florida","Georgia","Illinois","Kentucky","Louisiana","Maryland","Massachusetts","Michigan","Minnesota","Mississippi","Missouri","New_Hampshire","New_Jersey","New_Mexico","New_York","North_Carolina","Ohio","Oklahoma","Oregon","Pennsylvania","Rhode_Island","South_Carolina","Tennessee","Texas","Virginia","Washington","West_Virginia","Wisconsin","Canada","United_States","Canada","United_States","Digital_Eve","Webgrrls","Directories","Alabama","Arkansas","Georgia","Louisiana","Mississippi","Alabama","Arkansas","Georgia","Louisiana","Mississippi","Michigan","Florida","West_Virginia","New_Mexico","Pennsylvania","Texas","Maryland","Massachusetts","Montana","California","Indiana","Minnesota","Ohio","Connecticut","New_York","Tennessee","North_Carolina","Wyoming","Kentucky","Illinois","South_Carolina","Missouri","Delaware","Colorado","Nebraska","Iowa","Wisconsin","Maine","New_Jersey","Rhode_Island","Washington","Vermont","Alaska","Washington,_DC","Alabama","Alaska","Arizona","Arkansas","California","Camps","Colorado","Connecticut","Delaware","Florida","Georgia","Hawaii","Idaho","Illinois","Indiana","Iowa","Kansas","Kentucky","Louisiana","Maine","Maryland","Massachusetts","Michigan","Montana","New_Jersey","New_York","North_Carolina","Ohio","Pennsylvania","Rhode_Island","South_Carolina","South_Dakota","Texas","Virginia","Washington","Carvaka","Books","Animal","Human","Philosophers","Philosophers","Works","Nicomachean_Ethics","Poetics","Rhetoric","Discourse_on_Method","Meditations","Phenomenology_of_Spirit","On_Liberty","Apology","Gorgias","Phaedrus","The_Republic","Theologico-Political_Treatise","Candide","Philosophical_Investigations","Weblogs","Personal_Pages","Theorists","Hoxhaism","Maoism","Historical","Simulations","Alaska","Arkansas","California","Florida","Georgia","Hawaii","Illinois","Kansas","Massachusetts","Michigan","New_York","North_Carolina","Oklahoma","Pennsylvania","Texas","Virginia","Washington","Wisconsin","China","Philippines","Thailand","Central_and_Eastern_Europe","Russia","Ukraine","United_Kingdom","Canada","United_States","New_York","Massachusetts","Pennsylvania","Kansas","Virginia","Rhode_Island","Personal_Stories","Alabama","Alaska","Arizona","Arkansas","California","Colorado","Connecticut","Delaware","Florida","Georgia","Hawaii","Idaho","Illinois","Indiana","Iowa","Kansas","Kentucky","Louisiana","Maine","Maryland","Massachusetts","Michigan","Minnesota","Mississippi","Missouri","Montana","Nebraska","Nevada","New_Hampshire","New_Jersey","New_Mexico","New_York","North_Carolina","North_Dakota","Ohio","Oklahoma","Oregon","Pennsylvania","Rhode_Island","South_Carolina","South_Dakota","Tennessee","Texas","Utah","Vermont","Virginia","Washington","Washington,_DC","West_Virginia","Wisconsin","Wyoming","Canada","United_States","Australia","New_Zealand","Arizona","California","Colorado","Connecticut","Delaware","Florida","Georgia","Hawaii","Illinois","Indiana","Iowa","Kansas","Kentucky","Louisiana","Maine","Maryland","Massachusetts","Michigan","Minnesota","Missouri","Montana","Nebraska","Nevada","New_Jersey","New_Mexico","New_York","North_Carolina","Ohio","Oklahoma","Oregon","Pennsylvania","Rhode_Island","South_Carolina","Tennessee","Texas","Utah","Virginia","Vermont","Washington","Washington,_DC","West_Virginia","Wisconsin","Wyoming","Alabama","Alaska","Arizona","Arkansas","California","Colorado","Connecticut","Delaware","Florida","Georgia","Hawaii","Idaho","Illinois","Indiana","Iowa","Kansas","Kentucky","Louisiana","Maine","Maryland","Massachusetts","Michigan","Minnesota","Mississippi","Missouri","Montana","Nebraska","Nevada","New_Hampshire","New_Jersey","New_Mexico","New_York","North_Carolina","North_Dakota","Ohio","Oklahoma","Oregon","Pennsylvania","Rhode_Island","South_Carolina","South_Dakota","Tennessee","Texas","Utah","Vermont","Virginia","Washington","Washington,_DC","West_Virginia","Wisconsin","Wyoming","California","Florida","Hawaii","Illinois","Indiana","Iowa","Nevada","New_Jersey","New_York","North_Carolina","Texas","Pennsylvania","Australia","Canada","France","India","Ireland","New_Zealand","Norway","Spain","United_Kingdom","United_States","Venezuela","South_Africa","Personal_Pages","Australia","Canada","France","Germany","Ireland","Italy","Malaysia","New_Zealand","Singapore","South_Africa","Spain","Taiwan","United_Kingdom","United_States","Finland","Centers_and_Groups","Temples","Temples_and_Groups","Chats_and_Forums","Educational","Peace_Projects","Regional_Groups","Australia","Canada","Germany","Japan","Singapore","United_Kingdom","United_States","Japan","United_States","Australia","Bangladesh","Belgium","Cambodia","Canada","France","Germany","India","Italy","Japan","Malaysia","Mexico","Myanmar","Nepal","Netherlands","New_Zealand","Romania","Singapore","South_Africa","Spain","Sri_Lanka","Sweden","Switzerland","Taiwan","Thailand","United_Kingdom","United_States","Books","Australia","Austria","Brazil","Canada","Colombia","Czech_Republic","Denmark","Finland","France","Germany","Greece","Hong_Kong","India","Ireland","Italy","Japan","Malaysia","Mexico","Nepal","Netherlands","New_Zealand","Norway","Poland","Russia","Singapore","South_Africa","Spain","Sweden","Switzerland","Tibet","United_Kingdom","United_States","Venezuela","Articles","Interviews","Texts_and_Teachings","Dzogchen","Tonglen","Chögyam_Trungpa_Rinpoche","Dilgo_Khyentse_Rinpoche","Karmapa_Ogyen_Trinley_Dorje","Karmapa_Thaye_Dorje","Lama_Surya_Das","Milarepa","Naropa","Padmasambhava","Australia","Canada","United_States","Martial_Arts","Music","Poetry","Rock_Gardens","Argentina","Australia","Austria","Belgium","Canada","China","Costa_Rica","Croatia","Czech_Republic","Denmark","Finland","France","Germany","Hungary","India","Ireland","Israel","Italy","Japan","Liechtenstein","Lithuania","Malaysia","Mexico","Netherlands","New_Zealand","Norway","Poland","Portugal","Romania","Russia","Singapore","Slovakia","South_Africa","South_Korea","Spain","Sweden","Switzerland","Taiwan","United_Kingdom","United_States","Association_Zen_Internationale","Deshimaru_Lineage","Harada-Yasutani_Lineage","Rinzai","Soto","Ancient_Masters","Historic_Masters","Books_and_Tapes","Zafus_and_Zabutons","10_Oxherding_Pictures","Chants","Koans","Stories","Sutras","Talks","Christianity","Children's_Literature","Classic","Contemporary_Fiction","Hansen,_Ron","Historical_Fiction","Inspirational_Romance","Mauriac,_François","Non-Fiction","Science_Fiction","Spark,_Muriel","Wangerin,_Walter,_Jr.","Christmas","Magazines_and_E-zines","Personal_Pages","Poets","Comedians","Associations","Companies","Dancers","Education","Scripts","Companies","Mime","Scripts","New_Testament","Old_Testament","Antichrist_and_Satan","Dinosaurs","Easter_or_Passover","Faith","Food_and_Diet","God","Homosexuality","Rapture_of_the_Church","Resurrection","Sabbath","Salvation","Sexuality","Speaking_in_Tongues","Ten_Commandments","Tithing","Types_and_Symbols","Worship_and_Prayer","Coverdale,_Miles","Tyndale,_William","Wycliffe,_John","Early","French","German","English","Manuscripts","Oral_Traditions","Printed_Editions","Early_Versions","King_James_Version","Revised_Standard_Version","Young's_Literal_Translation","American_Standard_Version","English_Standard_Version","New_English_Translation","New_Living_Translation","New_King_James_Version","Amplified_Version","The_Message","New_International_Version","Today's_New_International_Version","Periodicals","New_Testament","Old_Testament","New_Testament","Old_Testament","Life_of_Jesus","Greek","Book_of_Enoch","Acts","General_Epistles","Gospels","Hebrews","Pauline_Epistles","Revelation","Psalms","King_James_Version_Only_Debate","New_Testament","Opposing_Views","Programs","Stations","Adventures_in_Odyssey","Australia","Canada","New_Zealand","South_America","United_Kingdom","United_States","United_States","Silent_Night","Coloring_Pages","Resurrection_Eggs","Coaches","Licensed_Counselors","Pastoral_Counselors","Psychologists","Creeds","Church_Councils","Great_Awakening","Fundamentalism","Pietism","Didache","Epistle_of_Barnabas","Epistle_to_Diognetus","Second_Clement","Shepherd_of_Hermas","Works","Works","Works","Shakers","African","Asian","North_American","Oceania","Scottish","South_American","Cranmer,_Thomas","Ferrar,_Robert","Luther,_Martin","Melanchthon,_Philipp","Brethren_of_the_Common_Life","Lefèvre_dÉtaples,_Jacques","Dutch","Eastern_European","English","French","German","Scottish","Swiss","England","Northern_Ireland","Scotland","Wales","Alberta","British_Columbia","Manitoba","New_Brunswick","Newfoundland_and_Labrador","Nova_Scotia","Nunavut","Ontario","Prince_Edward_Island","Quebec","Saskatchewan","Yukon","Northwest_Territories","Alabama","Alaska","Arizona","Arkansas","California","Colorado","Connecticut","Delaware","Florida","Georgia","Hawaii","Idaho","Illinois","Indiana","Iowa","Kansas","Kentucky","Louisiana","Maine","Maryland","Massachusetts","Michigan","Minnesota","Mississippi","Missouri","Montana","Nebraska","Nevada","New_Hampshire","New_Jersey","New_Mexico","New_York","North_Carolina","North_Dakota","Ohio","Oklahoma","Oregon","Pennsylvania","Rhode_Island","South_Carolina","South_Dakota","Tennessee","Texas","Utah","Vermont","Virginia","Washington","Washington,_DC","West_Virginia","Wisconsin","Wyoming","Christmas","Easter","Bible_Codes","Bible_Study","Freeware","Memorization","Apostolic_Christian_Church_-_Nazarean","Apostolic_Christian_Church_of_America","Genealogies-Cemeteries","Camps_and_Retreats","Education","Local_Churches","Dioceses","Parishes","Churches","Dioceses","Churches","Churches","Dioceses","Churches","Dioceses","Education","Media","Organizations","People","Camps_and_Retreat_Centres","Churches","Dioceses","Education","History","Ministries","Organizations","Publications","Renewal_Movements","Churches","Dioceses","Churches","Dioceses_and_Provinces","Ministries","Parishes","Churches","Dioceses","Businesses","Churches","Dioceses","History","News_and_Media","Orders","Organisations","Resources","Theological_Education","Churches","Dioceses","India","United_Kingdom","United_States","K-12","Seminaries","Arts","Camps,_Conference_and_Retreat_Centers","Churches","Dioceses","Education","History","Issues","Ministries","Missionary_Work","Organizations","Publications","Reference","Religious_Communities","Renewal_Movements","Worship_and_Music","Churches","Dioceses","Parishes","Churches","Churches","Dioceses","Churches","Churches","Dioceses","Churches","Dioceses","Dioceses","Parishes","Alberta","British_Columbia","Ontario","Quebec","Saskatchewan","American_Baptist_Association","American_Baptist_Churches_USA","Baptist_General_Conference","Association_of_Baptist_Churches_in_Ireland","Association_of_Grace_Baptist_Churches","Baptist_Bible_Fellowship_International","Baptist_Missionary_Association_of_America","Baptist_Union_of_Australia","Baptist_Union_of_Great_Britain","Baptist_Union_of_New_Zealand","Baptist_Union_of_Scotland","Canadian_Baptist_Ministries","Canadian_Convention_of_Southern_Baptists","Conservative_Baptists","Cooperative_Baptist_Fellowship","European_Baptist_Convention","Fellowship_of_Evangelical_Baptist_Churches_in_Canada","Free_Will_Baptists","General_Association_of_General_Baptists","General_Association_of_Regular_Baptist_Churches","Independent_Baptists","Landmark_Baptists","National_Baptist_Convention,_U.S.A.","North_American_Baptist_Conference","Old_Baptist_Union","Primitive_Baptists","Reformed_Baptists","Separate_Baptists","Seventh_Day_Baptists","Southern_Baptist_Convention","Wisconsin_Fellowship_of_Baptist_Churches","K-12","Gill,_John","Spurgeon,_Charles_Haddon","Carey,_William","Hyles,_Jack","Judson,_Adoniram","Judson,_Ann","Churches","Churches","Camps_and_Retreats","Churches","Colleges_and_Universities","Churches","Churches","Weblogs","Africa","Asia","Europe","North_America","Oceania","Web_Services","Africa","Asia","Caribbean","Directories","Europe","Middle_East","North_America","Oceania","Armenian","Byzantine","Chaldean","Coptic","Ethiopian","History","Maronite","Syrian","Syro-Malabar","Colleges_and_Universities","K_through_12","Basic_Texts","Natural_Family_Planning","By_Region","By_Time_Period","By_Topic","Online_Texts","Organizations","Clergy_Abuse","Pro-Life","Eastern_Rites","Journals","Liturgy_of_the_Hours","Organizations","Traditional_Latin_Mass","Weblogs","Catholic_Worker","Charismatic_Renewal","Communion_and_Liberation","Cursillo","Bands_and_Artists","Hymnals","Journals","Magazines_and_E-zines","News","Newspapers","Radio","Television","Autocephalous_Churches","Society_of_Saint_Pius_X","Directories","History","Men's_Orders","Military_Orders","News_and_Media","Third_Orders","Vocations","Women's_Orders","Daughters_of_Isabella","Gay,_Lesbian,_and_Bisexual","Humanitarian","Knights_of_Columbus","L'Arche","Missions","Opus_Dei","Professional","Scholarly","Serra_International","Student","Volunteering","Africa","Asia","Caribbean","Europe","North_America","Oceania","Bunel,_Jacques","Day,_Dorothy","Kids","Merton,_Thomas","Personal_Pages","Romero,_Oscar_A.","Talbot,_Matt","Teens","Vanier,_Jean","A","B","C","D","E","F","G","H","I","J","L","M","N","P","Papal_Election","R","S","T","U","V","X","Z","Devotions","Prayers","Catholic_Encyclopedia","Graphics","Webmaster","Anointing_of_the_Sick","Baptism","Confirmation","Eucharist","Holy_Orders","Matrimony","Reconciliation","A","B","C","D","E","F","G","H","I","J","K","L","M","N","O","P","Q","R","S","T","U","V","W","X","Y","Z","Bible_Study","Online","Versions","Books","Crafts","Gifts","Rosaries","Academic_Departments","Journals","Organizations","Pastoral","Theologians","Churches","Local_Churches","Australia","Canada","New_Zealand","United_Kingdom","United_States","Local_Churches","Regional_Offices","Education","Canada","Education","Missions","United_States","Bermuda","Canada","Germany","United_Kingdom","United_States","Aruba","Australia","Canada","Cayman_Islands","Germany","Ghana","Guam","India","Ireland","Israel","Italy","Jamaica","Japan","Malaysia","Netherlands","New_Zealand","Norway","Philippines","Russia","Singapore","South_Korea","Thailand","Uganda","Ukraine","United_Kingdom","United_States","Chats_and_Forums","Events","Personals","Resources","United_States","Education","Local_Churches","Europe","North_America","Canada","United_States","United_States","Camps","Districts","Education","Local_Churches","Retirement_Communities","Simpson,_A._B.","Tozer,_A._W.","Periodicals","Territories","Asia","Central_and_South_America","Europe","Oceania","United_States","Arts","Businesses","Chats_and_Forums","Church_Units","Computers","Directories","Education","Genealogy","Graphics_and_Clip_Art","History","Humor","Investigating_Resources","Mailing_Lists","News_and_Media","Online_Communities","People","Personal_Pages","Preparedness","Programs","Reference","Regional","Scriptures","Shopping","Support_Groups","Temples","Camps_and_Retreats","Congregations","Education","History","Mission_Centers","Scriptures","Strang,_James","Smith,_Joseph,_Jr.","Young,_Brigham","Bible","Book_of_Mormon","Doctrine_and_Covenants","Pearl_of_Great_Price","Christian_Students","Christians_on_Campus","Canada","New_Zealand","Philippines","United_States","Watchman_Nee","Witness_Lee","Ecclesiology","Australia","Canada","United_States","Cooperative_Ministries","Evangelical_Lutheran_Church_in_America","Evangelical_Lutheran_Church_in_Canada","Lutheran_Church-Missouri_Synod","Lutheran_Church_of_Australia","Wisconsin_Evangelical_Lutheran_Synod","Chats_and_Forums","Directories","Mailing_Lists","Online_Ministries","Web_Rings","Web_Services","American_Association_of_Lutheran_Churches","Apostolic_Lutheran_Church_of_America","Association_of_Free_Lutheran_Congregations","Church_of_the_Lutheran_Brethren_of_America","Church_of_the_Lutheran_Confession","Evangelical_Lutheran_Church_in_America","Evangelical_Lutheran_Synod","Evangelical_Lutheran_Church_in_Canada","Independent","Laestadian_Lutheran_Church","Lutheran_Church-Canada","Lutheran_Church-Missouri_Synod","Lutheran_Church_in_Singapore","Lutheran_Church_of_Australia","Lutheran_Church_of_New_Zealand","Lutheran_Conference_of_Confessional_Fellowship","Wisconsin_Evangelical_Lutheran_Synod","Colleges_and_Universities","K_through_12","Seminaries","Charitable_Foundations","Financial_Services","Humanitarian_Relief","Lutheran_Congregations_in_Mission_for_Christ","Media_Ministry","Missions","Social_Services","Via_de_Cristo","Personal_Pages","Theologians","Weblogs","Synodical","Africa","American_Association_of_Lutheran_Churches","Apostolic_Lutheran_Church_of_America","Asia","Association_of_Free_Lutheran_Congregations","Caribbean","Church_of_Sweden","Church_of_the_Lutheran_Brethren_of_America","Church_of_the_Lutheran_Confession","Estonian_Evangelical_Lutheran_Church","Europe","Evangelical_Lutheran_Church_in_America","Evangelical_Lutheran_Church_in_Canada","Evangelical_Lutheran_Church_in_Southern_Africa","Evangelical_Lutheran_Synod","Laestadian_Lutheran_Church","Lutheran_Church-Canada","Lutheran_Church-Missouri_Synod","Lutheran_Church_of_Australia","Lutheran_Church_of_New_Zealand","Middle_East","North_America","Wisconsin_Evangelical_Lutheran_Synod","Directories","Exegetical_and_Biblical","Historical","Journals","Practical","Systematic","Lutheran_Teens_Encounter_Christ","Australia","Canada","Israel","New_Zealand","South_Africa","United_Kingdom","United_States","Jews_For_Jesus","Articles","Magazines_and_E-zines","Messianic_Israel","Local_Churches","Local_Churches","Local_Churches","Local_Churches","Churches","Local_Churches","Local_Churches","Churches","Camps_and_Retreat_Centers","Local_Churches","Youth","Evangelical_United_Brethren","Local_Churches","Churches","Local_Churches","Schools","Businesses","Districts","Education","History","Issues","Local_Churches","Magazines_and_E-zines","Publishers","Sermons","Students","Youth","Wesley,_Charles","Wesley,_John","Wesley_Family","Local_Churches","Campus_Ministries","Education","General_Church_Agencies","Local_Churches","Magazines_and_E-zines","Outdoor_and_Retreat_Ministries","Regional_Bodies","Renewal_Movements","Sermons","Social_Issues","Worship","Youth","History","Local_Churches","Pascha","Albanian","Alexandria","America","Antiochian","Bulgarian","Finland","Constantinople","Georgian","Greek","Independent","Japan","Jerusalem","Macedonian","Non-Chalcedonian","Romanian","Russian","Serbian","Ukrainian","K_through_12","Seminaries","Rome","Africa","Europe","Middle_East","North_America","Asia","Europe","North_America","Oceania","Jesus_Prayer","A","B","C","D","E","F","G","H","I","J","K","L","M","N","O","P","Q","R","S","T","U","V","W","X","Y","Z","Books_and_Publishers","Icons","Colleges_and_Universities","Local_Churches","Churches","Colleges_and_Universities","Local_Churches","Royal_Rangers","Churches","Colleges_and_Universities","Seminaries","Local_Churches","Seminaries","Local_Churches","Chats_and_Forums","Churches","Music","Personal_Pages","Apostolic_Assemblies_of_Christ","Apostolic_Overcoming_Holy_Church_of_God","Assemblies_of_the_Lord_Jesus_Christ","Church_of_Our_Lord_Jesus_Christ_of_the_Apostolic_Faith","Theology","True_Jesus_Church","United_Pentecostal_Church_International","Churches","Education","Churches","Australia","Canada","New_Zealand","Singapore","United_Kingdom","United_States","Churches","Churches","Seminaries","Churches","Presbyteries","Churches","Colleges_and_Universities","K_through_12","Seminaries","Churches","Presbyteries","Churches","History","Churches","Churches","Churches","Churches","Churches","Churches","Camps_and_Conference_Centers","Campus_Ministries","Churches","Education","News_and_Media","Organizations","Presbyterian_Homes","Presbyteries","Synods","Youth","Churches","College_Ministries","Education","Presbyteries","Churches","Youth","Churches","Churches","Churches","Education","Churches","Churches","Princeton_School","Southern_Tradition","Churches","Churches","Congregations","Education","History","Colleges_and_Universities","Seminaries","Dutch_Reformed","Eastern_European","French_Reformed","German_Reformed","Swiss_Reformed","Bay_Psalm_Book","Calvin,_John","Sternhold_and_Hopkins_Psalter","Congregations","History","Congregations","Education","History","United_Kingdom","United_States","Retreat_Centers","Personal_Studies","A","B","C","D","E","F","G","H","I","J","K","L","M","N","O","P","Q","R","S","T","U","V","W","Australia","Bermuda","Canada","Indonesia","United_Kingdom","United_States","Euro-Asia_Division","Inter-American_Division","North_American_Division_-_NAD","Southern_Africa_Indian_Ocean_Division","Southern_Asia-Pacific","Trans-European_Division","Colleges_and_Universities","K_-_12","Hospitals_and_Clinics","Wellness_Conditoning","Evangelism_Resources","News","Radio","Television","Ellen_G._White","Kids","Personal_Pages","Youth","Belleville_Presbytery","Oshawa_Presbytery","Peterborough_Presbytery","Halton_Presbytery","Algoma_Presbytery","Elgin_Presbytery","Essex_Presbytery","Huron-Perth_Presbytery","Kent_Presbytery","Lambton_Presbytery","Middlesex_Presbytery","Oxford_Presbytery","Montreal_Presbytery","Ottawa_Presbytery","Seaway_Valley_Presbytery","United_States","East_Midlands_Synod","Eastern_Synod","Mersey_Synod","North_Western_Synod","Northern_Synod","South_Western_Synod","Southern_Synod","Synod_of_Scotland","Synod_of_Wales","Thames_North_Synod","Wessex_Synod","West_Midlands_Synod","Yorkshire_Synod","Bookstores","Australian_Capital_Territory","New_South_Wales","Northern_Territory","Queensland","South_Australia","Tasmania","Victoria","Western_Australia","Agencies_and_Commissions","United_States","Australia","Canada","New_Zealand","United_Kingdom","United_States","United_Kingdom","Canada","United_States","Australia","Alabama","Alaska","Arkansas","California","Connecticut","Delaware","Florida","Georgia","Hawaii","Idaho","Illinois","Indiana","Iowa","Kentucky","Louisiana","Maryland","Massachusetts","Michigan","Minnesota","Mississippi","Missouri","Nevada","New_Hampshire","New_Jersey","New_York","North_Carolina","Ohio","Oklahoma","Oregon","Pennsylvania","Rhode_Island","South_Carolina","Tennessee","Texas","Utah","Virginia","Washington","West_Virginia","Wisconsin","Former_Muslims","Miracles_and_Healings","Uganda","Romania","Resources","Canada","Mexico","United_States","Africa","Asia","Caribbean","Central_America","Europe","Middle_East","North_America","Oceania","South_America","A","B","C","D","E","F","G","H","I","J","K","L","M","N","O","P","Q","R","S","T","U","V","W","X","Y","Z","Academic_Study","Hymn_Festival_Plans","Hymnals","Issues","Library_Catalogs","Scottish_Psalter","Organizations","Original_Compositions","Choral","Christmas","Commercial_Files_-_Backing_Track_Producers","Contemporary","Directories","Gospel","Hymnals","Hymns","Mixed_Types","Originals_-_New_Compositions","Praise_and_Worship","Praise_and_Worship","Punk_and_Ska","Rock_and_Pop","Awards","Bands_and_Artists","Events","Instruction","Magazines_and_E-Zines","Organizations","Promotion_and_Booking","Radio_and_Television","Sound_Files","Chant","Works","Youth","Bands_and_Artists","Chats_and_Forums","Concerts_and_Events","Directories","Magazines_and_E-zines","Ministries","Resources","Alathea","Carroll,_Bruce","Lost_Dogs,_The","Bands_and_Artists","Bands_and_Artists","Chats_and_Forums","Festivals","Graffiti","MP3","Magazines_and_E-Zines","Record_Labels","Web_Rings","Circle_of_Dust","Bands_and_Artists","Bands_and_Artists","Events","Heavy_Metal","Personal_Pages","Punk","Bands_and_Artists","Chats_and_Forums","Bands_and_Artists","Chats_and_Forums","Events","Fan_and_Tribute_Pages","Magazines_and_E-Zines","Organizations","Promotion_and_Booking","Radio_and_Television","Record_Labels","Songwriters","Ensembles","A_Cappella","Bands_and_Artists","Drums","Awana","Kairos","Residents_Encounter_Christ","Prison_Fellowship","Epiphany_Ministry","Australia","South_Africa","United_States","Australian_Fellowship_of_Evangelical_Students","IFES_Ireland","Inter-Varsity_Christian_Fellowship_of_Canada","InterVarsity_Christian_Fellowship_USA","Universities_and_Colleges_Christian_Fellowship","United_Kingdom","United_Kingdom","Camps_and_Retreats","Apologetics","Bible_Study_Resources","Blessed_Albert_of_Sarteano","Blessed_Alcuin","Saint_Abban_of_Magheranoidhe","Saint_Abban_of_New_Ross","Saint_Abban_the_Hermit","Saint_Acca","Saint_Adalard","Saint_Adalbert_of_Prague","Saint_Adamnan","Saint_Adeodatus_II","Saint_Ado_of_Vienne","Saint_Adrian_of_Canterbury","Saint_Adrian_of_Nicomedia","Saint_Aelred_of_Rievaulx","Saint_Aengus_the_Culdee","Saint_Afra","Saint_Agapetus_I","Saint_Agatha","Saint_Agatho","Saint_Agnes","Saint_Agricius","Saint_Aidan_of_Ferns","Saint_Aidan_of_Lindisfarne","Saint_Ailbe","Saint_Aileran","Saint_Alban","Saint_Alcmund_of_Hexham","Saint_Aldegundis","Saint_Aldhelm","Saint_Aldric","Saint_Alexander_I","Saint_Alexander_of_Alexandria","Saint_Alexander_of_Comana","Saint_Alexander_of_Jerusalem","Saint_Alexius","Saint_Alfrida","Saint_Altmann","Saint_Alto","Saint_Alypius","Saint_Amand","Saint_Ambrose","Saint_Ammon_the_Great","Saint_Anastasia","Saint_Anastasius_I,_Pope","Saint_Anastasius_I_of_Antioch","Saint_Anastasius_Sinaita","Saint_Anastasius_the_Persian","Saint_Anatolia","Saint_Anatolius_of_Alexandria","Saint_Anatolius_of_Constantinople","Saint_Andrew_Scotus","Saint_Andrew_of_Crete","Saint_Andrew_of_Lampsacus","Saint_Andrew_the_Apostle","Saint_Angilbert","Saint_Anicetus,_Pope","Saint_Anne","Saint_Anselm_of_Canterbury","Saint_Ansgar","Saint_Anterus","Saint_Anthony","Saint_Anthony_of_Padua","Saint_Antipas","Saint_Aphian","Saint_Apollinaris_Claudius","Saint_Apollinaris_of_Ravenna","Saint_Apollinaris_of_Valence","Saint_Apollonia","Saint_Arbogast","Saint_Arnulf_of_Metz","Saint_Arsenius_the_Great","Saint_Asaph","Saint_Assicus","Saint_Athanasius","Saint_Attala","Saint_Attracta","Saint_Augustine_of_Canterbury","Saint_Augustine_of_Hippo","Saint_Aunarius","Saint_Austremonius","Saint_Auxentius_of_Mopsuestia","Saint_Avitus_of_Vienne","Saints_Abdon_and_Sennen","Saints_Agape,_Chionia,_and_Irene","Saint_Babylas","Saint_Baithen_of_Iona","Saint_Balbina_of_Rome","Saint_Barbara","Saint_Barnabas_the_Apostle","Saint_Bartholomew_the_Apostle","Saint_Basil_of_Amasea","Saint_Basil_the_Great","Saint_Basilides_of_Alexandria","Saint_Bathildis","Saint_Bede_the_Venerable","Saint_Benedict","Saint_Benedict_Biscop","Saint_Benedict_II","Saint_Benedict_of_Aniane","Saint_Benen","Saint_Benignus_of_Dijon","Saint_Berach","Saint_Bercharius","Saint_Bernard_of_Clairvaux","Saint_Bertha_of_Avenay","Saint_Bertha_of_Blangy","Saint_Bertin","Saint_Bertulf","Saint_Beuno","Saint_Bibiana","Saint_Birgitta_of_Sweden","Saint_Birinus","Saint_Blaise","Saint_Blandina","Saint_Blane","Saint_Blathmac","Saint_Boisil","Saint_Bonaventure","Saint_Boniface","Saint_Boniface_I","Saint_Boniface_IV","Saint_Braulio","Saint_Botulph","Saint_Brenach","Saint_Brendan_the_Navigator","Saint_Brieuc","Saint_Brigid_of_Ireland","Saint_Bruno","Saint_Bruno_of_Querfurt","Saint_Burchard_of_Würzburg","Saints_Barlaam_and_Josaphat","Saints_Basilides,_Cyrinus,_Nabor,_and_Nazarius","Saints_Basilides,_Tripos,_and_Companions","Saint_Caedmon","Saint_Caesarius_of_Arles","Saint_Caesarius_of_Nazianzus","Saint_Caius,_Pope","Saint_Callistus_I","Saint_Canice","Saint_Carthage_the_Younger","Saint_Catherine_of_Alexandria","Saint_Catherine_of_Siena","Saint_Cecilia","Saint_Cedd","Saint_Celestine_I","Saint_Ceolfrid","Saint_Chad","Saint_Christopher","Saint_Chromatius","Saint_Chrysogonus","Saint_Clare_of_Assisi","Saint_Clement_I","Saint_Clement_of_Alexandria","Saint_Cletus","Saint_Clotilde","Saint_Cloud","Saint_Colman_Elo","Saint_Colman_MacCathbad","Saint_Colman_of_Cloyne","Saint_Colman_of_Dromore","Saint_Colman_of_Kilmacduagh","Saint_Colman_of_Lindisfarne","Saint_Colman_of_Templeshambo","Saint_Columba","Saint_Columba_of_Sens","Saint_Columba_of_Terryglass","Saint_Columban","Saint_Comgall","Saint_Conal","Saint_Conan","Saint_Congar","Saint_Constantine_of_Cornwall","Saint_Cornelius","Saint_Crispina","Saint_Cronan_of_Roscrea","Saint_Cuaran_the_Wise","Saint_Cuthbert","Saint_Cuthman","Saint_Cyprian_of_Carthage","Saint_Cyprian_of_Toulon","Saint_Cyril","Saint_Cyril_of_Alexandria","Saint_Cyril_of_Jerusalem","Saints_Chrysanthus_and_Daria","Saints_Cosmas_and_Damian","Saints_Crispin_and_Crispinian","Saints_Cyprian_and_Justina","Saints_Cyril_and_Methodius","Saints_Cyrus_and_John","Saint_Damasus_I","Saint_Darerca","Saint_David_of_Wales","Saint_Declan_of_Ardmore","Saint_Deicolus","Saint_Deiniol","Saint_Demetrius_of_Alexandria","Saint_Denis","Saint_Desiderius_of_Cahors","Saint_Desiderius_of_Langres","Saint_Desiderius_of_Vienne","Saint_Deusdedit_I","Saint_Deusdedit_of_Canterbury","Saint_Devenick","Saint_Diarmaid_the_Just","Saint_Dichu","Saint_Dinooth","Saint_Dionysius,_Pope","Saint_Dionysius_of_Corinth","Saint_Dionysius_the_Areopagite","Saint_Dionysius_the_Great","Saint_Disibod","Saint_Dominic","Saint_Donnan_of_Eigg","Saint_Drithelm","Saint_Drostan","Saint_Dunchadh","Saint_Dunstan","Saint_Dwynwen","Saint_Dyfrig","Saints_Daniel,_Elias,_Isaias,_Jeremy,_and_Samuel","Saint_Eanswyth","Saint_Eata","Saint_Edmund_Rich","Saint_Edmund_the_Martyr","Saint_Edward_the_Confessor","Saint_Edward_the_Martyr","Saint_Edwin","Saint_Egbert","Saint_Egwin","Saint_Eimhin","Saint_Eithene","Saint_Eithne","Saint_Eleutherius,_Pope","Saint_Eleutherius_of_Spoleto","Saint_Eleutherius_of_Tournai","Saint_Elfleda","Saint_Eligius","Saint_Elined","Saint_Elizabeth","Saint_Elizabeth_of_Hungary","Saint_Elizabeth_of_Portugal","Saint_Elphege_the_Martyr","Saint_Emerentiana","Saint_Emiliana","Saint_Emmeram","Saint_Enda","Saint_Ephrem_the_Syrian","Saint_Epiphanius_of_Salamis","Saint_Erasmus","Saint_Erchard","Saint_Erconwald","Saint_Erhard_of_Ratisbon","Saint_Erik","Saint_Ethelbert_of_East_Anglia","Saint_Ethelbert_of_Kent","Saint_Etheldreda","Saint_Ethelwold","Saint_Eucharius","Saint_Eucherius_of_Lyons","Saint_Eugendus","Saint_Eugene_I","Saint_Eugenius_of_Carthage","Saint_Eulalia_of_Barcelona","Saint_Eulalia_of_Mérida","Saint_Eulogius_of_Alexandria","Saint_Euphrasia_of_Constantinople","Saint_Euphrosyne","Saint_Eusebius,_Pope","Saint_Eusebius_of_Rome","Saint_Eusebius_of_Samosata","Saint_Eusebius_of_Vercelli","Saint_Eustachius","Saint_Eustace_of_Luxeuil","Saint_Eustathius_of_Antioch","Saint_Eustochium_Julia","Saint_Euthymius_the_Great","Saint_Eutychian","Saint_Evaristus","Saint_Exuperius","Forty_Martyrs_of_Sebaste","Four_Crowned_Martyrs","Saint_Fabian","Saint_Fabiola","Saint_Felicity_of_Rome","Saint_Felix_I","Saint_Felix_III","Saint_Felix_IV","Saint_Felix_of_Nola","Saint_Fergus_Cruithneach","Saint_Fergus_of_Downpatrick","Saint_Fiacc","Saint_Fiacre","Saint_Finan_of_Iona","Saint_Finbarr","Saint_Finnian_of_Moville","Saint_Fintan_of_Clonenagh","Saint_Fintan_of_Taghmon","Saint_Flavian_of_Constantinople","Saint_Florentina","Saint_Florian","Saint_Foillan_of_Fosses","Saint_Fothad","Saint_Foy","Saint_Francis_of_Assisi","Saint_Frideswide","Saint_Fridolin","Saint_Fructuosus_of_Braga","Saint_Frumentius_of_Ethiopia","Saint_Fulgentius_of_Ecija","Saint_Fulgentius_of_Ruspe","Saint_Fursey","Saints_Faustinus_and_Jovita","Saints_Felix_and_Adauctus","Saints_Fructuosus,_Augurius,_and_Eulogius","Saint_Gabriel_the_Archangel","Saint_Gall","Saint_Galla_of_Rome","Saint_Gatianus","Saint_Gaudentius","Saint_Gelasius_I","Saint_Genevieve","Saint_Gennadius_I","Saint_George","Saint_Gerald","Saint_Gerard_of_Toul","Saint_Gerasimos_of_Jordan","Saint_Germain_of_Auxerre","Saint_Germain_of_Paris","Saint_Germanus_I","Saint_Gertrude_of_Nivelles","Saint_Gery","Saint_Ghislain","Saint_Gilbert_of_Sempringham","Saint_Gildas_the_Wise","Saint_Giles","Saint_Goar","Saint_Gobán","Saint_Godeberta","Saint_Gregory_II","Saint_Gregory_III","Saint_Gregory_Thaumaturgus","Saint_Gregory_of_Nazianzus","Saint_Gregory_of_Nyssa","Saint_Gregory_of_Tours","Saint_Gregory_of_Utrecht","Saint_Gregory_the_Great","Saint_Gregory_the_Illuminator","Saint_Gudula","Saint_Guthlac","Saints_Gallicanus","Saints_Gervasius_and_Protasius","Holy_Innocents","Little_Saint_Hugh_of_Lincoln","Saint_Hegesippus","Saint_Helen_of_Skövde","Saint_Helena","Saint_Herbert_of_Derwentwater","Saint_Hereswitha","Saint_Hermengild","Saint_Hilarion_of_Gaza","Saint_Hilarus","Saint_Hilary_of_Arles","Saint_Hilary_of_Poitiers","Saint_Hilda_of_Whitby","Saint_Hippolytus_of_Rome","Saint_Honoratus_of_Arles","Saint_Honorius_of_Canterbury","Saint_Hormisdas","Saint_Hospitius","Saint_Hubert_of_Liège","Saint_Hugh_of_Lincoln","Saint_Hyginus","Saint_Ibar","Saint_Ignatius_of_Antioch","Saint_Ignatius_of_Constantinople","Saint_Ildephonsus","Saint_Illtyd","Saint_Ina","Saint_Innocent_I","Saint_Irenaeus_of_Lyons","Saint_Irene_the_Great_Martyr","Saint_Isidore_of_Pelusium","Saint_Isidore_of_Seville","Saint_Ita","Blessed_John_Dominici","Blessed_Julian_of_Norwich","Saint_James_Intercisus","Saint_James_the_Greater","Saint_James_the_Less","Saint_Januarius","Saint_Jarlath","Saint_Jason","Saint_Jerome","Saint_Joachim","Saint_John_Cassian","Saint_John_Chrysostom","Saint_John_Climacus","Saint_John_Gualbert","Saint_John_I,_Pope","Saint_John_of_Beverley","Saint_John_of_Damascus","Saint_John_of_Matha","Saint_John_the_Almsgiver","Saint_John_the_Apostle_and_Evangelist","Saint_John_the_Baptist","Saint_John_the_Dwarf","Saint_John_the_Silent","Saint_Joseph","Saint_Joseph_of_Arimathea","Saint_Judas_Cyriacus","Saint_Jude_Thaddeus","Saint_Julia_of_Corsica","Saint_Julian_the_Hospitaller","Saint_Juliana_of_Nicomedia","Saint_Julius_I","Saint_Justin_Martyr","Saint_Justus_of_Canterbury","Saints_Joachim_and_Anne","Saints_John_and_Paul","Saints_Julian_and_Basilissa","Saint_Kentigern","Saint_Kevin","Saint_Kieran_of_Clonmacnoise","Saint_Kieran_of_Seir-Kieran","Saint_Kilian_of_Würzburg","Saint_Lambert_of_Maestricht","Saint_Lawrence","Saint_Lawrence_of_Canterbury","Saint_Lazarus_of_Bethany","Saint_Leander_of_Seville","Saint_Lebwin_of_Deventer","Saint_Leo_II","Saint_Leo_III","Saint_Leo_IV","Saint_Leo_the_Great","Saint_Leocadia","Saint_Leodegarius","Saint_Leonard_of_Noblac","Saint_Leonidas_of_Alexandria","Saint_Leontius_of_Fréjus","Saint_Lide","Saint_Linus","Saint_Loman","Saint_Lucian_of_Antioch","Saint_Lucius_I","Saint_Lucy_of_Syracuse","Saint_Ludger","Saint_Ludmila","Saint_Luke_the_Evangelist","Saint_Macarius_of_Antioch","Saint_Macarius_of_Jerusalem","Saint_Macarius_the_Elder","Saint_Macarius_the_Younger","Saint_Macrina_the_Elder","Saint_Macrina_the_Younger","Saint_Maelrubha","Saint_Magnus_of_Füssen","Saint_Malo","Saint_Mamas","Saint_Mamertus","Saint_Manahen","Saint_Maolruain","Saint_Marcellina","Saint_Marcellinus,_Pope","Saint_Marcellus_I","Saint_Margaret_of_Antioch","Saint_Margaret_of_Scotland","Saint_Marius_Aventicus","Saint_Mark,_Pope","Saint_Mark_the_Evangelist","Saint_Maro_of_Beit-Marun","Saint_Martha","Saint_Martial","Saint_Martin_I","Saint_Martin_of_Braga","Saint_Martin_of_Tours","Saint_Martina","Saint_Maruthas","Saint_Mary_Magdalene","Saint_Mary_of_Egypt","Saint_Matilda_of_Saxony","Saint_Matthew_the_Apostle","Saint_Matthias_the_Apostle","Saint_Maurice","Saint_Maurus","Saint_Maximilian_of_Tebessa","Saint_Maximinus_of_Trèves","Saint_Maximus_of_Turin","Saint_Maximus_the_Confessor","Saint_Medard","Saint_Melania_the_Elder","Saint_Melania_the_Younger","Saint_Meletius_of_Antioch","Saint_Melito_of_Sardis","Saint_Mellitus","Saint_Menas","Saint_Methodius","Saint_Methodius_of_Constantinople","Saint_Methodius_of_Olympus","Saint_Metrophanes","Saint_Michael_the_Archangel","Saint_Miltiades","Saint_Monegundis","Saint_Monica","Saint_Moses_the_Black","Saint_Mura","Saints_Marcellinus_and_Peter","Saints_Maris,_Martha,_Audifax,_and_Abachum","Saints_Mark_and_Marcellian","Virgin_Mary","Saint_Nazarius_of_Lérins","Saint_Nicephorus_of_Constantinople","Saint_Nicetius","Saint_Nicholas_I","Saint_Nicholas_of_Myra","Saint_Nicomedes","Saint_Nilus_of_Ancyra","Saint_Nilus_of_Rossano","Saint_Nilus_the_Elder","Saint_Ninian","Saint_Non","Saint_Novatus","Saints_Nabor_and_Felix","Saints_Nazarius_and_Celsus","Saints_Nereus_and_Achilleus","Saints_Nereus_and_Achilleus,_Domitilla_and_Pancras","Saints_Nicasius,_Quirinus,_and_Scubiculus","Saint_Odilia","Saint_Odilo_of_Cluny","Saint_Odo","Saint_Odo_the_Good","Saint_Olaf","Saint_Olympias","Saint_Omer","Saint_Optatus_of_Milevis","Saint_Osmund","Saint_Oswald_of_Northumbria","Saint_Oswald_of_York","Saint_Oswin","Saint_Othmar","Saint_Ouen","Saint_Pachomius","Saint_Palladius_of_Ireland","Saint_Pammachius","Saint_Pamphilus_of_Caesarea","Saint_Pancras","Saint_Pantaleon","Saint_Papias_of_Hierapolis","Saint_Paschal_I","Saint_Paschasius_of_Rome","Saint_Patrick","Saint_Paul","Saint_Paul_I","Saint_Paul_the_Hermit","Saint_Paul_the_Simple","Saint_Paula","Saint_Paulinus_II","Saint_Paulinus_of_Nola","Saint_Paulinus_of_York","Saint_Pelagia_of_Antioch","Saint_Pelagia_of_Tarsus","Saint_Pelagia_the_Harlot","Saint_Perpetuus","Saint_Peter_Chrysologus","Saint_Peter_Orseolo","Saint_Peter_of_Alexandria","Saint_Peter_of_Sebaste","Saint_Peter_the_Apostle","Saint_Petronilla","Saint_Petronius_of_Bologna","Saint_Philastrius","Saint_Philip_the_Apostle","Saint_Philip_the_Deacon","Saint_Pionius","Saint_Pius_I","Saint_Placidus","Saint_Polycarp_of_Smyrna","Saint_Pontian","Saint_Porphyrius_of_Gaza","Saint_Possidius","Saint_Praxedes","Saint_Prisca_of_Rome","Saint_Proclus_of_Constantinople","Saint_Pudentia","Saint_Pulcheria","Saints_Perpetua_and_Felicity","Saints_Primus_and_Felician","Saints_Processus_and_Martinian","Saints_Protus_and_Hyacinth","Saint_Quirinus_of_Croatia","Saint_Quirinus_of_Rome","Saint_Quirinus_the_Jailer","Saints_Quiricus_and_Julitta","Blessed_Rabanus_Maurus","Saint_Raphael_the_Archangel","Saint_Rembert","Saint_Remigius","Saint_Richard_of_Chichester","Saint_Romanos","Saint_Ruadhan_of_Lorrha","Saint_Rupert_of_Salzburg","Saint_Rusticus_of_Narbonne","Saint_Sabas","Saint_Sabina","Saint_Samson_of_Brittany","Saint_Saturninus_of_Toulouse","Saint_Seachnall","Saint_Sebastian","Saint_Senan_of_Scattery","Saint_Serapion_of_Antioch","Saint_Sergius_I","Saint_Sexburga","Saint_Silverius","Saint_Simeon_Stylites_the_Elder","Saint_Simeon_Stylites_the_Younger","Saint_Simon_the_Apostle","Saint_Simplicius","Saint_Siricius","Saint_Sixtus_I","Saint_Sixtus_II","Saint_Sixtus_III","Saint_Soter","Saint_Stephen","Saint_Stephen_I","Saint_Susanna","Saint_Swithbert","Saint_Swithin","Saint_Sylvester_I","Saint_Sylvia","Saint_Symmachus","Saint_Symphorian","Saint_Symphorosa","Saints_Sergius_and_Bacchus","Saints_Simplicius,_Faustinus,_and_Beatrice","Saint_Tarasius","Saint_Tarsicius","Saint_Tarsilla","Saint_Tassach","Saint_Tatwin","Saint_Teilo","Saint_Telesphorus","Saint_Ternan","Saint_Tewdric","Saint_Thais","Saint_Thecla_of_Iconium","Saint_Thecla_of_Kitzingen","Saint_Theobald_of_Provins","Saint_Theodore_Studites","Saint_Theodore_Tyro","Saint_Theodotus_of_Ancyra","Saint_Theophanes_the_Chronicler","Saint_Thomas_the_Apostle","Saint_Thomas_à_Becket","Saint_Tiburtius","Saint_Tigris","Saint_Timothy","Saint_Timothy_of_Rome","Saint_Trudo","Saint_Trudpert","Saint_Trumwin","Saint_Tryphon","Saints_Tarachus,_Probus,_and_Andronicus","Saints_Theodore_and_Theophanes","Saints_Tryphon,_Respicius,_and_Nympha","Saint_Ulric_of_Augsburg","Saint_Urban_I","Saint_Ursula","Saint_Ursus_the_Theban","Ugandan_Martyrs","Saint_Valentine","Saint_Vedast","Saint_Venantius_Fortunatus","Saint_Vergilius_of_Salzburg","Saint_Veronica","Saint_Victor_I","Saint_Victor_of_Milan","Saint_Victorinus_of_Pettau","Saint_Vigilius","Saint_Vincent","Saint_Vincent_of_Lérins","Saint_Vincent_of_Soignies","Saint_Vindicianus","Saint_Virgilius","Saint_Vitalian","Saint_Vitalis_of_Milan","Saint_Vitus","Saint_Vladimir_the_Great","Saints_Vitalis_and_Agricola","Saints_Vitus,_Modestus,_and_Crescentia","Saint_Walburga","Saint_Wenceslaus","Saint_Wendelin_of_Trier","Saint_Werburga_of_Chester","Saint_Wigbert","Saint_Wilfrid_of_York","Saint_Willehad_of_Bremen","Saint_William_of_Norwich","Saint_Willibald","Saint_Willibrord","Saint_Winebald_of_Heidenheim","Saint_Winifred","Saint_Winnoc","Saint_Winwallus","Saint_Wolfgang","Saint_Wulfram","Saint_Wulfstan","Saint_Xenia_of_Rome","Saint_Zachary_I","Saint_Zeno_of_Verona","Saint_Zenobius_of_Florence","Saint_Zephyrinus","Saint_Zosimus","Australia","Canada","Singapore","United_Kingdom","United_States","Virgin_Mary","Allegory","Day-Age","Literal","Myth","Opposing_Views","Personal_Pages","Gap_Theory","Opposing_Views","Progressive_Creation","Theistic_Evolution","People","Biblical_Evidence","Catastrophism","Dinosaurs","Education","Flood_Geology","Geologic_Column","Opposing_Views","Polonimum_Halos","Radiometric_Dating","Transitional_Forms","Online_Ministries","End_Times","Holy_Places","Saints","Texts_and_Documents","Eckhart,_Meister","Guyon,_Jeanne_Marie_Bouvier_de_La_Motte","Hilton,_Walter","Kempe,_Margery","Mechthild_of_Magdeburg","Richard_of_St._Victor","Tauler,_Johannes","Traherne,_Thomas","Fiction","Prophecy","Bible_Study","T-Shirts","Acts_28","Mid-Acts","Evangelical","New_Testament","Old_Testament","Early_Orthodoxy","High_Orthodoxy","Neo-Calvinism","Belgic_Confession","Canons_of_Dort","Confession_of_1967","French_Confession_of_1559","Geneva_Confession","Heidelberg_Catechism","Irish_Articles","Presbyterian_Statement_of_Faith","Scots_Confession","Second_Helvetic_Confession","Westminster_Confession","Westminster_Larger_Catechism","Westminster_Shorter_Catechism","Common_Grace","Covenants","Election","Monergism","Predestination","Priesthood_of_Believers","Providence","Sphere_Sovereignty","TULIP","The_Solas","Congregationalist","Cotton,_John","Independents","Mather,_Cotton","Presbyterian","Perkins,_William","Sibbes,_Richard","Apologetics","Christology","Ecclesiology","Eschatology","Soteriology","Alexander_of_Hales","Biel,_Gabriel","Durandus_of_Saint-Pourçain","Gerson,_Jean","Hugh_of_Saint-Victor","Hus,_Jan","Nicholas_of_Cusa","Nicholas_of_Lyra","Peter_Lombard","Barth,_Karl","Brunner,_Emil","Bultmann,_Rudolf","Gladden,_Washington","Gothard,_Bill","Harnack,_Adolf_von","Hartshorne,_Charles","Niebuhr,_H._Richard","Niebuhr,_Reinhold","Rauschenbusch,_Walter","Schleiermacher,_Friedrich","Berkhof,_Louis","Boettner,_Loraine","Schilder,_Klaas","Toplady,_Augustus","Vos,_Gerhardus","1","2","A","B","C","D","E","F","G","H","I","K","L","M","N","O","P","R","S","T","U","W","Y","Z","Jewelry","Dr._B._V._Raman","K._N._Rao","Sanjay_Rath","Gems","Mantras","Rudrakshas","Individual_Decks","Automated","Free","Professional","Chartered_Local_Bodies","Gaudiya_Math","International_Society_for_Krishna_Consciousness","Other_Hare_Krishna","Traditional","India","United_States","Texas","California","Illinois","Connecticut","Maryland","Michigan","New_Jersey","Minnesota","Florida","Missouri","Iowa","Nebraska","New_Hampshire","Ohio","Massachusetts","New_York","North_Carolina","Pennsylvania","Georgia","Alabama","Tennessee","Virginia","Aghlabid_Emirate","al_Rashid,_Haroun","Ibn_Ayyub,_Salah_al_Din_Yusuf","Buruni,_Abu_Raihan","Ibn_Taymiyya,_Taqi_al-Din","Shajarat_al-Durr","Ummayad_-_Cordoba","Abduh,_Muhammed","Iqbal,_Muhammad","Qutb,_Sayyid","Rida,_Muhammad_Rashid","al-Afghani,_Jamal_al-Din","Fatima_bint_Muhammad","Mothers_of_the_Believers","Alavi_Bohra","Seven_Imams","Five_Imams","K_-_12","Asia","Europe","Middle_East","North_America","Oceania","Local_Centers","Opinion_and_Commentary","K-12","Argentina","Australia","Canada","Hong_Kong","Israel","Mexico","United_Kingdom","United_States","Australia","Canada","Czech_Republic","Germany","Israel","Puerto_Rico","United_Kingdom","United_States","Residential","Hasidism","California","Florida","Kentucky","Maryland","Massachusetts","Nevada","New_Jersey","New_York","Oregon","Pennsylvania","Individual_Titles_and_Series","Kettubah","Sacred_Scrolls","Mailing_Lists","Arizona","California","New_Hampshire","Legionaries_of_Christ","Lazaris","Pleiadians","Chats_and_Forums","Circle","Esbat_&amp;_Moon","Handfasting","Sabbats","Web_Rings","Beltane","Imbolc-Candlemas","Lughnasadh-Lammas","Mabon-Harvest_Home","MidSummer-Litha","Ostara-Eostara","Samhain","Yule","Covens","Covens","Study_Groups","Covens","Covens","Covens","Covens","Covens","Nature_Spirits","Radical_Faery","Book_of_Shadows","Covens","Forums","Gardner,_Gerald_B.","Instructional_Resources","Introductory_Information","News_and_Media","Web_Rings","Covens","Covens","Gods_and_Goddesses","Covens","Organizations","Opposing_Views","Arizona","California","Colorado","Connecticut","Florida","Georgia","Hawaii","Illinois","Massachusetts","Michigan","Minnesota","Missouri","Nevada","New_Mexico","New_York","Ohio","Oregon","Pennsylvania","Tennessee","Texas","Utah","Washington","Washington,_DC","California","Colorado","Florida","Georgia","Massachusetts","New_Jersey","New_York","Pennsylvania","Texas","Vermont","Virginia","Washington","Kriya","Ashtanga","Integral_Yoga","Iyengar","Sahaja_Yoga_Experiences","Kundalini","Alberta","British_Columbia","Manitoba","Nova_Scotia","Ontario","Quebec","Saskatchewan","Alaska","Arizona","California","Connecticut","Florida","Georgia","Hawaii","Louisiana","Massachusetts","Michigan","Minnesota","Missouri","Nevada","New_York","North_Carolina","Oregon","Pennsylvania","Tennessee","Texas","Utah","Virginia","Washington","Wisconsin"
