"Arm_the_Homeless","Bonsai_Kittens","Hunting_For_Bambi","gwbush.com","vaticano.org","Art","Media_Coverage","Toywar_Protest_and_Information","Barbie_Liberation_Organization","CueJack","Deconstructing_Beck","Leonardo","KPFA,_Berkeley,_California","KPFK,_Los_Angeles,_California","KPFT,_Houston,_Texas","News_and_Media","WBAI,_New_York,_New_York","WPFW,_Washington,_DC","Alabama","Alaska","Arizona","Arkansas","California","Colorado","Connecticut","Delaware","Florida","Georgia","Hawaii","Idaho","Illinois","Indiana","Iowa","Kansas","Kentucky","Louisiana","Maine","Maryland","Massachusetts","Michigan","Minnesota","Mississippi","Missouri","Montana","Nebraska","Nevada","New_Hampshire","New_Jersey","New_Mexico","New_York","North_Carolina","North_Dakota","Ohio","Oklahoma","Oregon","Pennsylvania","Rhode_Island","South_Carolina","South_Dakota","Tennessee","Texas","Vermont","Utah","Virginia","Washington","Washington,_DC","West_Virginia","Wisconsin","Wyoming","Ashbrook,_Larry_Gene","Bamber,_Jeremy","Barton,_Mark","Hamilton,_Thomas","Lepine,_Marc","Manson,_Charles","Ryan,_Michael","Spencer,_Brenda","Spree_Killers","Aliases","Bathory,_Elizabeth","Berkowitz,_David","Bundy,_Theodore_Robert","Burke_and_Hare","Chase,_Richard_Trenton","Chikatilo,_Andrei_Romanovich","Christie,_John_Reginald_Halliday","Conahan,_Daniel_Owen","Dahmer,_Jeffrey_L.","DeSalvo,_Albert","Dutroux,_Marc","Fish,_Albert_H.","Gacy,_John_Wayne","Gein,_Edward_Theodore","Glatman,_Harvey_Murray","Gunness,_Belle","Haigh,_John_George","Kürten,_Peter","Long,_Robert_Joe","Lucas,_Henry_Lee","Milat,_Ivan_Robert_Marko","Mudgett,_Herman_Webster","Mullin,_Herbert","Ng,_Charles_Chitat","Nilsen,_Dennis_Andrew","Olson,_Clifford","Pomeroy,_Jesse","Rader,_Dennis","Ramirez,_Richard_Muñoz","Resendez,_Angel_Maturino","Ridgway,_Gary","Rogers,_Dayton_Leroy","Rolling,_Daniel_Harold","Ross,_Michael_B.","Shawcross,_Arthur_John","Shipman,_Dr._Harold_Frederick","Speck,_Richard_Benjamin","Staniak,_Lucian","Swango,_Dr._Michael","Sutcliffe,_Peter_William","West,_Fred_and_Rose","Williams,_Wayne_Bertram","Woodfield,_Randall_Brent","Wuornos,_Aileen","Crime_Stoppers","Asbury,_Herbert","Maas,_Peter","Pistone,_Joseph_D.","Ashcroft_v._Free_Speech_Coalition","Canada","United_States","Europe","North_America","Oceania","Roadside_Memorials","Asia","Europe","North_America","Oceania","Wood","North_America","Oceania","Ireland","Italy","United_Kingdom","Canada","Mexico","United_States","Australia","New_Zealand","Australia","United_Kingdom","United_States","Australia","Canada","New_Zealand","United_Kingdom","United_States","United_Kingdom","Canada","Mexico","United_States","Entertainment","Music","Performing_Arts","Visual_Arts","Legal_Services","Black_History_Month","News_and_Media","Personal_Pages","Beauty","Military","Religion","Sports","Till,_Emmett","Authors","Magazines","Feeds","Magazines","Regional","Weblogs","NAACP","Professional","Urban_League","Women","History","Music","Theatre","Education","News_and_Media","Society_and_Culture","Collegiate","Gay,_Lesbian,_and_Bisexual","Professional","Chats_and_Forums","News_and_Media","Religion","Armenian-American","Armenian-Australian","Armenian-British","Armenian-Canadian","Armenian-Cypriot","Armenian-French","Armenian-Greek","Armenian-Indian","Armenian-Iranian","Armenian-Israeli","Armenian-Lebanese","Armenian-Turkish","Chats_and_Forums","Personal_Pages","Relationships","Chinese_American","Chinese_Australian","Chinese_Canadian","Cultural_Arts","Cultural_Arts","Japanese_American","Cultural_Arts","Korean_American","Arab-American","Arab-British","Arts","Business","Chats_and_Forums","News_and_Media","Personal","Politics","Religion","Sport","Arts","Guides","News_and_Media","Organizations","Politics","Society_and_Culture","Turkish_American","Filipino_American","Arizona","Massachusetts","Michigan","New_Jersey","New_York","Ohio","Texas","Wisconsin","Montana","Publications","Colorado","Pennsylvania","Florida","Utah","Washington","California","Irish-American_Studies_Programs","Canada","United_States","Asia","Europe","North_America","Oceania","Cuisine","Dance","Films","Folklore","Literature","Music","Painting","Photography","Sculpture","Associations","Professional_Societies","Regional_Origins","University_Students","Youth","Health","Society_of_Hispanic_Professional_Engineers","Hawaiians","Organizations","Arizona","California","Florida","Illinois","Indiana","Maryland","Massachusetts","Michigan","Minnesota","Nevada","New_Jersey","New_York","North_Carolina","Ohio","Pennsylvania","Rhode_Island","Texas","Wisconsin","Alaska","California","Connecticut","Florida","Illinois","Maryland","Michigan","New_Hampshire","New_Jersey","New_York","Ohio","Oregon","Pennsylvania","Texas","Washington,_DC","Alberta","British_Columbia","Manitoba","Nova_Scotia","Ontario","Quebec","Saskatchewan","Jivaroan","Macro-Ge","Panoan","Peba-Yaguan","Quechuan","Ticunan","Tucanoan","Tupi-Guaranian","Urarinan","Witotoan","Yanomam","Arts","Business_and_Economy","Caribs","Chats_and_Forums","Education","Language_Resources","News_and_Media","Tainos","Arts_and_Culture","Chats_and_Forums","Genealogy","History","News_and_Media","Arts_and_Culture","Business_and_Economy","Chats_and_Forums","Directories","Education","Health","History","Issues_and_Activism","Languages","Law_and_Politics","News_and_Media","Organizations","People","Personal_Pages","Science_and_Environment","Sports","Tribes,_Nations_and_Bands","Web_Rings","Women","Csángós","Hungarian-American","Hungarian-British","Hungarian-Dutch","Hungarian-Finnish","Hungarian-Romanian","Hungarian-Slovakian","Hungarian-Swedish","Hungarian-Yugoslavian","Mother_Goose","Anglo-Saxon","Children's","Birds","Black_Dogs","Cats","Trees","Aesop's_Fables","La_Fontaine,_Jean_de","Dragons","Fairies","Mermaids","Unicorns","Werewolves","Centaurs","Arabian_Nights","Brothers_Grimm","Hauff,_Wilhelm","Jacobs,_Joseph","Journals","Lang,_Andrew","Pentamerone","Perrault,_Charles","Arthurian","Don_Juan","Faust","Robin_Hood","Rage_Gay_Crusader","Gay_Pride_Parties","Choirs","Country","Hip_Hop","Marching_Bands","Queercore","Country","Hip_Hop","Queercore","Documentaries","United_States","Episcopal","Dignity","Germany","Netherlands","Spain","United_Kingdom","Canada","United_States","Australia","Canada","United_States","Czech_Republic","France","Iceland","Malta","Portugal","Russia","Spain","Ukraine","United_Kingdom","Poland","Bulgaria","Italy","Belgium","Moldova","Hungary","Canada","Mexico","United_States","Australia","New_Zealand","Belgium","Czech_Republic","France","Germany","Greece","Hungary","Ireland","Italy","Malta","Netherlands","Poland","Spain","United_Kingdom","Canada","Mexico","United_States","Australia","New_Zealand","Africa","Asia","Central_America","Europe","Middle_East","North_America","Oceania","South_America","Africa","Asia","Europe","North_America","Oceania","South_America","Africa","Asia","Europe","Middle_East","North_America","Oceania","Census","Forensics","Genetics","Jewish","Military","Photography","Royalty","Vital_Statistics","Eurozone","Associations","Canada","United_States","Member_States","Member_States","Member_Economies","Member_Countries","Member_States","Human_Rights","Institutions_and_Organs","Member_States","Relations_with_Other_Organisations","ECOMOG","Member_Countries","Agencies","Candidate_Countries","Directories","Governance_and_Public_Administration","Institutions","Issues","Law","Member_States","Missions","News_and_Media","Organisations","Parties","Policies_and_Programs","Research","Member_Countries","Summits","Member_States","Member_States","Euro-Atlantic_Partnership_Council","Expansion","In_Yugoslavia","Institutions_and_Organizations","Member_Countries","Missions_and_Delegations","News_and_Media","Partnership_for_Peace","Delegations_to_the_OSCE","Field_Activities","Institutions","Participating_States","Member_States","Member_States","Observer_States","Business_and_Economy","Delegations","Member_States","Development_Programme","Specialized_Agencies","Commissions","Model_United_Nations","Geneva","New_York_City","Religious","United_Nations_Associations","England","Northern_Ireland","Scotland","Wales","Alberta","British_Columbia","Manitoba","New_Brunswick","Newfoundland_and_Labrador","Nova_Scotia","Ontario","Prince_Edward_Island","Quebec","Saskatchewan","Alabama","Arizona","Arkansas","California","Connecticut","Georgia","Idaho","Illinois","Indiana","Louisiana","Massachusetts","Michigan","New_Hampshire","New_Jersey","New_York","North_Carolina","Ohio","Oregon","Pennsylvania","Rhode_Island","Virginia","Ghana","Mali","Songhay","Huns","Ancient_India","Buddhist_and_Medieval_Hindu","European_Domination","Islamic_Domination","Personalities","Bay_of_Pigs","Guevara,_Ernesto_Che","Mariel_Boatlift","Marti,_José","Revolution","Toussaint-Louverture","Albizu_Campos,_Pedro","Archeological_Sites","Schomburg,_Arturo_Alfonso","German_Democratic_Republic_-_East_Germany","Historical_Personages","Third_Reich","Religion_and_Spirituality","Tito,_Josep_Broz","Armenian_Genocide","Anasazi-Hisatsinom","Aztec-Mexica","Beothuk","Hohokam","Mayan","Mississippian-Moundbuilders","Olmec","Sinaguan","Toltec","By_State","Civil_Rights_Movement","Colonial","Disasters","First_Ladies","Historic_Places","Historical_Documents","People","Political_Parties","Presidents","South","Through_the_Years","Vice_Presidents","Wars","West","Women","Bernardo_O'Higgins","Bolívar,_Simón","San_Martín,_José_de","Sucre,_Antonio_José_de","Egypt","Ethiopia","Nubia","People","Akkadians","Amorites","Assyria","Babylonia","Chaldeans","Hittites","Kassites","Sumer","People","Daily_Life","Epigraphics","Law","Military","People","Towns_and_Cities","Peloponnesian_War","Persian_Wars","Punic_Wars","Trojan_War","Weapons","Guillotin,_Doctor_Joseph_Ignace","Robespierre,_Maximilien","Philosophers","American_Revolution","French_and_Indian_War","Jacobite_Rebellion","Famous_People","Urban","Christianity","Judaism","Charlemagne","Runes","Ships","Vinland_Map","Hundred_Years_War","Norman_Conquests","Scottish_Wars_of_Independence","Siege_Engines","The_Crusades","The_Wars_of_the_Roses","Argyll,_John_Douglas_Sutherland_Campbell,_Duke_of","Brown,_John","Buck,_Leffert","Bunker,_Chang_and_Eng","Carnegie,_Andrew","Davis,_Jefferson","Deere,_John","Henry,_Edward_Lamson","Livingstone,_David","Loring,_William_Wing","Maguire,_Tom","McCormick,_Cyrus_Hall","Merrick,_Joseph_Carey","Nast,_Thomas","Oastler,_Richard","Phelps,_George","Rhodes,_Cecil","Rutledge,_Ann","Tocqueville,_Alexis_de","Tubman,_Harriet","Turner,_Nat","Tzu_Hsi","Walker,_Mary_Edwards","Zangwill,_Israel","Zollicoffer,_Felix","Anglo-Afghan_Wars","Boer_Wars","Crimean_War","Franco-Prussian_War","Indian_Wars","Mexican-American_War","Napoleonic_Wars","Opium_Wars","Philippine-American_War","Spanish-American_War","War_of_1812","Zulu_War","Anglo-Dutch_Wars","English_Civil_War","Glorious_Revolution","Thirty_Years_War","Cuban_Missile_Crisis","Photographs","Bibliography","Directories","Documents","Journals","Maps_and_Atlases","Nuclear_Weapons_Issues","Personalities","Popular_Culture","Regional","Research_Centers","Arts","Camps","Education","Organizations","People","Arab-Israeli_Wars","Balkan_Wars,_1912-1913","Biafran_War","Chaco_War","Chinese_Civil_War","Falklands_War","Futbol_War","Grenada_Invasion","Haiti_-_1994","India-Pakistan_Wars","Indochina_War","Iran-Iraq_War","Italo-Ethiopian_War","Korean_War","Nicaraguan_Civil_Wars","Panama_-_1989","Persian_Gulf_War","Russo-Japanese_War","Sino-Japanese_War","Soviet-Afghan_War","Somali_Civil_War","Spanish_Civil_War","Suez_Canal_War,_1956","Vietnam_War","Yugoslav_Wars","Great_Northeast_Blackout_1965","Amundsen,_Roald","Byrd,_Richard","Cabeza_de_Vaca,_Alvar_Nuñez","Cabot,_John","Cartier,_Jacques","Champlain,_Samuel_de","Columbus,_Christopher","Cook,_James","Coronado,_Francisco_Vázquez_de","Cortés,_Hernán","Da_Gama,_Vasco","De_Soto,_Hernando","Ericson,_Leif","Henry_the_Navigator","Heyerdahl,_Thor","Hudson,_Henry","Ibn_Batuta","Joliet,_Louis","La_Salle,_Robert_Cavelier","Leo,_Africanus","Lewis_and_Clark","Magellan,_Ferdinand","Marquette,_Jacques","Mawson,_Sir_Douglas","Peary,_Robert_E.","Pizarro,_Francisco","Polo,_Marco","Ponce_de_León,_Juan","Powell,_John_Wesley","Raleigh,_Walter","Scott,_Robert_Falcon","Shackleton,_Sir_Ernest","Tasman,_Abel","Vespucci,_Amerigo","Russia","United_States","Images_and_Texts","Pirates","Edmund_Fitzgerald","Ocean_Liners","Pirate","USCGC_Mesquite","Bibliography","Biography","Electronics","Institutions","Publications","Telegraphy","Hutton,_James","Sedgwick,_Adam","Wegener,_Alfred","Academic_Departments","Institutions","Organizations","People","Publications","A","B","C","D","E","F","G","H","I","J","K","L","M","N","O","P","Q","R","S","T","U","V","W","X","Y","Z","Fry,_Elizabeth_Gurney","United_States","Labor_Movement","Triangle_Shirtwaist_Factory_Fire","Slavery","Witch_Hunts","Burma-Shave","Magazines_and_E-zines","Holidays","Ancient","1848_Revolutions","Afghanistan","Albania","Algeria","Argentina","Austria","Belgium","Bosnia-Herzegovina","Canada","China","Congo,_Democratic_Republic_of_the","Croatia","Cuba","Cyprus","Czech_and_Slovak_Republics","Eritrea","Ethiopia","Falkland_Islands","Finland","France","Georgia","Germany","Greece","Grenada","Haiti","Hungary","India","Iran","Iraq","Israel","Italy","Japan","Jordan","Korea","Kuwait","Lebanon","Libya","Mexico","Netherlands","Pakistan","Palestinian_Territory","Panama","Philippines","Portugal","Romania","Russia_and_Soviet_Union","Saudi_Arabia","Slovakia","South_Africa","Spain","Syria","Turkey","United_Kingdom","Zimbabwe","Christian","Canada","Producers","United_States","Canada","United_Kingdom","United_States","Christian","Regional","Student","Huntingdon_Life_Sciences","2001","2002","2003","Africa","Europe","North_America","Oceania","Activists","Books","Direct_Action","Education_and_Research","Letters_and_Petitions","Strategy_and_Tactics","Videos","Organizations","Personal_Pages","Africa","Animal_Liberation_Front","Asia","Europe","North_America","Oceania","Feminism_and_AR","Organizations","Government","News_and_Media","Organizations","Organizations","Organizations","FMD_-_Foot_and_Mouth_Disease","Ireland","United_Kingdom","United_States","Eating_by_Humans","Gray_Whales","Pro-Whaling","Right_Whales","Opposing_Views","Opposing_Views","Articles","Articles","Opposing_Views","McCann,_Madeleine","Individual_Cases","National_Court_Appointed_Special_Advocate_Association_-_CASA","Local_Resources","National_Exchange_Club_Foundation","Parents_Anonymous","Prevent_Child_Abuse_America","Publications","Opposing_Views","Publications","United_States","Canada","United_States","Afghanistan","Israel","Death_Row_Prisoner_Pages","Organizations","Australia","Canada","United_Kingdom","United_States","Victims_and_Survivors","Organizations","Activism","Articles","Organizations","Reports","Research","International_Monetary_Fund","Activism","Free_Trade_Area_of_the_Americas","News_and_Media","North_American_Free_Trade_Agreement","Against","For","News_and_Media","Affirmative_Views","Opposing_Views","Activism","Effectiveness","Effects_on_Health","Legal","News_and_Media","Official_Reports","Oil_for_Food","Pro-Sanctions","Sanctions_as_War","Opposing_Views","Organizations","Legislation","Organizations","Personal_Pages","Crew,_Reginald","Crick,_Nancy","Hofsess,_John","Kevorkian,_Jack","Latimer,_Robert","Martens,_Evelyn","Martin,_Lesley","Nitschke,_Philip","Pretty,_Diane","Organizations","Organizations","Coastal_and_Oceans","Deserts","Forests","Islands","Rangelands","Rivers,_Lakes_and_Watersheds","Asia","Caribbean","Central_America","Europe","North_America","Oceania","South_America","Bushmeat","Elephants_and_Ivory","United_States","Czech_Republic","United_Kingdom","United_States","Airport-specific_Regulations","Community_Interest_Groups","Activism","Organizations","Organizations","Activism","Organizations","Regional","Local_Groups","Regional","Africa","Asia","Caribbean","Central_America","Europe","Middle_East","North_America","Oceania","Polar_Regions","South_America","United_States","Academic_Studies","Activists","News_and_Media","Chain_Letters","08_BAC_Standard","Administrative_License_Revocation","Ignition_Interlocks","Opposing_Views","Organizations","Sobriety_Checkpoints","Victim_Memorials_and_Support","Artwork","Chats_and_Forums","Directories","News_and_Media","Organizations","Personal_Pages","Teens","National_Organization_of_Circumcision_Information_Resource_Centers","Facilitated_Communication","GFCF_Diet","Perceived_Epidemic","Psychoanalytic_Model","Alleged_Cures","Alternative_Treatments","AIDS","Anti-Legalization","Pro-Legalization","Smuggling","War_on_Drugs","Drug_Safety","Monosodium_Glutamate","Sugar_Substitutes","ADD_and_ADHD","Hartman_Estate","Prozac","Ritalin","School_Violence","News_and_Media","Anti-Tobacco","Pro-Tobacco","Interviews_and_FAQs","Measurement","Private_Homes","Public_Places","Resources","Workplace","Individual_Documents","News_Coverage","Autism","Opposing_Views","Supporting_Views","Action_Networks","Campaigns","Human_Rights_Education","News_and_Media","Regional","Kashmir","Pakistan","Proposition_209","Uniforms","Internet","Africa","Asia","Central_America","Europe","Middle_East","North_America","South_America","Cuba","Guatemala","Nicaragua","Honduras","El_Salvador","Panama","Balkans","Denmark","Russia","Belarus","Albania","Belgium","Bulgaria","Croatia","France","Germany","Greece","Bosnia_and_Herzegovina","Hungary","Ireland","Italy","Poland","Portugal","Romania","Serbia","Spain","Sweden","Netherlands","Ukraine","Estonia","Jordan","Lebanon","Turkey","Iran","Iraq","Mexico","Canada","New_Zealand","Argentina","Chile","Peru","Colombia","South_Africa","Zimbabwe","Afghanistan","Bhutan","Timor-Leste","Georgia","China","Indonesia","India","Japan","Laos","Myanmar","North_Korea","Pakistan","Philippines","South_Korea","Taiwan","Sri_Lanka","Vietnam","Hong_Kong","Thailand","Nepal","Bangladesh","Malaysia","Singapore","Azerbaijan","Kazakhstan","Kyrgyzstan","Tajikistan","Turkmenistan","Uzbekistan","News_and_Media","Edward_Felten_et_al_v._RIAA_et_al","Google_Erasure_of_Anti-Scientology_Links","Internet_Radio","USA_v._ElcomSoft_and_Dmitry_Sklyarov","aibohack.com","bnetd","Articles","Opposing_Views","Kingdom_of_Talossa","Republic_of_Talossa","Past_Events","Australia","Canada","Israel","United_States","Raging_Grannies_International","United_States","Blood_Libel","Anti-Semitic","Christian","Jewish","Music","Asian","Black","Hispanic","White","Activism","Books","Directories","Genetically_Modified_Food","News_and_Media","Open_Pollination","Content_Filtering","Copyright","Digital_Divide","Organizations","Alberta","British_Columbia","Chats_and_Forums","Pressure_Groups","League_of_the_South","Southern_Party","Incidents","American_Flight_11","American_Flight_77","Analysis_and_Opinion","Arts","Assistance","Background_and_History","Backlash","Chats_and_Forums","Commemoration","Directories","Exhibitions","Humor","Image_Galleries","Movies","Pentagon","Personal_Pages","Terrorists_and_Suspects","United_Flight_175","United_Flight_93","Victims_and_Survivors","Personal_Pages","Ayman_Al-Zawahiri","Osama_bin_Laden","IRA_-_Irish_Republican_Army","JRA_-_Japanese_Red_Army","MRTA_-_Tupac_Amaru_Revolutionary_Movement","Revolutionary_People's_Struggle_-_ELA","Animal_Rights","Anti-Abortion","Army_of_God","Christian_Identity","Centennial_Olympic_Park_Bombing","Oklahoma_City_Bombing","Unabomber_Attacks","Opposing_Views","Specific_Crashes","Anti-Regulation","Daytime_Running_Lights","Personal_Stories","Annuity_Fraud","Military","School","Workplace","Incidents","Appalachian_School_of_Law","Columbine_High_School","Dawson_College","Santana_High_School","Thurston_High_School","Virginia_Tech","West_Nickel_Mines_Amish_School","Background_and_History","Chats_and_Forums","Events_and_Developments","Fall_of_Taliban","International_Policy","Maps","News_and_Media","Northern_Alliance","Peace_Process","Personalities","US_Intervention","News_and_Media","History","Kosovo","Macedonia","Maps","Military","News_and_Media","News_and_Media","News_and_Media","Human_Rights","News_and_Media","Personalities","News_and_Media","Activism","Anti-War_Movement","Chats_and_Forums","Directories","Economic_Impact","Human_Rights","Humor","In_Memoriam","International_Policy","Iraqi_Policy","Military","Military_Build-up","News_and_Media","Organizations","Peace_Process","Personal_Pages","Personalities","Weapons_of_Mass_Destruction","Background_and_History","International_Policy","Israel-Palestine","News_and_Media","Organizations","Turkey_-_Kurdistan","Activism","Directories","Human_Rights_and_Liberties","Humor","In_Memoriam","International_Policy","Maps","Military_Operations","Movies","News_and_Media","Organizations","Personal_Pages","Personalities","Comfort_Women","Prisoners_of_War","Sino-Japanese_War","Bosnia","International_Criminal_Tribunal","Kosovo","NATO","Articles","Biological","Chemical","Government_Sites","Nonproliferation","Online_Publications","Radiological","Used_in_Afghanistan","Used_in_Iraq","Used_in_Kosovo_and_Yugoslavia","Abolitionism","Accidents","Directories","Disarmament_Activism","Legality","Nuclear_Tests","Nuclear_Winter","Proliferation","England","Northern_Ireland","Scotland","Wales","Alabama","Arizona","Arkansas","California","Colorado","Connecticut","Delaware","Florida","Georgia","Hawaii","Idaho","Illinois","Indiana","Iowa","Kansas","Kentucky","Louisiana","Maine","Maryland","Massachusetts","Michigan","Minnesota","Mississippi","Missouri","Montana","Nebraska","Nevada","New_Hampshire","New_Jersey","New_Mexico","New_York","North_Carolina","North_Dakota","Ohio","Oklahoma","Oregon","Pennsylvania","Rhode_Island","South_Carolina","South_Dakota","Tennessee","Texas","Utah","Vermont","Virginia","Washington","Washington,_DC","West_Virginia","Wisconsin","Wyoming","United_Kingdom","Canada","United_States","California","Australia","Austria","Belgium","Canada","Ireland","Switzerland","United_Kingdom","United_States","New_Zealand","Alabama","Arizona","California","Colorado","Florida","Georgia","Illinois","Kansas","Maine","Massachusetts","Michigan","Missouri","Nebraska","New_York","North_Carolina","Ohio","Oklahoma","Pennsylvania","South_Carolina","Tennessee","Texas","Virginia","England","Northern_Ireland","Scotland","Wales","Alabama","Alaska","Arizona","Arkansas","California","Colorado","Connecticut","Delaware","Florida","Georgia","Hawaii","Idaho","Illinois","Indiana","Iowa","Kansas","Kentucky","Louisiana","Maryland","Massachusetts","Michigan","Minnesota","Mississippi","Missouri","Montana","Nebraska","Nevada","New_Hampshire","New_Jersey","New_Mexico","New_York","North_Carolina","North_Dakota","Ohio","Oklahoma","Oregon","Pennsylvania","Rhode_Island","South_Carolina","South_Dakota","Tennessee","Texas","Utah","Vermont","Virginia","Washington","Washington,_DC","West_Virginia","Wisconsin","Wyoming","Alabama","Alaska","Arizona","Arkansas","California","Colorado","Connecticut","Delaware","Federal","Florida","Georgia","Hawaii","Idaho","Illinois","Indiana","Iowa","Kansas","Kentucky","Louisiana","Maine","Maryland","Massachusetts","Michigan","Minnesota","Mississippi","Missouri","Montana","Nebraska","Nevada","New_Hampshire","New_Jersey","New_Mexico","New_York","North_Carolina","North_Dakota","Ohio","Oklahoma","Oregon","Pennsylvania","Rhode_Island","South_Carolina","South_Dakota","Tennessee","Texas","Utah","Vermont","Virginia","Washington","West_Virginia","Wisconsin","Wyoming","Law_School_Law_Libraries","State_Supreme_Court_Libraries","Fraud_and_Misconduct","E-Commerce","Jurisdiction","Linking_Law","Unsolicited_Email","Directories","Canada","United_States","Legislation","Megan's_Law","Specific_Cases","Disability_and_Business_Technical_Assistance_Centers","Directories","Youth_Court","False_Claims_Act","Nullification","Judicial","Regional","Works","Forms","Public_Records","Public_Notices","Implants_and_Devices","Pharmaceutical","Asbestos","Benzene","Beryllium","Silica","Case_Studies","Personal_Pages","Associations","Australia","Canada","United_States","Florida","Pennsylvania","Texas","Canada","United_States","Alabama","Alaska","Arizona","Arkansas","California","Connecticut","Delaware","Florida","Georgia","Hawaii","Idaho","Illinois","Indiana","Iowa","Kansas","Kentucky","Louisiana","Maine","Maryland","Massachusetts","Michigan","Minnesota","Mississippi","Missouri","Montana","Nebraska","Nevada","New_Hampshire","New_Jersey","New_Mexico","New_York","North_Carolina","North_Dakota","Ohio","Oklahoma","Oregon","Pennsylvania","Rhode_Island","South_Carolina","South_Dakota","Tennessee","Texas","Utah","Vermont","Virginia","Washington","West_Virginia","Wisconsin","Wyoming","Billing","Document_Management","Law_Department","Litigation","Online","A","Administrative_Law","Agricultural_Law","B","Bankruptcy_Law","Business_Law","C","Civil_Rights","Communications_Law","Constitutional_Law","Criminal_Law","D","Directories","Dispute_Resolution","E","Economics","Entertainment_and_Sports_Law","Environmental_Law","Ethics","F","G","Gender_Law","Government","H","Health_and_Safety_Law","Human_Rights","I","Indigenous_Peoples_Law","International_Law","J","Jewish_Law","K","L","Law_Reform","Law_and_Culture","M","Maritime_Law","Medical-Legal","N","O","P","Property_Law","Public_Interest_Law","Public_Policy","R","Q","Religion","S","Sociology","T","Taxation","Technology_and_Intellectual_Property","Transportation_Law","U","V","W","X","Y","Z","Forms","Kits","Forms","Incorporation_Kits","Forms","Kits","Will_and_Trust_Archives","Divorce","Forms","Name_Change_Kits","Premarital_Agreements","Forms","Kits","Self-Help_Kits","Forms","England_and_Wales","Scotland","Alberta","British_Columbia","Manitoba","New_Brunswick","Newfoundland_and_Labrador","Northwest_Territories","Nova_Scotia","Ontario","Prince_Edward_Island","Quebec","Saskatchewan","Yukon_Territory","Directories","Alabama","Alaska","Arizona","Arkansas","California","Colorado","Connecticut","Florida","Georgia","Hawaii","Illinois","Indiana","Iowa","Kansas","Kentucky","Louisiana","Maryland","Massachusetts","Michigan","Minnesota","Missouri","Montana","Nebraska","Nevada","New_Jersey","New_Mexico","New_York","North_Carolina","Ohio","Oklahoma","Oregon","Pennsylvania","Rhode_Island","South_Carolina","Tennessee","Texas","Utah","Virginia","Washington","Washington,_DC","West_Virginia","Wisconsin","Wyoming","Europe","North_America","Aviation_and_Rail","Biomechanics","Industrial","Marine","Science_and_Engineering","Accounting","Appraisal_and_Valuation","Taxation","Computers","Dental","Pharmaceutical","Medical","Licensing","Drawings","Patent_Agents","Searching","Accounting","Billing","Cash_Flow","Litigation_Funding","Retiremement","Structured_Settlements","Web_Design_and_Development","Directories","Education","Referral_Services","United_States","Information_Management","Computer_Consultants","North_America","North_America","Europe","North_America","Africa","Asia","Caribbean","Central_America","Europe","Middle_East","North_America","Oceania","South_America","North_America","United_States","Europe","North_America","Europe","North_America","Oceania","Caribbean","North_America","Oceania","Africa","Europe","North_America","Oceania","North_America","North_America","Europe","North_America","Europe","North_America","Oceania","North_America","Caribbean","Europe","Middle_East","North_America","Europe","North_America","Asia","Caribbean","Europe","North_America","Oceania","Africa","Asia","Caribbean","Central_America","Europe","Middle_East","North_America","Oceania","Polar_Regions","South_America","Africa","Asia","Europe","Middle_East","North_America","Oceania","North_America","Oceania","Middle_East","North_America","Oceania","Africa","Asia","Caribbean","Central_America","Europe","Middle_East","North_America","Oceania","South_America","Europe","North_America","Oceania","North_America","Asia","Caribbean","Central_America","Europe","Middle_East","North_America","Oceania","South_America","Europe","North_America","Oceania","Caribbean","Europe","North_America","Oceania","Africa","Asia","Europe","North_America","Oceania","Europe","Middle_East","North_America","Oceania","Asia","Europe","North_America","Oceania","South_America","North_America","Illustration","Legal_Video","Canada","United_Kingdom","United_States","Cancer_Risks","Seventh-day_Adventists","C-130_Hercules","C-141_Starlifter","C-17_Globemaster_III","C-2_Greyhound","C-47_Skytrain","C-5_Galaxy","C-9_Skytrain","KC-10_Extender","KC-135_Stratotanker","KC-767_Tanker","Russian_Transports","V-22_Osprey","CP-140_Aurora","P-2_Neptune","P-3_Orion","S-3_Viking","A-10_Thunderbolt","A-1_Skyraider","A-4_Skyhawk","A-6_Intruder","A-6_Prowler","A-7_Corsair_II","AMX","AV-8B_Harrier","Buccaneer","Hawk","Jaguar","Tornado","Avro_Vulcan","B-17_Flying_Fortress","B-1_Lancer","B-24_Liberator","B-25_Bomber","B-29_Superfortress","B-2_Spirit","B-52_Stratofortress","B-58_Hustler","Brazil","France","Germany","Italy","Russia_-_Soviet_Union","Sweden","United_Kingdom","United_States","AL-1A_Airborne_Laser","Active_Aeroelastic_Wing","Aurora","Canard_Rotor_Wing","Future_Offensive_Air_System","Light_Aerial_Multipurpose_Vehicle","Russian_Fifth_Generation_Fighter","Space_Launch_Initiative","T-60S_Joint_Continental_Bomber","Unmanned_Combat_Air_Vehicle","X-29_Forward_Swept_Wings","X-31_Enhanced_Maneuverability_Fighter","X-33_Venture_Star","X-36_Tailless_Fighter_Agility_Aircraft","X-43_Hyper-X","X-6_Atomic_Powered_Aircraft_Program","XB-70_Valkyrie","Alpha_Jet","Eurofighter","F-100_Super_Sabre","F-104_Starfighter","F-105_Thunderchief","F-111_Aardvark","F-117_Nighthawk","F-14_Tomcat","F-15_Eagle","F-16_Falcon","F-18_Hornet","F-20_Tigershark","F-22_Raptor","F-35_Joint_Strike_Fighter","F-4_Phantom","F-5_Freedom_Fighter","F-8_Crusader","JAS-39_Gripen","MiG","Mirage","P-38_Lightning","P-51_Mustang","SU-27_Flanker","Supermarine","AC-119","AC-123","AC-130","AC-47","AH-1_Cobra","AH-64_Apache","AH-6_Little_Bird","CH-46_Sea_Knight","CH-47_Chinook","CH-53_Sea_Stallion","HH-43_Huskie","HH-60_Pave_Hawk","OH-58_Kiowa","RAH-66_Comanche","SH-2_Seasprite","SH-60_Seahawk","UH-1_Huey","UH-60_Black_Hawk","E-2_Hawkeye","E-3_Sentry","EP-3E_Aries","ES-3_Shadow","MC-130_Combat_Talon","RC-135_Rivet_Joint","SR-71_Blackbird","U-2_Dragon_Lady","T-1_Jayhawk","T-28_Trojan","T-2C_Buckeye","T-33_Shooting_Star","T-34_Turbo_Mentor","T-37_Tweet","T-38_Talon","T-39_Sabreliner","T-3_Firefly","T-41_Mescalero","T-45_Goshawk","Altus","Dragon_Eye","Global_Hawk","Predator","Raven","Shadow","Vulture","X-43A-LS","Camels","Horse","Agent_Orange","Atomic_Veterans","Gulf_War_Illness","Korean_War","Vietnam_War","American_Legion","American_Veterans","Catholic_War_Veterans","Disabled_American_Veterans","Jewish_War_Veterans","Marine_Corps_League","Military_Order_of_the_Purple_Heart","Paralyzed_Veterans_of_America","Polish_Legion","Ukrainian_American_Veterans","Veterans_of_Foreign_Wars","Vietnam_Veterans_of_America","Vietnam_War","Welfare_and_Assistance","Aviation","Units","Aviation","Mobile_Riverine_Force","Publications","US_Coast_Guard","Australia","Bahamas","Canada","United_Kingdom","United_States","Africa","Europe","Middle_East","North_America","Oceania","Alumni_Groups","Education_Programs","Personal_Pages","Fire","Grand_Lodge_of_California","Grand_Lodge_of_Pennsylvania","Grand_Lodge_of_the_Northwest","Masonic_Homes_for_Children_and_Seniors","Shriners_Hospitals_for_Burned_and_Crippled_Children","Mailing_Lists","Message_Boards","Grand_East_of_the_Netherlands","Grand_Lodge_Alpina_of_Switzerland","Grand_Lodge_of_Alabama","Grand_Lodge_of_Alabama,_Prince_Hall","Grand_Lodge_of_Alaska","Grand_Lodge_of_Alberta","Grand_Lodge_of_Arizona","Grand_Lodge_of_Arizona,_Prince_Hall","Grand_Lodge_of_Arkansas","Grand_Lodge_of_Arkansas,_Prince_Hall","Grand_Lodge_of_British_Columbia_and_Yukon","Grand_Lodge_of_California","Grand_Lodge_of_California,_Prince_Hall","Grand_Lodge_of_Canada_in_Ontario","Grand_Lodge_of_Colorado","Grand_Lodge_of_Colorado,_Wyoming_and_Utah,_Prince_Hall","Grand_Lodge_of_Connecticut","Grand_Lodge_of_Connecticut,_Prince_Hall","Grand_Lodge_of_Delaware","Grand_Lodge_of_Florida","Grand_Lodge_of_Georgia","Grand_Lodge_of_Georgia,_Prince_Hall","Grand_Lodge_of_Hawaii","Grand_Lodge_of_Hawaii,_Prince_Hall","Grand_Lodge_of_Idaho","Grand_Lodge_of_Illinois","Grand_Lodge_of_Illinois,_Prince_Hall","Grand_Lodge_of_India","Grand_Lodge_of_Indiana","Grand_Lodge_of_Indiana,_Prince_Hall","Grand_Lodge_of_Iowa","Grand_Lodge_of_Ireland","Grand_Lodge_of_Israel","Grand_Lodge_of_Japan","Grand_Lodge_of_Kansas","Grand_Lodge_of_Kentucky","Grand_Lodge_of_Louisiana","Grand_Lodge_of_Louisiana,_Prince_Hall","Grand_Lodge_of_Maine","Grand_Lodge_of_Manitoba","Grand_Lodge_of_Maryland","Grand_Lodge_of_Maryland,_Prince_Hall","Grand_Lodge_of_Massachusetts","Grand_Lodge_of_Massachusetts,_Prince_Hall","Grand_Lodge_of_Michigan","Grand_Lodge_of_Michigan,_Prince_Hall","Grand_Lodge_of_Minnesota","Grand_Lodge_of_Mississippi","Grand_Lodge_of_Mississippi,_Prince_Hall","Grand_Lodge_of_Missouri","Grand_Lodge_of_Missouri,_Prince_Hall","Grand_Lodge_of_Montana","Grand_Lodge_of_Nebraska","Grand_Lodge_of_Nebraska,_Prince_Hall","Grand_Lodge_of_Nevada","Grand_Lodge_of_Nevada,_Prince_Hall","Grand_Lodge_of_New_Brunswick","Grand_Lodge_of_New_Hampshire","Grand_Lodge_of_New_Jersey","Grand_Lodge_of_New_Jersey,_Prince_Hall","Grand_Lodge_of_New_Mexico","Grand_Lodge_of_New_Mexico,_Prince_Hall","Grand_Lodge_of_New_York","Grand_Lodge_of_New_York,_Prince_Hall","Grand_Lodge_of_New_Zealand","Grand_Lodge_of_Newfoundland_and_Labrador","Grand_Lodge_of_North_Carolina","Grand_Lodge_of_North_Carolina,_Prince_Hall","Grand_Lodge_of_North_Dakota","Grand_Lodge_of_Nova_Scotia","Grand_Lodge_of_Ohio","Grand_Lodge_of_Ohio,_Prince_Hall","Grand_Lodge_of_Oklahoma","Grand_Lodge_of_Oklahoma,_Prince_Hall","Grand_Lodge_of_Ontario,_Prince_Hall","Grand_Lodge_of_Oregon","Grand_Lodge_of_Pennsylvania","Grand_Lodge_of_Pennsylvania,_Prince_Hall","Grand_Lodge_of_Prince_Edward_Island","Grand_Lodge_of_Quebec","Grand_Lodge_of_Rhode_Island","Grand_Lodge_of_Saskatchewan","Grand_Lodge_of_Scotland","Grand_Lodge_of_South_Africa","Grand_Lodge_of_South_Australia_and_the_Northern_Territory","Grand_Lodge_of_South_Carolina","Grand_Lodge_of_South_Carolina,_Prince_Hall","Grand_Lodge_of_South_Dakota","Grand_Lodge_of_Switzerland","Grand_Lodge_of_Tasmania","Grand_Lodge_of_Tennessee","Grand_Lodge_of_Tennessee,_Prince_Hall","Grand_Lodge_of_Texas","Grand_Lodge_of_Texas,_Prince_Hall","Grand_Lodge_of_Utah","Grand_Lodge_of_Vermont","Grand_Lodge_of_Virginia","Grand_Lodge_of_Virginia,_Prince_Hall","Grand_Lodge_of_Washington","Grand_Lodge_of_Washington,_Prince_Hall","Grand_Lodge_of_West_Virginia","Grand_Lodge_of_West_Virginia,_Prince_Hall","Grand_Lodge_of_Western_Australia","Grand_Lodge_of_Wisconsin","Grand_Lodge_of_Wyoming","Grand_Lodge_of_the_Bahamas,_Prince_Hall","Grand_Lodge_of_the_Caribbean,_Prince_Hall","Grand_Lodge_of_the_Czech_Republic","Grand_Lodge_of_the_District_of_Columbia","Grand_Lodge_of_the_District_of_Columbia,_Prince_Hall","Grand_Lodge_of_the_Philippines","Grand_Orient_of_Italy","Regular_Grand_Lodge_of_Belgium","Regular_Grand_Lodge_of_Italy","Union_Grand_Lodge_of_Florida_and_Belize,_Prince_Hall","United_Grand_Lodge_of_England","United_Grand_Lodge_of_New_South_Wales","United_Grand_Lodge_of_Queensland","United_Grand_Lodge_of_Victoria","United_Grand_Lodges_of_Germany","Grand_Orient_of_the_United_States_of_America","Research_Lodges","Allied_Masonic_Degrees","Amaranth","Ancient_&amp;_Accepted_Rite","Cryptic_Masons","Eastern_Star","Grotto","Holy_Royal_Arch_Knight_Templar_Priests","International_F&amp;AM_Masons_&amp;_OES_Inc.","Knight_Masons","Knights_Templar","Knights_of_the_York_Cross_of_Honour","Mark_Lodges","Masonic_Motorcycle_Clubs","National_Sojourners","Order_of_Knights_Preceptor","Order_of_True_Kindred","Order_of_the_Golden_Chain","Order_of_the_Secret_Monitor","Red_Cross_of_Constantine","Royal_Arch_Masons","Royal_Order_of_Scotland","Sciots","Shrine","Societas_Rosicruciana","St._Thomas_of_Acon","Tall_Cedars_of_Lebanon","White_Shrine_of_Jerusalem","York_Rite","York_Rite_Sovereign_College_of_North_America","Youth","The_Grand_Lodge_of_All_England_at_York","Auctions","Computer_Software","Gifts_and_Supplies","Jewellery","Printers_and_Stationers","Publications_and_Publishers","Regalia_and_Supplies","IGMW","Droit_Humain","Women's_Grand_Lodge_of_Belgium","North_America","Campsie_Club","Mitchelburne_Club","Grand_Lodge_of_Australia","Grand_Lodge_of_Canada","Grand_Lodge_of_England","Grand_Lodge_of_Ireland","Independent_Orange_Institution","Institute_of_Scotland","Institute_of_the_USA","Junior_Loyal_Orange_Order","Ladies_Loyal_Orange_Order","Royal_Arch_Purple_Order","Royal_Black_Institution","Africa","Asia","Europe","Middle_East","North_America","Oceania","Irish","Scottish","Entertainment_Ideas","Printer_Cartridges","Wireless_Devices","Special_Event_Management","Apparel","Books_and_Magazines","Bricks,_Plaques,_and_Tiles","Candles","Cards,_Stationery_and_Giftwrap","Catalogs","Christmas_and_Collectibles","Cookbooks","Discount_Books_and_Cards","First_Aid_and_Safety","Flowers,_Plants_and_Trees","Food_and_Drink","Music,_Video_and_CDs","Personalized_and_Spirit_Items","Scratchcard","Professional_Organizations","Africa","Asia","Caribbean","Central_America","Europe","Middle_East","North_America","Oceania","South_America","South_Africa","Hong_Kong","India","Japan","Macau","Malaysia","Nepal","Philippines","Singapore","South_Korea","Barbados","Panama","Austria","Belarus","Belgium","Bulgaria","Denmark","Finland","France","Germany","Hungary","Iceland","Ireland","Monaco","Netherlands","Norway","Poland","Spain","Sweden","Switzerland","United_Kingdom","Canada","Greenland","United_States","Australia","New_Zealand","Colombia","Clubs","Districts","Canada","United_States","Ireland","United_Kingdom","Canada","United_States","Maryland","South_Carolina","Canada","United_States","Australia","Africa","Asia","Central_America","Europe","Middle_East","North_America","Oceania","South_America","North_Carolina","South_Carolina","Kansas","Minnesota","Georgia","Florida","Tennessee","Missouri","New_York","Arizona","Montana","Oklahoma","Maryland","Iowa","Illinois","North_America","Projects","Academic_Decathlon","Forensics","Mock_Trial","Quiz_Bowl","Alpha_Beta_Gamma","Alpha_Chi","Alpha_Delta_Mu","Alpha_Epsilon","Alpha_Epsilon_Delta","Alpha_Kappa_Delta","Alpha_Lambda_Delta","Alpha_Phi_Sigma","Beta_Alpha_Psi","Beta_Beta_Beta","Beta_Gamma_Sigma","Chi_Alpha_Epsilon","Chi_Epsilon","Delta_Epsilon_Sigma","Delta_Mu_Delta","Eta_Kappa_Nu","Gamma_Beta_Phi","Gamma_Theta_Upsilon","Golden_Key","Kappa_Delta_Pi","Kappa_Mu_Epsilon","Kappa_Omicron_Nu","Mortar_Board","National_Honor_Society","Omicron_Delta_Kappa","Phi_Alpha_Theta","Phi_Beta_Kappa","Phi_Theta_Kappa","Sigma_Beta_Delta","Sigma_Gamma_Epsilon","Sigma_Tau_Delta","Xi_Sigma_Pi","Acacia","Alpha_Chi_Omega","Alpha_Chi_Rho","Alpha_Delta_Gamma","Alpha_Delta_Phi_Fraternity","Alpha_Delta_Phi_Society","Alpha_Delta_Pi","Alpha_Epsilon_Phi","Alpha_Epsilon_Pi","Alpha_Gamma_Delta","Alpha_Gamma_Rho","Alpha_Gamma_Sigma","Alpha_Kappa_Lambda","Alpha_Omega_Alpha","Alpha_Omicron_Pi","Alpha_Phi","Alpha_Phi_Delta","Alpha_Sigma_Alpha","Alpha_Sigma_Phi","Alpha_Sigma_Tau","Alpha_Tau_Omega","Alpha_Xi_Delta","Alpha_Kappa_Alpha","Alpha_Phi_Alpha","Beta_Kappa_Phi","Beta_Phi_Pi","Delta_Sigma_Theta","Gamma_Psi_Omega","Groove_Phi_Groove","Iota_Phi_Theta","Kappa_Alpha_Psi","Krimson_Kourts","Local_Groups","Omega_Pearls","Omega_Psi_Phi","Phi_Beta_Sigma","Phi_Delta_Psi","Phi_Omicron_Psi","Phi_Rho_Eta","Shopping","Pi_Psi","Sigma_Gamma_Rho","Sigma_Rhomeo","Swing_Phi_Swing","Zeta_Phi_Beta","Co-ed_Organizations","Men's_Organizations","Women's_Organizations","Alpha_Kappa_Delta_Phi","Alpha_Phi_Gamma","Chi_Delta_Theta","Delta_Phi_Omega","Delta_Sigma_Iota","Iota_Nu_Delta","Kappa_Phi_Gamma","Kappa_Phi_Lambda","Kappa_Zeta_Phi","Lambda_Phi_Epsilon","Local_Groups","Nu_Alpha_Phi","Pi_Alpha_Phi","Pi_Delta_Psi","Psi_Chi_Omega","Sigma_Lambda_Kappa","Sigma_Omicron_Pi","Sigma_Psi_Zeta","Sigma_Sigma_Rho","Zeta_Chi_Epsilon","Greek_Councils","Interfraternity_Councils","Multi-Cultural_Greek_Councils","National_Pan-Hellenic_Council","National_Panhellenic_Conference","Order_of_Omega","Religion_and_Spirituality","Beta_Kappa_Psi","Beta_Sigma","Beta_Sigma_Psi","Beta_Theta_Pi","A","B","C","D","E","F","G","H","I","J","K","L","M","N","O","P","Q","R","S","T","U","V","W","X","Y","Z","Fraternity_Leadership_Association","National_Association_of_Latino_Fraternal_Organizations","National_Multicultural_Greek_Council","National_Pan-Hellenic_Council","National_Panhellenic_Conference","North-American_Interfraternity_Conference","Professional_Fraternity_Association","Chi_Delta","Chi_Omega","Chi_Phi","Chi_Psi","Senior_Societies","Delta_Chi","Delta_Delta_Delta","Delta_Gamma","Delta_Kappa_Epsilon","Delta_Omega_Epsilon","Delta_Omega_Sigma","Delta_Phi","Delta_Phi_Epsilon","Delta_Psi","Delta_Sigma_Phi","Delta_Tau_Delta","Delta_Upsilon","Delta_Zeta","Undergraduate_Programs","FarmHouse","Gamma_Phi_Beta","Alpha_Lambda_Tau","Delta_Lambda_Phi","Lambda_Delta_Lambda","Opposing_Views","Phi_Kappa","Iota_Beta_Chi","Freedom_of_Association","Kappa_Alpha_Order","Kappa_Alpha_Society","Kappa_Alpha_Theta","Kappa_Beta_Gamma","Kappa_Delta","Kappa_Delta_Phi","Kappa_Delta_Rho","Kappa_Kappa_Gamma","Kappa_Kappa_Kappa","Kappa_Sigma","Kappa_Sigma_Epsilon","Kappa_Tau_Epsilon","Lambda_Chi_Alpha","Alpha_Pi_Sigma","Alpha_Psi_Lambda","Alpha_Rho_Lambda","Chi_Upsilon_Sigma","Delta_Sigma_Chi","Gamma_Alpha_Omega","Gamma_Phi_Omega","Gamma_Zeta_Alpha","Kappa_Delta_Chi","Lambda_Alpha_Upsilon","Lambda_Pi_Chi","Lambda_Pi_Upsilon","Lambda_Sigma_Upsilon","Lambda_Theta_Alpha","Lambda_Theta_Nu","Lambda_Theta_Phi","Lambda_Upsilon_Lambda","Local_Groups","Nu_Alpha_Kappa","Omega_Delta_Phi","Omega_Phi_Beta","Phi_Iota_Alpha","Pi_Lambda_Chi","Sigma_Delta_Alpha","Sigma_Iota_Alpha","Sigma_Lambda_Beta","Sigma_Lambda_Gamma","Sigma_Lambda_Upsilon","Sigma_Omega_Nu","Augustana_College","Austin_College","California_State_University_-_Chico","Clarkson_University","Dartmouth_College","Grove_City_College","Ithaca_College","John_Carroll_University","Michigan_Technological_University","Millersville_University","Otterbein_College","Pace_University","State_University_of_New_York","Yale_University","Alpha_Delta_Rho","Beta_Xi_Chi","Chi_Delta_Beta","Chi_Sigma_Upsilon","Delphic_of_Gamma_Sigma_Tau","Delta_Chi_Phi","Delta_Gamma_Pi","Delta_Lambda_Delta","Delta_Phi_Omega","Delta_Sigma_Chi","Delta_Xi_Nu","Delta_Xi_Phi","Delta_Zeta_Xi","Epsilon_Sigma_Rho","Eta_Omega_Tau","Gamma_Delta_Chi","Gamma_Omega_Delta","Iota_Psi_Phi","Lambda_Fe_Uson","Lambda_Phi_Xi","Lambda_Psi_Delta","Lambda_Sigma_Gamma","Lambda_Tau_Omega","Mu_Sigma_Upsilon","Omega_Phi_Chi","Omicron_Lambda_Pi","Pi_Delta","Psi_Sigma_Phi","Sigma_Alpha_Zeta","Sigma_Beta_Rho","Sigma_Chi_Delta","Sigma_Iota_Sigma","Sigma_Omega_Phi","Sigma_Theta_Psi","Tau_Epsilon_Nu","Theta_Chi_Omega","Theta_Delta_Sigma","Theta_Nu_Sigma","Theta_Nu_Xi","Theta_Rho_Upsilon","Upsilon_Kappa_Delta","Zeta_Chi_Phi","Zeta_Sigma_Chi","Zeta_Sigma_Phi","Nu_Phi_Psi","Movies","Phi_Delta_Theta","Phi_Gamma_Delta","Phi_Kappa_Pi","Phi_Kappa_Psi","Phi_Kappa_Sigma","Phi_Kappa_Tau","Phi_Kappa_Theta","Phi_Mu","Phi_Mu_Delta","Phi_Sigma_Chi","Phi_Sigma_Kappa","Phi_Sigma_Nu","Phi_Sigma_Phi","Phi_Sigma_Sigma","Pi_Beta_Phi","Pi_Kappa_Alpha","Pi_Kappa_Phi","Pi_Lambda_Phi","Psi_Upsilon","Gamma_Epsilon","Sigma_Alpha_Epsilon","Tau_Gamma_Phi-Tau_Gamma_Sigma","Alpha_Chi_Sigma","Alpha_Eta_Rho","Alpha_Kappa_Psi","Alpha_Omega","Alpha_Omega_Epsilon","Alpha_Rho_Chi","Alpha_Sigma_Kappa","Alpha_Tau_Delta","Alpha_Zeta","Delta_Omicron","Delta_Sigma_Pi","Delta_Theta_Phi","Eta_Phi_Beta","Gamma_Iota_Sigma","Gamma_Phi_Delta","Iota_Phi_Lambda","Kappa_Delta_Epsilon","Kappa_Epsilon","Kappa_Gamma_Psi","Kappa_Kappa_Psi-Tau_Beta_Sigma","Kappa_Psi_Pharmaceutical_Fraternity,_Inc.","Lambda_Kappa_Sigma","Local_Groups","Mu_Phi_Epsilon","Omega_Tau_Sigma","Phi_Alpha_Delta","Phi_Beta","Phi_Chi_Theta","Phi_Delta_Chi","Phi_Delta_Epsilon","Phi_Delta_Kappa","Phi_Delta_Phi","Phi_Mu_Alpha_Sinfonia","Phi_Rho_Sigma","Phi_Sigma_Pi","Pi_Sigma_Epsilon","Rho_Pi_Phi","Sigma_Alpha","Sigma_Alpha_Iota","Sigma_Delta_Kappa","Sigma_Phi_Delta","Theta_Alpha_Phi","Theta_Tau","Zeta_Phi_Eta","Alpha_Gamma_Omega","Alpha_Iota_Omega","Alpha_Lambda_Omega","Chats_and_Forums","Gamma_Phi_Delta","Local_Groups","Mu_Epsilon_Theta","Phi_Beta_Chi","Sigma_Phi_Lambda","Sigma_Theta_Epsilon","Sigma_Alpha_Epsilon","Sigma_Alpha_Mu","Sigma_Chi","Sigma_Delta_Tau","Sigma_Kappa","Sigma_Kappa_Tau","Sigma_Nu","Sigma_Phi","Sigma_Phi_Epsilon","Sigma_Pi","Sigma_Sigma_Sigma","Sigma_Tau_Gamma","Alpha_Phi_Omega","Beta_Sigma_Phi","Epsilon_Sigma_Alpha","Gamma_Sigma_Sigma","Intercollegiate_Knights","Omega_Phi_Alpha","Buying_Cooperatives","Tau_Delta_Phi","Tau_Epsilon_Phi","Tau_Kappa_Epsilon","Theta_Chi","Theta_Delta_Chi","Theta_Phi_Alpha","Theta_Xi","Triangle_Fraternity","Zeta_Beta_Tau","Zeta_Phi_Rho","Zeta_Psi","Zeta_Tau_Alpha","Fraternities_and_Sororities","Hillel","Jewish_Student_Union","Associations","Schools","United_Kingdom","Canada","United_States","Ireland","United_Kingdom","Canada","United_States","Manufacturers","Automated","Pausch,_Randy","Directories","Entertainment","Kids","Magazines","News_and_Media","Organizations","Sports","Business","Student","Australia","Canada","United_States","A","B","C","D","F","G","I","J","K","L","M","N","O","P","R","S","T","U","W","Z","Directories","Gray_Panthers","Older_Women's_League","Retirees","Activities_and_Travel","Housing_and_Communities","Africa","Asia","Europe","Middle_East","North_America","Oceania","Kids","Teens","4-H","Agricultural","Awards","Big_Brothers_Big_Sisters","Boys_and_Girls_Clubs","Camp_Fire_USA","Cultural","Junior_Achievement","Military","Model_Government","Public_Service","Regional","Woodcraft_Folk","Youth_Advice_and_Information","Clothing","Africa","Asia","Caribbean","Central_America","Europe","Mailing_Lists","North_America","Oceania","South_America","Teenagers","Curfews","Drinking_Age","Global","Magazines_and_E-zines","Voting_Age","Divorce_and_Custody","Opposing_Views","Organizations","Personal_Pages","Publications","Misogyny","Abortion","False_Accusations","Male_Rape","Authors","Quotations","Reading_Groups","Feminist_Choirs","Festivals","Guerrilla_Girls","Asia","By_Industry","Caribbean","Europe","North_America","Oceania","Biography","Egypt","Greece","Rome","Biography","Suffrage_and_Political_Participation","Directories","Domestic_Violence","Organizations","Resources","Sexual_Harrassment","Support_Groups","Archives","International_Council_of_Women","International_Federation_of_University_Women","National_Organization_for_Women","United_States","Transition_to_Work","Canada","United_States","United_States","Europe","Europe","Great_Britain_and_Ireland","South_West_Pacific","The_Americas","Europe","North_America","Oceania","History","Organizations","Web_Design_and_Development","Psychology","Science_and_Technology","Academic_Departments_and_Programs","Libraries_and_Collections","Journals","Canada","United_States","Australia","Canada","United_Kingdom","United_States","Fulbright","Rhodes_Scholar","Hematology_and_Oncology","Immunology","Neurosciences","Literature_Prize","Peace_Prize","Physics_Prize","Physiology_or_Medicine_Prize","United_States","Chapters","Children","Food_and_Shelter","Muslim_Aid","Canada","United_States","Canada","United_States","Sponsors","Alabama","Alaska","Arizona","Arkansas","California","Colorado","Connecticut","Delaware","Florida","Georgia","Hawaii","Idaho","Illinois","Indiana","Iowa","Kansas","Kentucky","Louisiana","Maine","Maryland","Massachusetts","Michigan","Minnesota","Mississippi","Missouri","Montana","Nebraska","Nevada","New_Hampshire","New_Jersey","New_Mexico","New_York","North_Carolina","North_Dakota","Ohio","Oklahoma","Oregon","Pennsylvania","Rhode_Island","South_Carolina","South_Dakota","Tennessee","Texas","Utah","Vermont","Virginia","Washington","West_Virginia","Wisconsin","Women,_Infants,_and_Children_-_WIC","Neo-Confucians","Hinayana","Madhyamaka","Mimamsa_and_Vedanta","Naturalism","Nyaya-Vaisesika","Saiva-Siddhanta","Samkhya-Yoga","Theravada","Yogacara","Animal_Rights_or_Liberation","Cloning","End-of-Life","Eugenics","Genetic_Engineering","Academic_Departments","Research_Ethics","Journals","Organizations","Case_Studies","Essays_on_Professional_Ethics","Books","Negative_Utilitarianism","Utilitarians","Transcendentalists","British_Idealists","Egoists","German","Philosophers","Philosophers","Vienna_Circle","Clark,_Romane","Cohen,_Morris_R.","Lashchyk,_Eugene","Lenin,_Vladimir_I.","Lovejoy,_Arthur_O.","Margolis,_Joseph","Marras,_Ausonio","Montague,_William_Pepperell","Morgan,_C._Lloyd","Perry,_Ralph_Barton","Rosenthal,_David","Sellars,_Roy_Wood","Vaihinger,_Hans","Zalta,_Edward_N.","Cynics","Eleatics","Epicureans","Milesians","Neoplatonists","Peripatetics","Pythagoreans","Skeptics","Sophists","Chats_and_Forums","Stoics","Academics","Cambridge_Platonists","Cartesians","Philosophers","Platonists","Political_Realists","Student","Personal_Pages","Rand,_Ayn","Essays","Works","Works","Articles","Biographies","Works","Articles","Biographies","Chats_and_Forums","Works","Biographies","Works","Works","Articles","Works","Works","Works","Works","Works","Works","Works","Works","Works","Works","Articles","Biographies","Works","Works","Works","Works","Articles","Biographies","Works","Works","Works","Works","Articles","Biographies","Works","Articles","Biographies","Works","Works","Works","Articles","Biographies","Works","Works","Works","Biographies","Works","Works","Articles","Biographies","Works","Articles","Biographies","Works","Articles","Biographies","Works","Biographies","Works","Articles","Biographies","Works","Works","Articles","Biographies","Works","Works","Works","Works","Works","Articles","Biographies","Works","Articles","Works","Works","Works","Articles","Biographies","Works","Works","Biographies","Works","Works","Works","Works","Works","Works","Works","Biographies","Works","Works","Biographies","Works","Works","Works","Articles","Biographies","Works","Articles","Biographies","Works","Works","Works","Works","Works","Works","Works","Articles","Biographies","Works","Works","Works","Compositionality_and_Holism","Articles","Articles","Bracken,_Len","Debord,_Guy","Sanguinetti,_Gianfranco","Vaneigem,_Raoul","Cobra","Immediatism","Lettrism","Spur","Buchanan,_Pat","Coulter,_Ann","Schlafly,_Phyllis","Austria","Belgium","Denmark","Netherlands","Norway","Magazines_and_E-zines","Celebrities","Personal_Pages","Theorists","Chats_and_Forums","Institutes","News_and_Media","Opposing_Views","Organizations","People","Theory","Web_Rings","Journals","Magazines_and_E-zines","Weblogs","Celebrities","Personal_Pages","Theorists","Commonwealth_Realms","Micronations_and_Simulations","Carmichael,_Stokely","Cleaver,_Eldridge","Newton,_Huey_P.","Seale,_Bobby","Opposing_Views","Anti-Revisionism","Culture","Humor","Left_Communism","Parties","People","States","Canada","Denmark","United_States","Mormon","Catholic","Asian","Black","Buddhist","Greek","Indian","Italian","Latin","Native_American","1","2","3","4","A","B","C","D","E","F","G","H","I","J","K","L","M","N","O","P","Q","R","S","T","U","V","W","X","Y","Z","Female","Male","Transgendered","Africa","Asia","Europe","North_America","Oceania","South_America","United_States","Canada","Australia","Support_Groups","Australia","Canada","United_States","Africa","Asia","Europe","North_America","Oceania","Greece","Italy","United_Kingdom","Canada","Mexico","United_States","United_Kingdom","Canada","United_States","Canada","United_States","Australia","New_South_Wales","Queensland","South_Australia","Tasmania","Victoria","Western_Australia","Alberta","British_Columbia","Ontario","Alabama","Alaska","Arizona","Arkansas","California","Colorado","Connecticut","Delaware","Florida","Georgia","Hawaii","Idaho","Illinois","Indiana","Iowa","Kansas","Kentucky","Louisiana","Maine","Maryland","Massachusetts","Michigan","Minnesota","Mississippi","Missouri","Montana","Nebraska","Nevada","New_England","New_Hampshire","New_Jersey","New_Mexico","New_York","North_Carolina","North_Dakota","Ohio","Oklahoma","Oregon","Pennsylvania","Rhode_Island","South_Carolina","South_Dakota","Tennessee","Texas","Utah","Vermont","Virginia","Washington","Washington,_DC","West_Virginia","Wisconsin","Wyoming","Haile_Selassie","Christian","Designers_and_Galleries","Music","Books","Australia","Canada","New_Zealand","United_Kingdom","United_States","University_Groups","Buddhist-Christian_Dialogue","Jesus-Was-a-Buddhist_Theories","Alberta","British_Columbia","Manitoba","Newfoundland_and_Labrador","Nova_Scotia","Ontario","Quebec","England","Northern_Ireland","Scotland","Wales","Alabama","Alaska","Arizona","Arkansas","California","Colorado","Connecticut","Delaware","Florida","Georgia","Hawaii","Idaho","Illinois","Indiana","Iowa","Kansas","Kentucky","Louisiana","Maine","Maryland","Massachusetts","Michigan","Minnesota","Mississippi","Missouri","Montana","Nebraska","Nevada","New_Hampshire","New_Jersey","New_York","New_Mexico","North_Carolina","Ohio","Oklahoma","Oregon","Pennsylvania","Rhode_Island","South_Carolina","South_Dakota","Tennessee","Texas","Utah","Vermont","Virginia","Washington","Washington,_DC","West_Virginia","Wisconsin","Centers","Publications","Right_Livelihood_Businesses","Centers_and_Monasteries","International_Temples_Project","Altars_and_Supplies","Biographies","History_and_Scholarship","Honmon_Butsuryu_Shu","Kempon_Hokke_Shu","Nichiren_Shoshu","Nichiren_Shu","Nipponzan_Myohoji","Regional_Groups","Rissho_Kosei_Kai","Soka_Gakkai","Weblogs","Chats_and_Forums","Myokonin","Sutras","Temples","Young_Buddhist_Associations","Temples","Temples_and_Groups","Centers","Personal_Pages","Products_and_Services","Publications","Teachers","Art","Bon-Po","Books","Centers_and_Monasteries","Dalai_Lama","Internet","Meditation","Merchandise","Organizations","Personal_Pages","Publications","Scriptures","Teachers","Lenz,_Frederick","Temples","Arts","Centers","Chats_and_Forums","Criticism","Directories","Humor","Major_Schools","Masters_and_Teachers","Meditation","Merchandise","Oryoki","Personal_Pages","Philosophy","Publications_and_Journals","Teachings","What_Is_Zen","Zen_and_Other_Religions","Publishers","Sellers","Islam","Authors","Christmas","Poetry","Web-Published","Reviews","Comedy","Dance","Puppetry","Storytelling","Theatre","By_Book","By_Character","By_Denomination","By_Topic","Discipling","Translators","Translations","Transmission","Freeware","English_Translations","Bible_Society","Gideons","Scripture_Union","Archaeology","Commentaries","Geography","Hermeneutics","History","Languages","Literature","New_Testament","Old_Testament","Textual_Studies","American_Standard_Version","Amplified_Bible","Authorized_Version","English_Standard_Version","New_English_Translation","New_International_Version","New_King_James_Version","New_Living_Translation","Revised_Standard_Version","The_Message","Today's_New_International_Version","New_American_Standard_Bible","Young's_Literal_Translation","Comparisons","Methodology","New_Revised_Standard_Version","Orthodox_Study_Bible","New_English_Translation_of_the_Septuagint","Video","Internet","Programs","Stations","Programs","Stations","Design","Web_Hosting","Calendars","Jesse_Tree","Cards_and_Letters","Children_and_Youth","Santa_Claus","Songs_and_Carols","Stories","Twelve_Days","Children_and_Youth","Devotionals_and_Sermons","Multimedia","Music","Education","Online","Organizations","Services","Early_Church","Medieval","Reformation","18th_Century","19th_Century","20th_Century","17th_Century","Apocryphal_Acts","Apocryphal_Apocalypses","Apocryphal_Gospels","Apostolic_Fathers","Ecumenical_Councils","Eusebius_of_Caesarea","Evagrius_Ponticus","Gospel_of_Thomas","Origen","Poetry","Pseudo-Dionysius","Pseudonymous_Epistles","Q","Secret_Mark","Synesius_of_Cyrene","Tertullian","Canada","United_States","Africa","Asia","Europe","Huguenots","North_America","Oceania","Presbyterian","Puritans","Reformed_Baptists","South_America","United_Churches","Waldensians","Anglican_Reformation","Lutheran_Reformation","Pre-Reformation","Radical_Reformation","Reformed_Reformation","Benin","Botswana","Ethiopia","Ghana","Kenya","Malawi","Nigeria","Rwanda","South_Africa","Uganda","Bangladesh","India","Indonesia","Japan","Malaysia","Philippines","Singapore","South_Korea","Sri_Lanka","Tajikistan","Thailand","Aruba","Cayman_Islands","Jamaica","Puerto_Rico","Trinidad_and_Tobago","US_Virgin_Islands","Study_Material","Croatia","Czech_Republic","Estonia","Finland","Germany","Greece","Guernsey","Hungary","Ireland","Isle_of_Man","Italy","Jersey","Lithuania","Malta","Netherlands","Norway","Portugal","Russia","Slovakia","Spain","Sweden","Switzerland","Ukraine","United_Kingdom","Israel","Lebanon","United_Arab_Emirates","Bermuda","Canada","Mexico","United_States","Australia","Guam","New_Zealand","Northern_Mariana_Islands","Backgrounds","Banners","Bible_Verse_Art","Clip_Art","Directories","E-cards","Holiday","Photographs","Wallpapers","Mailing_Lists","Bible","Church_Management","Games","Screen_Savers","Content","Australia","Canada","United_Kingdom","United_States","Camps_and_Retreats","Local_Churches","Amish","Apostolic_Christian_Church","Books","Brethren","Bruderhof_Communities","Hutterites","Mennonites","Publishers","Anglican_Catholic_Church","Anglican_Church_in_Aotearoa,_New_Zealand_and_Polynesia","Anglican_Church_in_Japan","Anglican_Church_in_South_East_Asia","Anglican_Church_of_Australia","Anglican_Church_of_Canada","Anglican_Church_of_Mexico","Anglican_Mission_in_America","Anglican_Province_of_America","Book_of_Common_Prayer","Charismatic_Episcopal_Church","Church_in_Wales","Church_of_England","Church_of_England_in_South_Africa","Church_of_Ireland","Churches","Communion_of_Evangelical_Episcopal_Churches","Cursillo","Education","Episcopal_Church_USA","Episcopal_Church_in_Jerusalem_and_the_Middle_East","Holy_Catholic_Church_-_Anglican_Rite","Hong_Kong_Anglican_Church","Ministries","Organizations","Province_of_Christ_the_King","Province_of_Southern_Africa","Province_of_West_Indies","Publications","Reformed_Episcopal_Church","Scottish_Episcopal_Church","Traditional_Anglican_Communion","United_Anglican_Church","Directories","Churches","Baptist_Groups","Camps_and_Retreats","Chats_and_Forums","Church_Directories","Colleges_and_Universities","Education","History","Local_Churches","Magazines_and_E-zines","Ministries","Missions","News","People","Publishing_Houses","Radio_and_Television","Religious_Liberty","Seminaries","Sermons","Social_Justice_and_Ethics","Theology","Local_Churches","Bible_Study","News_and_Media","Brethren_Church","Brethren_in_Christ","Camps_and_Retreats","Church_of_the_Brethren","Churches","Colleges_and_Universities","Grace_Brethren","United_Brethren_in_Christ","Apologetics","Arts","Bishops'_Conferences","Businesses","Chats_and_Forums","Countries","Dioceses","Directories","Eastern_Rites","Education","Family_Life","History","Humor","Issues","Liturgy","Mailing_Lists","Movements","Music","News_and_Media","Not_in_Communion_with_Rome","Orders","Organizations","Parishes","People","Pilgrimage","Popes","Prayer_and_Spirituality","Reference","Resources","Sacraments","Saints","Scripture","Shopping","Theology","Web_Rings","Association_of_Vineyard_Churches","Calvary_Chapel","Local_Churches","Partners_in_Harvest","Publications","Sovereign_Grace_Ministries","Victory_Churches_International","Worship","Chats_and_Forums","Local_Groups","Magazines_and_Publishing_Houses","Pastoral","Personal_Pages","Who_Are_The_Christadelphians","Bible_Study","Disciples_of_Christ","Independent_Christian_Churches","Local_Churches","Churches","Colleges_and_Universities","Districts","Pastors","Bible_Study","Bible_Study_Resources","Books_and_Publications","Camps_and_Retreats","Churches","Colleges_and_Universities","Directories","History","Ministries","Missions","Organizations","Progressive_Movement","Resources","Schools_of_Preaching","Singles","Social_Directories","Student_Organizations","Women's_Resources","Youth_Groups_and_Ministries","Bible_Study,_Sermon,_and_Debate_Resources","Bookstores","Colleges_and_Universities","Congregations","Connecting_Preachers_and_Churches","Directories","Evangelism_Overseas","History","Publications","Resources","Christian_Churches_of_God","Church_of_God,_International","Church_of_God_-_7th_Day","Church_of_God_-_Anderson,_Indiana","Church_of_God_-_Charleston,_Tennessee","Church_of_God_-_Cleveland,_Tennessee","Church_of_God_-_Seventh_Day","Church_of_God_General_Conference","Church_of_God_Mountain_Assembly","Church_of_God_in_Christ","Church_of_God_in_Christ,_International","Church_of_God_of_Prophecy","Community_Churches_of_God","General_Assembly_Churches_of_God","Intercontinental_Church_of_God","Living_Church_of_God","Pentecostal_Church_of_God","Philadelphia_Church_of_God","United_Church_of_God","History","Local_Churches","National,_International_and_Regional_Groups","Seminaries","United_Kingdom","United_States_of_America","Camps_and_Conference_Centers","Local_Churches","Churches","Christ's_Sanctified_Holy_Church","Christian_and_Missionary_Alliance","Church_of_Christ_Holiness_U.S.A.","Church_of_God_-_Holiness","Church_of_the_Living_God,_Christian_Workers_for_Fellowship","Churches_of_Christ_in_Christian_Union","Evangelical_Church","Evangelical_Missionary_Church_of_Canada","God's_Missionary_Church","Missionary_Church","Pilgrim_Holiness_Church_of_New_York","Pillar_of_Fire","Salvation_Army","Chats_and_Forums","Churches","Web_Rings","Business","Chats_and_Forums","Congregations_and_Groups","Directories","Personal_Pages","Resources","Singles","Watchtower_Bible_and_Tract_Society","Church_of_Jesus_Christ_of_Latter-day_Saints","Community_of_Christ","Church_of_Jesus_Christ_of_Latter_Day_Saints,_Strangite","History","People","Remnant_Church_of_Jesus_Christ_of_Latter_Day_Saints","Scriptures","True_and_Living_Church_of_Jesus_Christ_of_Saints_of_The_Last_Days","Fundamentalist_Church_of_Jesus_Christ_of_Latter_Day_Saints","Apologetics","Bible","Books_Online","Campus_Organizations","Churches","Education","Evangelism","Hymns","News_and_Media","People","Personal_Pages","Practices","Resources","Shopping","Theology","Camps_and_Outdoors","Campus_Ministries","Computer_and_Internet","Congregations","Education","History","Humor","Organizations","People","Periodicals","Publishers","Shopping","Synods","Theology","Travel_and_Pilgrimage","Youth","Associations","Broadcasting","Chats_and_Forums","Congregations","Directories","Education","Ministries","Missions","Musicians","News_and_Media","Shopping","Torah_Observant","African_Methodist_Episcopal","African_Methodist_Episcopal_Zion","Association_of_Independent_Methodists","Bible_Methodist","British_Methodist_Episcopal","Chinese_Methodist","Christian_Methodist_Episcopal","Congregational_Methodist","Evangelical_Methodist","Fellowship_of_Independent_Methodist_Churches","First_Congregational_Methodist_Church_of_the_USA","Free_Methodist","History","Independent_Methodist","Korean_Methodist","Local_Churches","Methodist_Church,_Hong_Kong","Methodist_Church_in_Ireland","Methodist_Church_in_Malaysia","Methodist_Church_in_Singapore","Methodist_Church_of_Great_Britain","Methodist_Church_of_New_Zealand","Methodist_Church_of_Southern_Africa","Methodist_Church_of_Sri_Lanka","New_Methodist_Conference","People","Periodicals","Primitive_Methodist","Sermons","Southern_Congregational_Methodist","Southern_Methodist","Theology","United_Methodist","Waldensian_Protestant","Wesleyan_Reform_Union","Youth","Churches","Education","History","Traditions","Calendar","Chats_and_Forums","Church_Jurisdictions","Conferences","Education","Family_Life","Icons","Issues","Monasteries","Music_and_Chant","News_and_Media","Organizations_and_Fellowships","Parishes","Periodicals","Personal_Pages","Prayer","Resources","Saints_and_Martyrs","Shopping","Writings","Apostolic_Assembly_of_the_Faith_in_Christ_Jesus","Apostolic_Church","Apostolic_Church_of_Pentecost_of_Canada","Apostolic_Faith_Church","Assemblies_of_God","Booksellers","Christ_Gospel_Churches_International","Christian_Church_of_North_America","Christian_Outreach_Centre_International","Church_of_God_by_Faith","Church_of_the_Living_God,_the_Pillar_and_Ground_of_the_Truth","Education","Elim_Pentecostal_Church","Fire_Baptized_Holiness_Church_of_God_of_the_Americas","History","House_of_God,_Which_Is_the_Church_of_the_Living_God,_the_Pillar_and_Ground_of_the_Truth,_Inc.","House_of_God,_the_Holy_Church_of_the_Living_God","International_Church_of_the_Foursquare_Gospel","International_Pentecostal_Church_of_Christ","International_Pentecostal_Holiness_Church","Italian_Pentecostal_Church_of_Canada","Message","Ministries","Oneness_Pentecostalism","Open_Bible_Standard_Churches","Pentecostal_Assemblies_of_Canada","Redeemed_Christian_Church_of_God","United_Holy_Church_of_America","United_Pentecostal_Council_of_the_Assemblies_of_God","Booksellers","Camps_and_Retreats","Directories","Education","History","Local_Assemblies","Magazines_and_E-zines","Ministries","Missions","Online_Books","Weblogs","American_Presbyterian_Church","Associate_Reformed_Presbyterian_Church","Bible_Presbyterian_Church","Church_of_Scotland","Churches","Cumberland_Presbyterian_Church","Education","Evangelical_Presbyterian_Church","Free_Church_of_Scotland","Evangelical_Presbyterian_Church_in_England_and_Wales","Free_Church_of_Scotland_Continuing","Free_Presbyterian_Church","Free_Presbyterian_Church_of_Scotland","Grace_Presbyterian_Church_of_New_Zealand","Korean_American_Presbyterian_Church","Korean_Presbyterian_Church_in_America","Orthodox_Presbyterian_Church","Presbyterian_Church_USA","Presbyterian_Church_in_America","Presbyterian_Church_in_Canada","Presbyterian_Church_in_Ireland","Presbyterian_Church_in_Taiwan","Presbyterian_Church_of_Aotearoa_New_Zealand","Presbyterian_Church_of_Australia","Presbyterian_Church_of_Wales","Reformed_Presbyterian_Church_-_Covenanted","Reformed_Presbyterian_Church_General_Assembly","Reformed_Presbyterian_Church_of_Ireland","Reformed_Presbyterian_Church_of_North_America","Siloam_Biblical_Christian_Church_of_Pakistan","Theology","United_Free_Church_of_Scotland","Uniting_Presbyterian_Church_in_Southern_Africa","Directories","Canadian_and_American_Reformed_Churches","Christian_Reformed_Church_in_North_America","Christian_Reformed_Churches_of_Australia","Education","Free_Reformed_Churches_of_North_America","Heritage_Reformed_Congregations","History","Hungarian_Reformed_Church","Liturgy","Music","Orthodox_Christian_Reformed_Church","Protestant_Reformed_Churches_in_America","Reformed_Christian_Church_in_Croatia","Reformed_Church_in_America","Reformed_Church_in_the_United_States","Reformed_Church_of_Japan","United_Reformed_Churches_in_North_America","Uniting_Reformed_Church_of_South_Africa","Faith_and_Testimonies","History","Local_Meetings_and_Churches","Organizations","Personal_Pages","Publishing","Yearly_Meetings","Youth_Groups_and_Ministries","Bible_and_Doctrinal_Studies","Books_Online","Bookstores_and_Publishers","Businesses","Chats_and_Forums","Churches","Denominational_Organization","Devotionals","Directories","Divergent_Views","Education","Events","Health","History","Independent_Ministries","Missions","Music","News_and_Media","Organizations","Origins_and_Creation","People","Periodicals","Programs_and_Services","Supporting_Ministries","Camps_and_Retreats","Churches","Swedenborg,_Emanuel","Texts","Seminaries","Alberta_and_Northwest_Conference","All_Native_Circle_Conference","Bay_of_Quinte_Conference","British_Columbia_Conference","Camps_and_Retreats","Hamilton_Conference","London_Conference","Manitoba_and_Northwestern_Ontario_Conference","Manitou_Conference","Maritime_Conference","Montreal_and_Ottawa_Conference","Newfoundland_and_Labrador_Conference","Renewal_Movements","Saskatchewan_Conference","Toronto_Conference","United_Church_Archives_Network","Administration","Churches","Conferences_and_Associations","Seminaries","Retreat_Centers_and_Outdoor_Ministries","Churches","Synods","Agencies_and_Commissions","Books_and_Publications","Camping_and_Conference_Centres","Children_and_Families_Ministry","Community_Centres","Community_Ventures","Congregations","Finance_and_Property","Formation_for_Ministry","International_Mission","Lifeline","Local_Groups_&amp;_Gatherings","Mission_and_Congregation_Development","Networks","News_and_Media","Presbyteries","Remote_Area_Ministry","Schools","Technology","Theology","UnitingCare","UnitingJustice","University_and_College_Ministry","Worship_Resources","Youth_Groups","Youth_Ministry","Bookstores","Music","Regional","Camps_and_Campgrounds","Districts","Local_Churches","Ministries","United_Kingdom","United_States","Europe","North_America","Oceania","Institutions","Online_Courses","Australia","Canada","New_Zealand","South_Korea","United_States","Non-denominational","Alpha_Course","Bible_Studies","Catholic","Personal_Pages","Questions_and_Answers","Testimonies","Personal_Pages","Moody,_Dwight_Lyman","Aimee_Semple_McPherson","Books_Online","Tracts","Training","Comics","Opposing_Views","Resources","Africa","Asia","Caribbean","Central_America","Europe","Medical","Middle_East","North_America","Oceania","South_America","Youth","Country_of_Mission","Sending_and_Supporting","United_Kingdom","Out-of-Print","L","Mailing_Lists","Gospel_Music_Week","Accompaniment","Authors_and_Composers","Chats_and_Forums","Directories","Humor","Hymnal_Indexes","Hymnology","Multilingual","Organizations","Psalters","Recordings","Shape_Notes","Sheet_Music","Personal_Pages","MIDI","MP3","Real_Player","Black_Gospel","Choral","Contemporary_Christian","Country","Gospel","Hip_Hop","Industrial","Inspirational","Instrumental","Praise_and_Worship","Rock","Ska","Southern_Gospel","Spirituals","Vocal","Celtic","Percussion","Recording_Studios","Youth","Focus_on_the_Family","Directories","Prison","Youth","Teaching_and_Education","Healing","Charismatic","Resources","Canada","United_States","Chrysalis","Great_Banquet","Happening","Koinonia","Shopping","Teens_Encounter_Christ","Tres_Dias","Vida_Nueva","Vocare","Walk_to_Emmaus","Handicapped_Encounter_Christ","Campus_Crusade_for_Christ","Chi_Alpha_Christian_Fellowship","International_Fellowship_of_Evangelical_Students","Navigators","Student_Christian_Movement","Boys_Brigade","Church_Lads'_and_Church_Girls'_Brigade","Girls'_Brigade","Pioneer_Clubs","Urban_Youth_Ministry","Young_Life","Youth_for_Christ","Curriculum","International_Student_Ministry","Commercial_Sites","Sermon_Collections","Methodist","Activities_and_Games","Drama_Ministry","Lesson_Resources","Media","Ministering_in_Schools","National_Sites","Training_and_Conferences","Parents","Activities","Magazines_and_E-zines","School_Resources","Stories","Veggie_Tales","Promise_Keepers","A","B","C","D","E","F","G","H","I","J","K","L","M","N","O","P","Q","R","S","T","U","V","W","X","Y","Z","Chats_and_Forums","Chats_and_Forums","Events","Magazines_and_E-zines","Music","Newsletters","Online_Youth_Groups","Personal_Pages","Programs","Youth_Groups","Community","Magazines_and_E-zines","Ministries","Motherhood","Newsletters","Personal_Pages","Christian_Coalition","Healing","Visions","Biblical_Interpretation","Books","Chats_and_Forums","Creation_vs_Evolution","Denominational_Views","Directories","History_of_Creationism","Intelligent_Design","Old_Earth_Views","Personal_Pages","Young_Earth_View","Chats_and_Forums","Regional_Networks","Chats_and_Forums","Ministries","Personal_Pages","Prophecies","Canada","Homosexuality","Pornography","Celtic_Spirituality_for_Today","Churches,_Communities_and_Fellowships","Education","Historical","Liturgy","Mailing_Lists","Centering_Prayer","Lectio_Divina","Mystics","Bibles","Individual_Promotions","Publishers","Casual","Holy_Land_Gifts","Statuettes","Banners","Incense","Vestments","Clip_Art_and_Cartoons","Painting","Posters_and_Prints","Powerpoint","Sculpture","Hyper-Dispensationalism","Opposing_Views","Progressive","Traditional","Anabaptist","Anglican","Biblical_Studies","Church_History_and_Early_Christianity","Directories","Ecumenical","Ethics","Evangelical","Liberal","Methodist,_Wesleyan","Mission_and_Evangelism","Orthodox","Pentecostal,_Charismatic","Practical_Theology","Reformed,_Calvinistic","Calvinism","Christian_Reconstruction","Creeds","Doctrines","Liberalism","Neo-Orthodoxy","Puritanism","Resources","Systematic","A","B","C","D","E","F","G","H","I","J","K","L","M","Medieval","Modern","N","O","P","R","Q","Reformed","S","T","U","V","W","X","Y","Z","Francigena","Routes_to_Nidaros","Routes_to_Santiago","Tibetan","Education","Daily","Lotto","Monthly","Pet","Weekly","Yearly","By_Sun_Sign","Books","Computerized_Charts_and_Reports","Other_Products","Books","Chats_and_Forums","Free_Services","Free_Teaching","Lectures","Magazines_and_E-zines","Noted_Astrologers","Paid_Courses","Paid_Services","Panchanga","Predictions","Remedies","Software","Spirituality","Texts","Vastu","Weblogs","Attributes_and_Interpretations","Chats_and_Forums","Decks","Education","Events_and_Conferences","Guides_and_Directories","History","Magazines_and_E-zines","Readings","Software","Shopping","Organizations","Quran","Magic_8_Balls","Chats_and_Forums","Organizations","Texts","IOT","Enochian","Texts_and_Books","The_Society_for_Psychical_Research_Scandal","Writings","Writings","Grottos","Demons","Organizations","Individual_Titles","Publishers","UFOs","Auctions","Spellcasting","California","Florida","Illinois","Indiana","Louisiana","Massachusetts","New_Jersey","New_York","Ohio","Pennsylvania","Texas","A.'.A.'.","Ordo_Templi_Orientis","Jones,_Charles_Stansfield","Parsons,_Jack","Reese,_Charles","Schools_and_Instruction","Kashmir_Shaivism","Sri_Vidya","Art_and_Music","Bhakti_Yoga","Centers","Deities","Gaudiya","Madhva","Pushti_Marg","Sacred_Texts","Sri_Vaishnava","Poetry","Bhaja_Govindam","Artists","Books_and_Videos","Spiritual_Centers","Sai_Centres","Regional","Isa","Katha","Philosophy","Ontario","Andhra_Pradesh","Delhi","Goa","Gujarat","Himachal_Pradesh","Jammu_and_Kashmir","Karnataka","Kerala","Maharashtra","Orissa","Punjab","Rajasthan","Tamil_Nadu","Uttar_Pradesh","Uttaranchal","West_Bengal","Alabama","California","Connecticut","Florida","Georgia","Idaho","Illinois","Indiana","Maryland","Minnesota","Missouri","New_Jersey","New_York","Ohio","Oregon","Pennsylvania","Tennessee","Texas","Virginia","Washington","Canada","Mexico","United_States","Audio-Visual","Booksellers","Hajj_Travel","Islamic_Dress","1258-1924_CE","570-661_CE","671-1258_CE","Twentieth_Century","Abbasid","Almohad","Almoravid","Ayyubid","Fatimid","Ghaznavid","Khanid","Mamluk","Mughal_Empire","Nasrid","Safavid","Samanid","Seljuk","Timurid","Ummayad","Kharijites","Africa","Central_Asia","South_and_East_Asia","New_Communities","Revival","Revival_Groups","Imam_Ahmad_ibn_Muhammad_ibn_Hanbal","Imam_al-A'zam_Abu_Hanifah","Imam_Malik_ibn_Anas_ibn_Malik_ibn_Amr","Imam_Muhammad_ibn_Idris_ibn_al-Abbas_al-Shafii","Gülen,_Fethullah","Manji,_Irshad","Mernissi,_Fatema","Nursi,_Bediuzzaman_Said","Canada","United_States","Ali_ibn_Abi_Talib","Companions_of_the_Prophet","Organizations","Ahmadiyya_Movement_in_Islam","Lahore_Ahmadiyya_Movement_for_the_Propagation_of_Islam","The_Tragedy_of_Karbala","Twelve_Imams","Alawi","Daudi_Bohra","Druze","History","Al_Askari,_Hassan","Al_Hadi,_Ali","Al_Jawad,_Muhammed","Al_Rida,_Ali","Ibn_Ali,_Hassan","Ibn_Ali,_Husayn","Personal_Pages","al_Abidin,_Ali_Zayn","al_Baqir,_Muhammed","al_Kazim,_Musa","al_Mahdi,_Muhammed","as_Sadiq,_Jafar","bin_Ali,_Zaid","bin_Jafar,_Ismail","History","Karbala","Najaf","Rights_and_Equality","Sufi_Ruhaniat_International","International_Sufi_Movement","Halveti","Mourid","Naqshbandi","Nimatullahi","Qadiri","Rifa'i","Chishti","Mevlevi","Tijani","Shadhili","Al_Adawiyya,_Rabi'a","Ibn_al-Arabi,_Muhyi_ad-Din_Muhammad","Stained_Glass","Textiles","Art_Music","Chassidic","Children's","Jewish_Contemporary","Religious_and_Liturgical","United_States","Education","Synagogues","Chabad-Lubavitch","Education","Synagogues","Congregations_and_Havurot","Education","Synagogues","Synagogues","Hebrew_Union_College","The_Jewish_Theological_Seminary","Associations","High_Schools","Home_Schooling","K_-_8","Conversion","Haftora_and_Nach","Halakha","Kabbala","Parsha","Recordings","Talmud","United_Kingdom","Canada","Israel","United_States","Akiba","Baal_Shem_Tov","Hillel","Judah_Ha-Nasi","Menachem_Mendel_Schneerson","Ramban-Nachmanides","Rashi","Yochanan_ben_Zakkai","Yosef_Caro","Haggadah","Independent_Organizations","Unaffiliated","BBYO","Betar","Bnei_Akiva","Habonim_Dror","Hashomer_Hatzair","NCSY","NFTY","United_Synagogue_Youth","Young_Judea","Children's","Specific_Titles","Textbooks_&amp;_Book_Fair_Suppliers","Used,_Out-of-Print,_and_Antiquarian","Hanukkah","Passover","Purim","Rosh_Hashana","Sukkot","Menorah","Religious_Apparel","Scribal_Arts","Invincible_Defense_Technology","Chats_and_Forums","Shopping","Organizations","Communities","Generic","White_Buffalo_Calf_Woman","Sweat_Lodge","Smudging","Sweat_Lodge","Prophecies","Sun_Dance","Sweat_Lodges","Vision_Quests","Angelic","Ascended_Masters","Lazaris","Pleiadians","Seth","The_Michael_Teachings","Trance_Channeling","United_States","Individual_Titles","Publishers","The_Keys_of_Enoch","Salt_Lamps","Skulls","Kempon_Hokke","Nichiren_Shoshu","Soka_Gakkai","Hyles,_Jack","Catholic_Church_of_the_Apostles_of_the_Latter_Times","Opus_Dei","Orders","Society_of_Saint_Pius_X","The_Two_Babylons","Benny_Hinn","Bob_Larson","Jack_Chick","T.D._Jakes","Focus_on_the_Family","Christian_Views","Humor","Personal_Experiences","Research,_Historical_and_Current","Secular_Support","Falsified_History","Moral_Failings","Jesus","Oneness_Pentecostals","Ahmadiyya_Movement_in_Islam","Ahmadiyya_and_Deendar_Anjuman","Ahmadiyya_and_New_Age","Fatwa","Lahore_Ahmadiyya_Movement_for_the_Propagation_of_Islam","Quran","Deobandism","Extremism","Khilafah","Salafiism","Naqshbandi","Maitreya","Channeled_Material","Henson,_Keith","Bands_and_Artists","Europe","North_America","Oceania","South_America","Classical_Historians","Essays","Icelandic_Sagas","Mythology","Personal_Druidry","Rituals","Organizations","Isis","Europe","North_America","Oceania","Regional","CUUPs_Chapters","Virtual_Covens","Authors","Magazines_and_E-zines","Rituals","Sabbats","Spellcraft","Aquarian_Tabernacle_Church","Covenant_of_the_Goddess","Witches_Against_Religious_Discrimination_-_WARD","A","B","C","D","E","F","G","H","I","J","K","L","M","N","O","P","R","S","T","U","V","W","Y","1734","Alexandrian","American_Tradition_of_the_Goddess","Blue_Star","Celtic","Christian_Wicca","Circean","Correllian","Dianic","Eclectic","Faery","Gardnerian","Georgian","Green_Witch","Hedge_Witch","Kingstone","Kitchen_Witch","Lycian","Norse","Northwind","Reclaiming","Sacred_Wheel","Seax-Wica","Solitary","Welsh","Wiccan_Shamanism","Chat","Mailing_Lists","Message_Boards","Web_Rings","Catholics","Lost_Years_Theories","Jesus_Seminar","Australia","Canada","Denmark","New_Zealand","South_Africa","United_Kingdom","United_States","Zimbabwe","Magazines_and_E-zines","Notable_Scientologists","Personal_Pages","Scientology_v._Internet","The_Opposition","Chats_and_Forums","News_and_Media","Organizations","Personal_Pages","Practitioners","Associations","Chats_and_Forums","News_and_Media","Personal_Pages","Associations","Auditors","Chats_and_Forums","News_and_Media","Personal_Pages","Articles_on_Communication_and_Relationships","Articles_on_the_Family","Nephilim","Cook,_Florence","Crandon,_Mina","Davenport_Brothers","Davis,_Andrew_Jackson","Fox_Sisters","Garrett,_Eileen_J.","Australia","Canada","Directories","India","Mexico","Singapore","United_Kingdom","United_States","Alberta","British_Columbia","Manitoba","New_Brunswick","Newfoundland","Nova_Scotia","Ontario","Quebec","Saskatchewan","England","Northern_Ireland","Scotland","Wales","Alabama","Alaska","Arizona","Arkansas","California","Colorado","Connecticut","Delaware","Florida","Georgia","Hawaii","Idaho","Illinois","Indiana","Iowa","Kansas","Kentucky","Louisiana","Maine","Maryland","Massachusetts","Michigan","Minnesota","Mississippi","Missouri","Montana","Nebraska","Nevada","New_Hampshire","New_Jersey","New_Mexico","New_York","North_Carolina","North_Dakota","Ohio","Oklahoma","Oregon","Pennsylvania","Puerto_Rico","Rhode_Island","South_Carolina","South_Dakota","Tennessee","Texas","Utah","Vermont","Virginia","Washington","Washington,_DC","West_Virginia","Wisconsin","Wyoming","Canada","United_Kingdom","Adidam","Raja","Hatha_Yoga","Sahaja_Yoga","Surat_Shabd","Tantra","Alberta","British_Columbia","Manitoba","Nova_Scotia","Ontario","Quebec","Yukon","England","Scotland","Wales","Alabama","Alaska","Arizona","Arkansas","California","Colorado","Connecticut","Delaware","Florida","Georgia","Hawaii","Idaho","Illinois","Indiana","Iowa","Kansas","Kentucky","Louisiana","Maine","Maryland","Massachusetts","Michigan","Minnesota","Mississippi","Missouri","Montana","Nebraska","Nevada","New_Hampshire","New_Jersey","New_Mexico","New_York","North_Carolina","North_Dakota","Ohio","Oklahoma","Oregon","Pennsylvania","Rhode_Island","South_Carolina","South_Dakota","Tennessee","Texas","Utah","Vermont","Virginia","Washington","Washington,_DC","West_Virginia","Wisconsin","Wyoming","Bowers_v._Hardwick","Lawrence_v._Texas","Digitally_Enhanced_Photography","United_Kingdom","United_States","United_Kingdom","Canada","United_States","Lolcats","Homepages","Pageants","Africa","Asia","Caribbean","Central_America","Europe","Middle_East","South_America"
