"Software_and_Tools","Tipping_Services","NCAA_College_Football_2K2","NCAA_College_Football_2K3","NCAA_Football_06","NCAA_Football_07","NCAA_Football_2000","NCAA_Football_2001","NCAA_Football_2002","NCAA_Football_2003","NCAA_Football_2004","NCAA_Football_2005","NCAA_Football_99","Reviews_and_Previews","NCAA_GameBreaker","NCAA_GameBreaker_2000","NCAA_GameBreaker_2001","NCAA_GameBreaker_2003","NCAA_GameBreaker_2004","NCAA_GameBreaker_99","ABC_Monday_Night_Football","ABC_Monday_Night_Football_'98","ESPN_NFL_2K5","ESPN_NFL_Football","Clans_and_Guilds","Madden_Football_64","Madden_League","Madden_NFL_06","Madden_NFL_07","Madden_NFL_2000","Madden_NFL_2001","Madden_NFL_2002","Madden_NFL_2003","Madden_NFL_2004","Madden_NFL_2005","Madden_NFL_97","Madden_NFL_98","Madden_NFL_99","Reviews_and_Previews","Madden_NFL_09","Madden_NFL_10","NFL_2K","NFL_2K1","NFL_2K2","NFL_2K3","Blitz_-_The_League","NFL_Blitz","NFL_Blitz_20-02","NFL_Blitz_20-03","NFL_Blitz_2000","NFL_Blitz_2001","NFL_Fever_2000","NFL_Fever_2002","NFL_Fever_2003","NFL_Fever_2004","NFL_Gameday_'97","NFL_Gameday_'98","NFL_Gameday_'99","NFL_Gameday_2000","NFL_Gameday_2001","NFL_Gameday_2002","NFL_Gameday_2003","NFL_Gameday_2004","NFL_Quarterback_Club_2000","NFL_Quarterback_Club_2001","NFL_Quarterback_Club_2002","NFL_Quarterback_Club_97","NFL_Quarterback_Club_98","NFL_Quarterback_Club_99","NFL_Street","NFL_Street_2_-_Unleashed","NFL_Xtreme_2","Unnecessary_Roughness_'96","Cheats_and_Hints","Reviews_and_Previews","Reviews_and_Previews","GameCube","PlayStation_2","Xbox","GameCube","Game_Boy_Advance","PlayStation_2","Xbox","Reviews_and_Previews","Reviews_and_Previews","NBA_2K","NBA_2K1","NBA_2K2","NBA_2K3","NBA_2K6","NBA_2K7","Reviews_and_Previews","NBA_Inside_Drive_2000","NBA_Inside_Drive_2003","NBA_Inside_Drive_2004","NBA_Inside_Drive_2002","NBA_Jam_2000","NBA_Jam_2001","NBA_Jam_99","NBA_Jam","NBA_Jam_-_2003","NBA_Jam_2002","NBA_Jam_Extreme","NBA_Live_06","NBA_Live_2000","NBA_Live_2001","NBA_Live_2002","NBA_Live_2003","NBA_Live_2004","NBA_Live_2005","NBA_Live_96","NBA_Live_97","NBA_Live_98","NBA_Live_99","NBA_Shootout_2000","NBA_Shootout_2001","NBA_Shootout_2002","NBA_Shootout_2003","NBA_Street","NBA_Street_Homecourt","NBA_Street_Showdown","NBA_Street_V3","NBA_Street_Vol._2","NBA_in_the_Zone_2","NBA_in_the_Zone_2000","NBA_in_the_Zone_'98","NBA_in_the_Zone_'99","NBA_Courtside_2002","NBA_Courtside_2_-_Featuring_Kobe_Bryant","NCAA_Final_Four_'97","NCAA_Final_Four_'99","NCAA_Final_Four_2000","NCAA_Final_Four_2001","NCAA_Final_Four_2002","NCAA_Final_Four_2003","NCAA_Final_Four_2004","NCAA_March_Madness_2000","NCAA_March_Madness_2001","NCAA_March_Madness_98","NCAA_March_Madness_99","Cheats_and_Hints","Reviews_and_Previews","Reviews_and_Previews","Reviews_and_Previews","Cheats_and_Hints","Reviews_and_Previews","Cheats_and_Hints","Reviews_and_Previews","Cheats_and_Hints","Reviews_and_Previews","Cheats_and_Hints","Reviews_and_Previews","Cheats_and_Hints","Reviews_and_Previews","Cheats_and_Hints","Reviews_and_Previews","Cheats_and_Hints","Reviews_and_Previews","Reviews_and_Previews","NHL_2K3","NHL_FaceOff_2000","NHL_FaceOff_2001","NHL_FaceOff_99","NHL_Hitz_20-02","NHL_Hitz_20-03","NHL_Hitz_Pro","NHL_Powerplay_98","NHL_07","NHL_2000","NHL_2001","NHL_2002","NHL_2003","NHL_2004","NHL_99","NHL_09","Reviews_and_Previews","Reviews_and_Previews","Reviews_and_Previews","WWE_Day_of_Reckoning_2","WWE_SmackDown_-_Here_Comes_the_Pain","WWE_SmackDown_-_Shut_Your_Mouth","WWE_SmackDown_vs._RAW_2006","WWF_SmackDown","WWF_SmackDown_-_Just_Bring_It","WWF_SmackDown_2_-_Know_Your_Role","WWE_SmackDown_vs._RAW_2008","WWE_SmackDown_vs._RAW_2009","Reviews_and_Previews","Cheats_and_Hints","Reviews_and_Previews","Reviews_and_Previews","WWE_WrestleMania_21","WWE_WrestleMania_XIX","WWE_Wrestlemania_X8","WWF_Wrestlemania_2000","Cheats_and_Hints","Reviews_and_Previews","Cheats_and_Hints","Reviews_and_Previews","Cheats_and_Hints","Reviews_and_Previews","Cheats_and_Hints","Reviews_and_Previews","Cheats_and_Hints","Reviews_and_Previews","Cheats_and_Hints","Reviews_and_Previews","Reviews_and_Previews","Reviews_and_Previews","Reviews_and_Previews","GameCube","PlayStation_2","Xbox","PlayStation_2","Windows","Reviews_and_Previews","Reviews_and_Previews","Reviews_and_Previews","Reviews_and_Previews","Cheats_and_Hints","Reviews_and_Previews","Cheats_and_Hints","Reviews_and_Previews","Reviews_and_Previews","Cheats_and_Hints","Reviews_and_Previews","Reviews_and_Previews","Canada","United_States","Canada","United_Kingdom","United_States","California","Florida","Massachusetts","New_Jersey","New_York","Indiana","College_and_University","Senior_Flag_League","Senior_League","Clubs","Athletes","Events","Organisations","Pentathalon","Running","Clubs","Events","National_League","BBL_-_British_Basketball_League","Art,_Literature_and_Music","Associations","Chats_and_Forums","Ethics","Falconry","Ferreting","Fishing","Guides_and_Directories","History","Holidays","Hunting","News_and_Media","Personal_Pages","Protection_of_Wild_Mammals_Bill-Scotland","Shooting","Sighthounds","Terrier_Work","Web_Rings","Directories","News_and_Media","Organisations","Long_Distance_Cycle_Routes","Mountain_Biking","News_and_Media","Road","Activity_Centres","Blind","Cricket","Cycling","Deaf","Football","Golf","Martial_Arts","Motorsport","Rugby","Water_Sports","Wheelchair","Winter_Sports","Greyhound_Racing","Sled_Dog_Racing","Whippet_Racing","Access_and_Bridleways","Breeds","Clubs","Dressage","Eventing","Freelance_Instructors","Horse_Racing","Livery_Yards","Services","College_and_University","Ultimate_Frisbee","News_and_Media","Guides_and_Directories","Holidays","Clubs_and_Schools","Field_Hockey","Roller_Hockey","Ju_Jitsu","Judo","Karate","Kung_Fu","Silat","Tae_Kwon_Do","ATV","Formula_One","Karting","Motorcycle_Racing","News_and_Media","Oval_Racing","Touring_Cars","Snowboarding","Triathlon","Fixtures","Chats_and_Forums","Clubs","Events","Leagues","Regions","News_and_Media","Ice_Skating","Kitesurfing","Shops","Clubs","News_and_Media","Organisations","Sailing_and_Boating","Wind_Surfing","Football_Conference","Bakersfield","High_Desert","Lake_Elsinore","Lancaster","Modesto","Rancho_Cucamonga","San_Bernardino","San_Jose","Stockton","Visalia","Frederick","Kinston","Lynchburg","Myrtle_Beach","Potomac","Salem","Wilmington","Winston-Salem","Brevard_County","Clearwater","Daytona","Dunedin","Fort_Myers","Jupiter","Lakeland","Palm_Beach","Sarasota","St._Lucie","Tampa","Vero_Beach","Beloit","Burlington","Cedar_Rapids","Clinton","Dayton","Fort_Wayne","Kane_County","Lansing","Peoria","Quad_Cities","South_Bend","Southwest_Michigan","West_Michigan","Wisconsin","Aberdeen","Auburn","Batavia","Brooklyn","Hudson_Valley","Jamestown","Lowell","Mahoning_Valley","New_Jersey","Oneonta","Staten_Island","Tri-City","Vermont","Williamsport","Boise","Eugene","Everett","Salem-Keizer","Spokane","Tri-City","Vancouver","Yakima","Asheville","Augusta","Charleston,_SC","Charleston,_WV","Columbus","Delmarva","Greensboro","Greenville","Hagerstown","Hickory","Kannapolis","Lake_County","Lakewood","Lexington","Rome","Savannah","Akron","Altoona","Binghamton","Bowie","Connecticut","Erie","Harrisburg","New_Britain","New_Hampshire","Portland","Reading","Trenton","Birmingham","Carolina","Chattanooga","Huntsville","Jacksonville","Mississippi","Mobile","Montgomery","Tennessee","West_Tennessee","Arkansas","Corpus_Christi","Frisco","Midland","News_and_Media","San_Antonio","Springfield","Tulsa","Wichita","Buffalo","Charlotte","Columbus","Durham","Indianapolis","Louisville","Norfolk","Ottawa","Pawtucket","Richmond","Rochester","Scranton_Wilkes-Barre","Syracuse","Toledo","Albuquerque","Colorado_Springs","Fresno","History","Iowa","Las_Vegas","Memphis","Nashville","New_Orleans","Oklahoma","Omaha","Portland","Round_Rock","Sacramento","Salt_Lake_City","Tacoma","Tucson","Grand_Prairie","El_Paso","Fort_Worth","Lincoln","Pensacola","Shreveport","Sioux_City","Sioux_Falls","Wichita","St._Paul","Atlantic_City","Bridgeport","Camden","Lancaster","Long_Island","Newark","Somerset","Brockton","Elmira","Nashua","New_Haven","New_Jersey","North_Shore","Quebec","Sussex","Worcester","Edinburg","Chillicothe","Evansville","Florence","Gateway","Kalamazoo","Mid-Missouri","River_City","Rockford","Traverse_City","Washington","Windy_City","Calgary","Edmonton","Fargo-Moorhead","Gary","Joliet","Kansas_City","Schaumburg","Winnipeg","Baton_Rouge","San_Angelo","Bluefield","Bristol","Burlington","Danville","Elizabethton","Greeneville","Johnson_City","Kingsport","Princeton","Pulaski","Billings","Casper","Great_Falls","Helena","Idaho_Falls","Missoula","Ogden","Orem","Articles_and_Interviews","Articles_and_Interviews","Articles_and_Interviews","Articles_and_Interviews","Articles_and_Interviews","Movies","Articles_and_Interviews","Articles_and_Interviews","Illinois","Indiana","Michigan","Nebraska","Ohio","Oklahoma","Wisconsin","Connecticut","Delaware","Maine","Maryland","Massachusetts","New_Hampshire","New_Jersey","New_York","Pennsylvania","Rhode_Island","Alabama","Arkansas","Florida","Georgia","Kentucky","North_Carolina","Oklahoma","South_Carolina","Texas","Virginia","Alaska","Arizona","California","Colorado","Idaho","New_Mexico","Oregon","Utah","Washington","Carolina","Connecticut","Maryland","New_Jersey","Pennsylvania","Illinois","Indiana","Alabama","Florida","Georgia","Oklahoma","Texas","Virginia","Arizona","California","Hawaii","Washington","Former_Players","News_and_Media","Retired","Abdul-Rauf,_Mahmoud","Abdul-Wahad,_Tariq","Abdul_Jabbar,_Kareem","Abdur-Rahim,_Shareef","Allen,_Ray","Amaechi,_John","Anderson,_Derek","Anderson,_Kenny","Anderson,_Nick","Anthony,_Carmelo","Anthony,_Greg","Archibald,_Nate","Arroyo,_Carlos","Atkins,_Chucky","Bailey,_Thurl","Baker,_Vin","Barkley,_Charles","Barlow,_Thomas","Barros,_Dana","Barry,_Brent","Barry,_Rick","Battie,_Tony","Battier,_Shane","Baylor,_Elgin","Beaty,_Zelmo","Beckman,_John","Belov,_Sergei","Bender,_Jonathan","Benoit,_David","Best,_Travis","Bibby,_Mike","Billups,_Chauncey","Bird,_Larry","Bodiroga,_Dejan","Bogues,_Muggsy","Bol,_Manute","Borgmann,_Bernard","Boykins,_Earl","Bradley,_Bill","Bradley,_Shawn","Brand,_Elton","Brandon,_Terrell","Brennan,_Joseph","Brown,_Dee","Brown,_P.J.","Bryant,_Kobe","Buechler,_Jud","Bullard,_Matt","Bosh,_Chris","Caldwell,_Joe","Camby,_Marcus","Carter,_Vince","Cassell,_Sam","Chamberlain,_Wilt","Chandler,_Tyson","Christie,_Doug","Cooper,_Charles","Cosic,_Kresimir","Cousy,_Bob","Crawford,_Jamal","Croshere,_Austin","Curry,_Dell","Daniels,_Antonio","Davis,_Baron","Davis,_Dale","DeBusschere,_Dave","Debernardi,_Forrest","Dehnert,_Henry","Dele,_Bison","Divac,_Vlade","Drexler,_Clyde","Duncan,_Tim","Dunleavy,_Mike,_Jr.","Eisley,_Howard","Elliot,_Sean","Endacott,_Paul","Erving,_Julius","Ewing,_Patrick","Finley,_Michael","Fish,_Matt","Fisher,_Derek","Fizer,_Marcus","Fortson,_Danny","Foster,_Harold","Fox,_Rick","Foyle,_Adonal","Francis,_Steve","Frazier,_Walt","Galis,_Nikos","Garnett,_Kevin","Gasol,_Pau","Gilmore,_Artis","Grant,_Brian","Grant,_Horace","Green,_A._C.","Gugliotta,_Tom","Hardaway,_Anfernee","Hardaway,_Tim","Harper,_Ron","Harrington,_Al","Haywood,_Brendan","Heal,_Shane","Henderson,_Cedric","Herren,_Chris","Hill,_Grant","Houston,_Allan","Howard,_Dwight","Howard,_Juwan","Hudson,_Troy","Hughes,_Larry","Ilgauskas,_Zydrunas","Iverson,_Allen","Jackson,_Bobby","Jackson,_Mark","James,_Lebron","Jamison,_Antawn","Jasikevicius,_Sarunas","Jeffries,_Jared","Johnson,_Avery","Johnson,_Earvin_Magic","Johnson,_Joe","Johnson,_Kevin","Johnson,_Larry","Jones,_Eddie","Jones,_K.C.","Jordan,_Michael","Kemp,_Shawn","Kerr,_Steve","Kidd,_Jason","Kirilenko,_Andrei","Kittles,_Kerry","Knight,_Brevin","Kukoc,_Toni","LaFrentz,_Raef","Laettner,_Christian","Langdon,_Trajan","Lanier,_Bob","Lewis,_Reggie","Longley,_Luc","Lopez,_Felipe","Love,_Bob","Madsen,_Mark","Maggette,_Corey","Magloire,_Jamaal","Majerle,_Dan","Malone,_Karl","Malone,_Moses","Manigault,_Earl","Manning,_Danny","Maravich,_Pete","Marbury,_Stephon","Marciulionis,_Sarunas","Marion,_Shawn","Marshall,_Donyell","Martin,_Kenyon","Mashburn,_Jamal","Mason,_Desmond","McDyess,_Antonio","McGrady,_Tracy","McHale,_Kevin","McKie,_Aaron","Mercer,_Ron","Mihm,_Chris","Mikan,_George","Miles,_Darius","Miller,_Mike","Miller,_Reggie","Ming,_Yao","Mobley,_Cuttino","Mohammed,_Nazr","Mourning,_Alonzo","Mullin,_Chris","Muresan,_Gheorghe","Mutombo,_Dikembe","Nailon,_Lee","Nash,_Steve","Nowitzki,_Dirk","O'Neal,_Jermaine","O'Neal,_Shaquille","O'Quinn,_Monte","Oakley,_Charles","Odom,_Lamar","Okur,_Mehmet","Olajuwon,_Hakeem","Olowokandi,_Michael","Ostertag,_Greg","Parish,_Robert","Parker,_Tony","Payton,_Gary","Perkins,_Sam","Person,_Wesley","Peterson,_Morris","Petrovic,_Drazen","Phills,_Bobby","Pierce,_Paul","Pippen,_Scottie","Pollard,_Scot","Radja,_Dino","Rakocevic,_Igor","Rambis,_Kurt","Ratliff,_Theo","Rebraca,_Zeljko","Reed,_Willis","Rice,_Glen","Richardson,_Jason","Richardson,_Quentin","Richmond,_Mitch","Rider,_Isaiah","Robertson,_Oscar","Robinson,_David","Robinson,_Glenn","Rodman,_Dennis","Rose,_Jalen","Russell,_Bill","Russell,_Bryon","Rychart,_Dusty","Sabonis,_Arvydas","Safronov,_Roman","Salley,_John","Schmidt,_Oscar","Schrempf,_Detlef","Scott,_Byron","Sealy,_Malik","Seikaly,_Rony","Sesar,_Josip","Shaw,_Brian","Silas,_James","Simon,_Miles","Smith,_Joe","Smith,_Kenny","Smith,_Steve","Smits,_Rik","Sprewell,_Latrell","Stackhouse,_Jerry","Starks,_John","Stockton,_John","Stojakovic,_Predrag","Stoudamire,_Damon","Stoudemire,_Amare","Strickland,_Rod","Swift,_Stromile","Szczerbiak,_Wally","Tabak,_Zan","Taylor,_Maurice","Thomas,_Isiah","Thomas,_Tim","Tinsley,_Jamaal","Turkoglu,_Hidayet","Van_Exel,_Nick","Van_Horn,_Keith","Vaughn,_Jacque","Voskuhl,_Jake","Vukotic,_Andrej","Waissman,_Zohar","Walker,_Antoine","Walker,_Greg","Wallace,_Ben","Wallace,_Gerald","Wallace,_John","Wallace,_Rasheed","Walton,_Bill","Wang,_ZhiZhi","Ward,_Charlie","Washington,_Kermit","Weatherspoon,_Clarence","Webber,_Chris","West,_Jerry","Wilkens,_Lenny","Wilkins,_Dominique","Williams,_Jason","Williams,_Jay","Williamson,_Corliss","Willis,_Kevin","Worthy,_James","Yao,_Ming","Albany","Binghamton","Boston_University","Hartford","Maine","Maryland-Baltimore_County","New_Hampshire","Stony_Brook","Vermont","Charlotte","Dayton","Duquesne","Fordham","George_Washington","La_Salle","Massachusetts","Rhode_Island","Richmond","Saint_Louis","St._Bonaventure","St._Joseph's","Temple","Xavier","Boston_College","Clemson","Duke","Florida_State","Georgia_Tech","Maryland","Miami,_FL","North_Carolina","North_Carolina_State","Virginia","Virginia_Tech","Wake_Forest","Belmont","Campbell","East_Tennessee_State","Gardner-Webb","Jacksonville","Jacksonville_State","Mercer","Stetson","Lipscomb_University","Baylor","Colorado","Iowa_State","Kansas","Kansas_State","Missouri","Nebraska","Oklahoma","Oklahoma_State","Texas","Texas_A&amp;M","Texas_Tech","Cincinnati","Connecticut","DePaul","Georgetown","Louisville","Marquette","Notre_Dame","Pittsburgh","Providence_College","Rutgers","Seton_Hall","South_Florida","St._John's","Syracuse","Villanova","West_Virginia","Eastern_Washington","Idaho_State","Montana","Montana_State","Northern_Arizona","Portland_State","Sacramento_State","Weber_State","Birmingham_Southern_College","Charleston_Southern","Coastal_Carolina","High_Point","Liberty","North_Carolina-Asheville","Radford","Winthrop","Illinois","Indiana","Iowa","Michigan","Michigan_State","Minnesota","Northwestern","Ohio_State","Penn_State","Purdue","Wisconsin","Cal_Poly","Cal_State_Fullerton","Cal_State_Northridge","Long_Beach_State","Pacific","UC_Irvine","UC_Riverside","UC_Santa_Barbara","Delaware","Drexel","George_Mason","Georgia_State","Hofstra","James_Madison","North_Carolina-Wilmington","Northeastern","Old_Dominion","Towson","Virginia_Commonwealth","William_and_Mary","Alabama_-_Birmingham","Central_Florida","East_Carolina","Houston","Marshall","Memphis","Rice","Southern_Methodist","Southern_Mississippi","Texas_-_El_Paso","Tulane","Tulsa","Butler","Cleveland_State","Detroit_Mercy","Illinois-Chicago","Loyola_Chicago","Wisconsin-Green_Bay","Wisconsin-Milwaukee","Wright_State","Youngstown_State","Indiana-Purdue_Fort_Wayne","Savannah_State","Texas-Pan_American","Texas_A&amp;M-Corpus_Christi","Brown","Columbia","Cornell","Dartmouth","Harvard","Pennsylvania","Princeton","Yale","Canisius_College","Fairfield","Iona_College","Loyola_College,_MD","Manhattan_College","Marist_College","Niagara","Rider","Siena_College","St._Peter's_College","Akron","Ball_State","Bowling_Green","Buffalo","Central_Michigan","Eastern_Michigan","Kent_State","Miami,_OH","Northern_Illinois","Ohio","Toledo","Western_Michigan","Bethune-Cookman","Coppin_State_College","Delaware_State","Florida_A&amp;M","Hampton","Howard","Maryland-Eastern_Shore","Morgan_State","Norfolk_State","North_Carolina_A&amp;T","South_Carolina_State","Bradley","Creighton","Drake","Evansville","Illinois_State","Indiana_State","Northern_Iowa","Southern_Illinois","Southwest_Missouri_State","Wichita_State","Air_Force","Brigham_Young","Colorado_State","New_Mexico","San_Diego_State","Texas_Christian","UNLV","Utah","Wyoming","Central_Connecticut_State","Fairleigh_Dickinson","Long_Island","Monmouth","Mount_Saint_Mary's_College","Quinnipiac","Robert_Morris_College","Sacred_Heart","St._Francis_-_PA","St._Francis_College,_NY","Wagner_College","Austin_Peay","Eastern_Illinois","Eastern_Kentucky","Jacksonville_State","Morehead_State","Murray_State","Samford","Southeast_Missouri_State","Tennessee-Martin","Tennessee_State","Tennessee_Tech","Arizona","Arizona_State","California","Oregon","Oregon_State","Southern_California","Stanford","UCLA","Washington","Washington_State","American","Army","Bucknell","Colgate","Holy_Cross","Lafayette_College","Lehigh","Navy","Alabama","Arkansas","Auburn","Florida","Georgia","Kentucky","Louisiana_State","Mississippi","Mississippi_State","South_Carolina","Tennessee","Vanderbilt","Appalachian_State","College_of_Charleston","Davidson_College","Elon_University","Furman","Georgia_Southern","North_Carolina-Greensboro","Tennessee-Chattanooga","Western_Carolina","Wofford_College","Lamar","McNeese_State","Nicholls_State","Northwestern_State","Sam_Houston_State","Southeastern_Louisiana","Stephen_F._Austin","Texas-Arlington","Texas-San_Antonio","Texas_A&amp;M_-_Corpus_Christi","Texas_State_-_San_Marcos","Alabama_A&amp;M","Alabama_State","Alcorn_State","Arkansas-Pine_Bluff","Grambling_State","Jackson_State","Mississippi_Valley_State","Prairie_View_A&amp;M","Southern","Texas_Southern","Arkansas-Little_Rock","Arkansas_State","Denver","Florida_Atlantic","Florida_International","Louisiana-Lafayette","Louisiana-Monroe","Middle_Tennessee_State","New_Orleans","North_Texas","South_Alabama","Troy","Western_Kentucky","Gonzaga","Loyola_Marymount","Pepperdine","Portland","San_Diego","San_Francisco","Santa_Clara","St._Mary's_College","Boise_State","Fresno_State","Hawai'i","Idaho","Louisiana_Tech","Nevada","New_Mexico_State","San_Jose_State","Utah_State","Centenary","Chicago_State","IUPUI","Missouri-Kansas_City","Oakland","Oral_Roberts","Southern_Utah","Valparaiso","Western_Illinois","North_Dakota","Players","Players","Players","Players","Players","Players","Players","Players","Players","Players","Players","Players","Players","News_and_Media","News_and_Media","Chats_and_Forums","News_and_Media","Bradman,_Sir_Donald","Langer,_Justin","Waugh,_Mark","Waugh,_Steve","A","B","C","D","E","F","G","H","I","J","K","L","M","N","O","P","Q","R","S","T","U","V","W","X","Y","Z","Derbyshire_CCC","Durham_CCC","Essex_CCC","Glamorgan_CCC","Gloucestershire_CCC","Hampshire_CCC","Kent_CCC","Lancashire_CCC","Leicestershire_CCC","Middlesex_CCC","Northamptonshire_CCC","Nottinghamshire_CCC","Somerset_CCC","Staffordshire_CCC","Surrey_CCC","Sussex_CCC","Warwickshire_CCC","Wiltshire_CCC","Worcestershire_CCC","Yorkshire_CCC","Atherton,_Michael","Dravid,_Rahul","Ganguly,_Sourav","Gavaskar,_Sunil","Tendulkar,_Sachin","Dhoni,_Mahendra_Singh","Akram,_Wasim","Anwar,_Saeed","Khan,_Imran","Jayasuriya,_Sanath","1997","1998","1999","2000","2001","British_Columbia","Alaska","Benelux","Nordic_Countries","Coast_to_Coast","Hawaii","Maine","Alberta","British_Columbia","Manitoba","New_Brunswick","Newfoundland_and_Labrador","Nova_Scotia","Ontario","Prince_Edward_Island","Quebec","Saskatchewan","Alabama","Arizona","Arkansas","California","Colorado","Connecticut","Delaware","Florida","Georgia","Idaho","Illinois","Indiana","Iowa","Kansas","Louisiana","Maine","Maryland","Michigan","Minnesota","Missouri","Montana","Nevada","New_Hampshire","New_Jersey","New_Mexico","New_York","North_Carolina","Ohio","Oklahoma","Oregon","Pennsylvania","South_Carolina","Tennessee","Texas","Utah","Vermont","Virginia","Washington","West_Virginia","Wisconsin","Wyoming","Spain","United_Kingdom","Canada","United_States","Australia","New_Zealand","Canada","United_States","Australia","New_Zealand","Belgium","France","Germany","Netherlands","United_Kingdom","Canada","United_States","Australia","New_Zealand","Canada","United_States","Canada","United_States","Canada","United_States","Australia","New_Zealand","Canada","United_States","Belgium","Netherlands","United_Kingdom","Canada","United_States","Australia","New_Zealand","Canada","United_States","Canada","United_States","Australia","New_Zealand","Canada","United_States","Australia","Canada","United_States","Alabama","Arizona","Arkansas","California","Colorado","Florida","Georgia","Idaho","Illinois","Indiana","Iowa","Kansas","Kentucky","Louisiana","Maryland","Michigan","Minnesota","Mississippi","Missouri","Montana","Nevada","New_Mexico","New_York","North_Carolina","North_Dakota","Ohio","Oklahoma","Oregon","Pennsylvania","South_Carolina","Tennessee","Texas","Utah","Vermont","Virginia","Washington","West_Virginia","Wisconsin","Wyoming","France","Ireland","United_Kingdom","Canada","United_States","Australia","New_Zealand","Denmark","United_Kingdom","Canada","United_States","Australia","New_Zealand","United_Kingdom","Canada","United_States","Australia","Florida","Georgia","Maryland","Massachusetts","Montana","New_York","Virginia","Washington","Denmark","Finland","Germany","Ireland","Italy","Netherlands","Norway","Sweden","United_Kingdom","Canada","United_States","Canada","United_States","Canada","Mexico","United_States","Alabama","Alaska","Arizona","California","Colorado","Connecticut","Florida","Georgia","Hawaii","Idaho","Illinois","Indiana","Iowa","Kansas","Kentucky","Louisiana","Maine","Maryland","Massachusetts","Michigan","Minnesota","Missouri","Montana","New_Hampshire","New_Jersey","New_Mexico","New_York","North_Carolina","Ohio","Oklahoma","Oregon","Pennsylvania","Rhode_Island","South_Carolina","Tennessee","Texas","Utah","Vermont","Virginia","Washington","Wisconsin","East_Tennessee_State","Santa_Clara","Boston_College","Clemson","Duke","Florida_State","Georgia_Tech","Maryland","Miami_FL","North_Carolina","North_Carolina_State","Virginia","Virginia_Tech","Wake_Forest","Baylor","Colorado","Iowa_State","Kansas","Kansas_State","Missouri","Nebraska","Oklahoma","Oklahoma_State","Texas","Texas_A&amp;M","Texas_Tech","Cincinnati","Connecticut","Louisville","Pittsburgh","Rutgers","South_Florida","Syracuse","West_Virginia","Illinois","Indiana","Iowa","Michigan","Michigan_State","Minnesota","Northwestern","Ohio_State","Penn_State","Purdue","Wisconsin","Alabama-Birmingham","Central_Florida","East_Carolina","Houston","Marshall","Memphis","Rice","SMU","Southern_Miss","Texas-El_Paso","Tulane","Tulsa","Army","Navy","Notre_Dame","Temple","Akron","Ball_State","Bowling_Green","Buffalo","Central_Michigan","Eastern_Michigan","Kent_State","Miami,_Ohio","Northern_Illinois","Ohio","Toledo","Western_Michigan","Air_Force","BYU","Colorado_State","New_Mexico","San_Diego_State","TCU","UNLV","Utah","Wyoming","Arizona","Arizona_State","California","Oregon","Oregon_State","Stanford","UCLA","USC","Washington","Washington_State","Alabama","Arkansas","Auburn","Florida","Georgia","Kentucky","LSU","Mississippi","Mississippi_State","South_Carolina","Tennessee","Vanderbilt","Arkansas_State","Florida_Atlantic","Florida_International","Louisiana-Lafayette","Louisiana-Monroe","Middle_Tennessee_State","North_Texas","Troy","Boise_State","Fresno_State","Hawaii","Idaho","Louisiana_Tech","Nevada","New_Mexico_State","San_Jose_State","Utah_State","Eastern_Washington","Idaho_State","Montana","Montana_State","Northern_Arizona","Northern_Colorado","Portland_State","Sacramento_State","Weber_State","Charleston_Southern","Coastal_Carolina","Gardener-Webb","Liberty","VMI","Illinois_State","Indiana_State","Missouri_State","Northern_Iowa","Southern_Illinois","Western_Illinois","Western_Kentucky","Youngstown_State","Cal_Poly_SLO","North_Dakota_State","South_Dakota_State","Southern_Utah","UC_Davis","Presbyterian","Stony_Brook","Savannah_State","NC_Central","Brown","Columbia","Cornell","Dartmouth","Harvard","Pennsylvania","Princeton","Yale","Bethune-Cookman","Delaware_State","Florida_A&amp;M","Hampton","Howard","Morgan_State","Norfolk_State","North_Carolina_A&amp;T","South_Carolina_State","Winston-Salem_State","Duquesne","Iona","La_Salle","Marist","St._Peter's","Albany","Central_Connecticut","Monmouth","Robert_Morris","Sacred_Heart","St._Francis,_PA","Wagner","Eastern_Illinois","Eastern_Kentucky","Jacksonville_State","Murray_State","SE_Missouri_State","Samford","Tennessee-Martin","Tennessee_State","Tennessee_Tech","Austin_Peay","Bucknell","Colgate","Fordham","Georgetown","Holy_Cross","Lafayette","Lehigh","Butler","Davidson","Dayton","Drake","Jacksonville","Morehead_State","San_Diego","Valparaiso","Alabama_A&amp;M","Alabama_State","Alcorn_State","Arkansas-Pine_Bluff","Grambling","Jackson_State","Mississippi_Valley_State","Prairie_View_A&amp;M","Southern","Texas_Southern","Appalachian_State","Chattanooga","Elon","Furman","Georgia_Southern","The_Citadel","Western_Carolina","Wofford","McNeese_State","Nicholls_State","Northwestern_State","Sam_Houston","Southeastern_Louisiana","Stephen_F_Austin","Texas_State_-_San_Marcos","Central_Arkansas","Delaware","Hofstra","James_Madison","Maine","Massachusetts","New_Hampshire","Northeastern","Rhode_Island","Richmond","Towson","Villanova","William_and_Mary","Bowie_State","Elizabeth_City_State","Fayetteville_State","Johnson_C_Smith","Livingstone","Saint_Augustine's","Shaw","St._Paul's","Virginia_State","Virginia_Union","Central_State","Kentucky_Wesleyan","Lincoln,_MO","St._Joseph's,_IN","Tiffin","Missouri_University_of_Science_and_Technology","Ashland","Ferris_State","Findlay","Gannon","Grand_Valley_State","Hillsdale","Indianapolis","Mercyhurst","Michigan_Tech","Northern_Michigan","Northwood,_MI","Saginaw_Valley_State","Wayne_State","Arkansas_Monticello","Arkansas_Tech","Delta_State","Harding","Henderson_State","North_Alabama","Ouachita_Baptist","Southern_Arkansas","Valdosta_State","West_Alabama","West_Georgia","Chowan","Humboldt_State","North_Greenville","Oklahoma_Panhandle_State","Western_Oregon","Abilene_Christian","Angelo_State","Central_Oklahoma","East_Central","Eastern_New_Mexico","Midwestern_State","Notheastern_State","Southeastern_Oklahoma","Southwestern_Oklahoma","Tarleton_State","Texas_A&amp;M-Commerce","Texas_A&amp;M-Kingsville","West_Texas_A&amp;M","Central_Missouri","Emporia_State","Fort_Hays_State","Missouri_Southern_State","Missouri_Western","Northwest_Missouri_State","Pittsburg_State","Southwest_Baptist","Truman_State","Washburn","Augustana","Central_Washington","Minnesota_Duluth","Minnesota_State,_Mankato","Nebraska_Omaha","North_Dakota","South_Dakota","St._Cloud_State","Western_Washington","American_International","Assumption","Bentley","Bryant","C._W._Post","Merrimack","Pace","Southern_Connecticut","St._Anselm","Stonehill","Bemidji_State","Concordia","Mary","Minnesota-Crookston","Minnesota_State,_Moorehead","Northern_State","Southwest_Minnesota","Upper_Iowa","Wayne_State,_NE","Winona_State","Bloomsburg","California,_PA","Cheyney","Clarion","East_Stroudsburg","Edinboro","Indiana,_PA","Kutztown","Lock_Haven","Mansfield","Millersville","Shippensburg","Slippery_Rock","West_Chester","Adams_State","Chadron_State","Colorado_Mines","Fort_Lewis","Mesa_State","Nebraska_Kearney","New_Mexico_Highlands","Western_New_Mexico","Western_State","Carson-Newman","Catawba","Lenoir-Rhyne","Mars_Hill","Newberry","Tusculum","Wingate","Albany_State","Benedict","Clark_Atlanta","Fort_Valley_State","Kentucky_State","Lane","Miles","Morehouse","Stillman","Tuskegee","Charleston","Concord","Fairmont_State","Glenville_State","Shepherd","West_Liberty_State","West_Virginia_State","West_Virginia_Wesleyan","East_Texas_Baptist","Hardin-Simmons","Howard_Payne","Louisiana_College","Mary_Hardin-Baylor","McMurry","Mississippi_College","Sul_Ross_State","Texas_Lutheran","Apprentice","Brockport_State","Frostburg_State","Salisbury_State","Wesley","Dickinson","Franklin_and_Marshall","Gettysburg","Johns_Hopkins","McDaniel","Muhlenberg","Ursinus","Augustana","Carthage","Elmhurst","Illinois_Wesleyan","Millikin","North_Central","North_Park","Wheaton","Alfred","Hartwick","Ithaca","Norwich","Springfield","St._John_Fisher","Utica","Anderson","Bluffton","Defiance","Franklin","Hanover","Manchester","Mount_St._Joseph","Rose-Hulman","Eureka","Greenville","MacMurray","Becker_College","Blackburn","Brockport","Chapman","Colorado_College","Crown","Huntingdon","Husson","Macalester","Martin_Luther","Morrisville","Mount_Ida","Principia","SUNY_Maritime_College","Westminster","Buena_Vista","Central","Coe","Cornell_College","Dubuque","Loras","Luther","Simpson","Wartburg","Hobart","Kings_Point","Rensselaer","Rochester","St._Lawrence","Union","Worcester_Tech","Adrian","Albion","Alma","Hope","Kalamazoo","Olivet","Tri-State","Albright","Delaware_Valley","Fairleigh_Dickinson","Juniata","King's","Lebanon_Valley","Lycoming","Moravian","Susquehanna","Widener","Wilkes","Beloit","Carroll","Grinnell","Illinois_College","Knox","Lake_Forest","Lawrence","Monmouth","Ripon","St._Norbert","Augsburg","Bethel","Carleton","Concordia-Moorhead","Gustavus_Adolphus","Hamline","St._John's","St._Olaf","St._Thomas","Bridgewater_State","Coast_Guard","Curry","Endicott","Fitchburg_State","Framingham_State","MIT","Maine_Maritime","Massachusetts-Dartmouth","Massachusetts_Maritime","Nichols","Plymouth_State","Salve_Regina","Western_New_England","Westfield_State","Worcester_State","Amherst","Bates","Bowdoin","Colby","Hamilton","Middlebury","Trinity","Tufts","Wesleyan","Williams","Buffalo_State","College_of_New_Jersey","Kean","Montclair_State","Rowan","SUNY-Cortland","Western_Connecticut","William_Paterson","Allegheny","Denison","Earlham","Hiram","Kenyon","Oberlin","Ohio_Wesleyan","Wabash","Wittenberg","Wooster","Lewis_and_Clark","Linfield","Menlo","Pacific_Lutheran","Puget_Sound","Whitworth","Willamette","Baldwin-Wallace","Capital","Heidelberg","John_Carroll","Marietta","Mount_Union","Muskingum","Ohio_Northern","Otterbein","Wilmington","Bridgewater","Catholic","Emory_and_Henry","Guilford","Hampden-Sydney","Randolph-Macon","Washington_and_Lee","Bethany","Grove_City","Thiel","Thomas_More","Washington_and_Jefferson","Waynesburg","Westminster,_PA","California_Lutheran","Claremont-Mudd-Scripps","La_Verne","Occidental","Pomona-Pitzer","Redlands","Whittier","Austin","Centre","DePauw","Millsaps","Rhodes","Sewanee","Trinity","Averett","Christopher_Newport","Ferrum","Greensboro","Maryville,_TN","Methodist","North_Carolina_Wesleyan","Shenandoah","Carnegie_Mellon","Case_Western_Reserve","Chicago","Washington,_MO","Eau_Claire","La_Crosse","Oshkosh","Platteville","River_Falls","Stevens_Point","Stout","Whitewater","Aurora","Benedictine","Concordia_-_Chicago","Concordia_-_Wisconsin","Lakeland","Maranatha_Baptist","Rockford","Wisconsin_Lutheran","Bills_Backers","Former","Alabama","Arizona","Arkansas","California","Colorado","Connecticut","Delaware","Florida","Georgia","Hawaii","Idaho","Illinois","Indiana","Iowa","Kansas","Kentucky","Louisiana","Maine","Maryland","Massachusetts","Michigan","Minnesota","Missouri","Montana","Nebraska","Nevada","New_Hampshire","New_Jersey","New_Mexico","New_York","North_Carolina","Ohio","Oklahoma","Oregon","Pennsylvania","South_Carolina","South_Dakota","Tennessee","Texas","Utah","Vermont","Virginia","Washington","West_Virginia","Wisconsin","Northampton_Saints","Leeds_RFC","Sale_Sharks","Bristol_RFC","Leicester_Tigers","Harlequins","Bath","London_Wasps","Saracens","London_Irish","Newcastle_Falcons","Arizona","California","Colorado","Florida","Illinois","Maryland","Michigan","Minnesota","Nevada","New_Jersey","New_York","Ohio","Oregon","Pennsylvania","South_Carolina","Texas","Utah","Vermont","Virginia","Wisconsin","Massachusetts","Alabama","Missouri","Indiana","North_Carolina","North_Dakota","Washington,_DC","Georgia","College_and_University","College_and_University","College_and_University","College_and_University","College_and_University","College_and_University","College_and_University","College_and_University","College_and_University","College_and_University","College_and_University","College_and_University","College_and_University","College_and_University","College_and_University","College_and_University","College_and_University","College_and_University","College_and_University","College_and_University","College_and_University","College_and_University","College_and_University","College_and_University","College_and_University","College_and_University","College_and_University","College_and_University","College_and_University","College_and_University","College_and_University","College_and_University","College_and_University","College_and_University","America_East_Conference","Atlantic_10_Conference","Atlantic_Coast_Conference","Big_East_Conference","Big_Ten_Conference","Colonial_Athletic_Association","Independent","Ivy_League","Mid-American_Conference","Northeast_Conference","Northern_Pacific_Field_Hockey_Conference","Patriot_League","Independent","Northeast-10_Conference","Pennsylvania_State_Athletic_Conference","Capital_Athletic_Conference","Centennial_Conference","Commonwealth_Coast_Conference","Independent","Liberty_League","Little_East_Conference","Middle_Atlantic_Conference","New_England_Small_College_Athletic_Conference","New_England_Women's_and_Men's_Athletic_Conference","New_Jersey_Athletic_Conference","North_Coast_Athletic_Conference","Old_Dominion_Athletic_Conference","Colonial_States_Athletic_Conference","North_Eastern_Athletic_Conference","Central_States_Collegiate_Hockey_League","College_Hockey_Mid-America","Eastern_Collegiate_Hockey_Association","Eastern_Collegiate_Hockey_League","Independent","Atlantic_Coast_Collegiate_Hockey_League","Delaware_Valley_Collegiate_Hockey_Conference","Great_Lakes_Intercollegiate_Hockey_Association","Great_Midwest_Hockey_League","Mid-America_Collegiate_Hockey_Association","Mid-Atlantic_Collegiate_Hockey_Association","North_East_Collegiate_Hockey_Association","Pac-8_Hockey_Conference","Super_East_Collegiate_Hockey_League","Tri-State_Collegiate_Hockey_League","University_Hockey_League","Western_Collegiate_Club_Hockey_Association","Blue_Ridge_Hockey_Conference","College_Hockey_Association","College_Hockey_East","College_Hockey_South","College_Hockey_Southwest","Delaware_Valley_Collegiate_Hockey_Conference","Florida_Collegiate_Hockey_Association","Great_Midwest_Collegiate_Hockey_Conference","Independents","Metropolitan_Collegiate_Hockey_Conference","Michigan_Collegiate_Hockey_Conference","Pacific_Collegiate_Hockey_Association","Central_Collegiate_Women's_Hockey_Association","Delaware_Valley_Collegiate_Hockey_Conference","Division_2","Eastern_Collegiate_Women's_Hockey_League","Independents","Atlantic_Hockey","Central_Collegiate_Hockey_Association","College_Hockey_America","Eastern_Collegiate_Athletic_Conference","Hockey_East","Western_Collegiate_Hockey_Association","ECAC_East","ECAC_Northeast","ECAC_West","Independents","MCHA","MIAC","NCHA","NESCAC","SUNYAC","College_Hockey_America","Division_III","Eastern_Collegiate_Athletic_Conference","Hockey_East","Western_Collegiate_Hockey_Association","British_National_League","Elite_Ice_Hockey_League","Ontario_Hockey_League","Quebec_Major_Junior_Hockey_League","Western_Hockey_League","Alberta_Junior_A_Hockey_League","British_Columbia_Hockey_League","Central_Junior_A_Hockey_League","Maritime_Junior_A_Hockey_League","Northern_Ontario_Junior_A_Hockey_Association","Quebec_Junior_AAA_Hockey_League","Saskatchewan_Junior_Hockey_League","Topeka","Chats_and_Forums","Mailing_Lists","News_and_Media","Scores_and_Standings","Teams","Web_Rings","Mailing_Lists","News_and_Media","Teams","Chats_and_Forums","Mailing_Lists","News_and_Media","Scores_and_Standings","Teams","Web_Rings","Former_Teams","Aube,_J._F.","Beaudry,_Etienne","Bedard,_Louis","Bierk,_Zac","Boguniecki,_Eric","Bonsignore,_Jason","Botterill,_Jason","Boutin,_J._F.","Chartier,_Scott","Cullaton,_Brent","Dartsch,_David","DeWaele,_Kirk","Doyle,_Trevor","Dubois,_Jonathan","Ettinger,_Trevor","Fennig,_Wade","Gautier,_Sean","Gingras,_Maxime","Hultgren,_Kelly","Janik,_Doug","Jay,_Bobby","Kennedy,_Dave","Kreutzer,_Kevin","Lendzyk,_Taras","Maxwell,_Dennis","Naumov,_Sergei","Neaton,_Pat","Orlando,_Gates","Ouellet,_Maxime","Passarelli,_Valentino","Richards,_Mark","Scott,_Travis","Shermerhorn,_Dan","Sullivan,_Mike","Tanberg,_T._J.","Thornton,_Shawn","Former_Teams","Columbus","Fayetteville","Florida","Former_Teams","Huntsville","Jacksonville","Knoxville","Pee_Dee","Richmond","Mailing_Lists","News_and_Media","Teams","Former_Teams","News_and_Media","Booster_Clubs","Former_Teams","Mailing_Lists","News_and_Media","Web_Rings","Fighting","Image_Galleries","Magazines_and_E-zines","Hartford_Whalers","Minnesota_North_Stars","Quebec_Nordiques","Winnipeg_Jets","Transactions","A","B","C","D","E","F","Fan_Pages","G","H","I","J","K","L","M","N","O","P","Q","R","Retired_Players","S","T","U","V","W","X","Y","Z","Anaheim_Mighty_Ducks","Atlanta_Thrashers","Boston_Bruins","Buffalo_Sabres","Calgary_Flames","Carolina_Hurricanes","Chicago_Blackhawks","Colorado_Avalanche","Columbus_Blue_Jackets","Dallas_Stars","Detroit_Red_Wings","Edmonton_Oilers","Florida_Panthers","Los_Angeles_Kings","Minnesota_Wild","Montreal_Canadiens","Nashville_Predators","New_Jersey_Devils","New_York_Islanders","New_York_Rangers","Ottawa_Senators","Philadelphia_Flyers","Phoenix_Coyotes","Pittsburgh_Penguins","San_Jose_Sharks","St._Louis_Blues","Tampa_Bay_Lightning","Toronto_Maple_Leafs","Vancouver_Canucks","Washington_Capitals","Canadian_College_Programs","Club_Programs","Varsity_Division_1_Programs","Varsity_Division_3_Programs","California","Illinois","Missouri","Michigan","New_Hampshire","Georgia","Pennsylvania","Texas","Iowa","Indiana","Florida","Massachusetts","Colorado","New_York","North_Carolina","South_Carolina","Connecticut","Kansas","Nebraska","Ohio","Maryland","Virginia","Egypt","South_Africa","China","India","Indonesia","Japan","Kazakhstan","Malaysia","Myanmar","Philippines","Singapore","South_Korea","Taiwan","Bangladesh","Pakistan","Vietnam","Nepal","Sri_Lanka","Thailand","Dominican_Republic","Belgium","Bulgaria","Czech_Republic","Finland","Germany","Hungary","Ireland","Luxembourg","Macedonia","Netherlands","Norway","Poland","Portugal","Romania","Russia","Serbia","Slovakia","Slovenia","Sweden","Switzerland","Turkey","United_Kingdom","Greece","Spain","Italy","Lithuania","Denmark","France","Israel","Saudi_Arabia","Canada","Mexico","United_States","Australia","Micronesia","New_Zealand","Argentina","Chile","Colombia","Peru","Uruguay","Venezuela","United_Kingdom","Canada","United_States","South_Africa","Austria","Belgium","Ireland","United_Kingdom","Canada","United_States","Tasmania","United_Kingdom","Canada","United_States","England","Northern_Ireland","Scotland","Wales","Alabama","Arizona","Arkansas","California","Colorado","Connecticut","Florida","Georgia","Hawaii","Idaho","Illinois","Indiana","Iowa","Kansas","Kentucky","Maine","Maryland","Massachusetts","Michigan","Minnesota","Mississippi","Missouri","Nevada","New_Hampshire","New_Jersey","New_Mexico","New_York","North_Carolina","Ohio","Oklahoma","Oregon","Pennsylvania","Rhode_Island","South_Carolina","Tennessee","Utah","Texas","Vermont","Virginia","Washington","West_Virginia","Wisconsin","Canada","United_States","Ireland","Netherlands","United_Kingdom","Canada","United_States","United_Kingdom","Philippines","Thailand","Czech_Republic","Finland","Ireland","United_Kingdom","Canada","United_States","New_Zealand","California","Colorado","Connecticut","Delaware","Georgia","Indiana","Massachusetts","Michigan","New_York","Ohio","Texas","Virginia","Wisconsin","United_Kingdom","Canada","United_States","Schools_and_Instruction","Africa","Asia","Europe","North_America","Oceania","Schools_and_Instruction","California","New_York","Texas","Canada","United_States","United_Kingdom","Canada","United_States","Alabama","Arizona","Arkansas","California","College_and_University","Colorado","Connecticut","Delaware","Florida","Georgia","Hawaii","Illinois","Indiana","Iowa","Kansas","Kentucky","Louisiana","Maine","Maryland","Massachusetts","Michigan","Minnesota","Mississippi","Missouri","Montana","Nebraska","Nevada","New_Hampshire","New_Jersey","New_Mexico","New_York","North_Carolina","North_Dakota","Ohio","Oklahoma","Oregon","Pennsylvania","South_Carolina","Tennessee","Texas","Utah","Vermont","Virginia","Washington","Washington,_DC","West_Virginia","Wisconsin","Asia","Europe","North_America","Oceania","Drivers","Teams","Drivers","Teams","Drivers","Teams","United_Kingdom","Canada","United_States","Australia","Image_Galleries","Drivers","Teams","Drivers","Teams","Drivers","Mexico_Series","Modified_Series","Teams","Canadian_Tire_Series","All_American_Series","Central_Division","Midwest_Division","Northeast_Division","Northern_Pacific_Division","Rocky_Mountain_Division","Southeast_Division","Southern_Pacific_Division","Southwest_Division","European_Rally_Championship","Rally_Teams_and_Drivers","Canada","United_States","United_Kingdom","Drivers","Teams","Drivers","Teams","Drivers","Teams","Alberta","British_Columbia","Manitoba","New_Brunswick","Newfoundland_and_Labrador","Nova_Scotia","Ontario","Prince_Edward_Island","Quebec","Saskatchewan","Alabama","Alaska","Arizona","Arkansas","California","Colorado","Connecticut","Delaware","Florida","Georgia","Hawaii","Idaho","Illinois","Indiana","Iowa","Kansas","Kentucky","Louisiana","Maine","Maryland","Massachusetts","Michigan","Minnesota","Mississippi","Missouri","Montana","Nebraska","Nevada","New_Hampshire","New_Jersey","New_Mexico","New_York","North_Carolina","North_Dakota","Ohio","Oklahoma","Oregon","Pennsylvania","Rhode_Island","South_Carolina","South_Dakota","Tennessee","Texas","Utah","Vermont","Virginia","Washington","Washington,_DC","West_Virginia","Wisconsin","Wyoming","125","250","MotoGP","American","Australian","British","Alabama","California","Colorado","Connecticut","Delaware","Florida","Georgia","Illinois","Indiana","Kansas","Kentucky","Louisiana","Maryland","Massachusetts","Michigan","Minnesota","New_Hampshire","New_Jersey","New_York","North_Carolina","Ohio","Oregon","Pennsylvania","Rhode_Island","South_Carolina","Texas","Vermont","Virginia","Washington","Washington,_DC","Canada","Greenland","United_States","Canada","United_States","Florida","Ohio","Arizona","California","Florida","Georgia","Idaho","Illinois","Massachusetts","Michigan","Minnesota","Nebraska","Nevada","New_Jersey","New_York","North_Carolina","Ohio","Oregon","Pennsylvania","Rhode_Island","Texas","Washington","Wisconsin","Alberta_Colleges_Athletic_Conference","Atlantic_Colleges_Athletic_Association","British_Columbia_Colleges_Athletic_Association","Ontario_Colleges_Athletic_Association","Quebec_Student_Sports_Federation","Atlantic_University_Sport","Canada_West_Universities_Athletic_Association","Ontario_University_Athletics","Quebec_Student_Sports_Federation","American_Mideast_Conference","American_Midwest_Conference","Cascade_Collegiate_Conference","Central_Atlantic_Collegiate_Conference","Chicagoland_Collegiate_Athletic_Conference","Great_Plains_Athletic_Conference","Mid-Central_College_Conference","Midlands_Collegiate_Athletic_Conference","Sooner_Athletic_Conference","TranSouth_Athletic_Conference","Appalachian_Athletic_Conference","California_Pacific_Conference","Dakota_Athletic_Conference","Florida_Sun_Conference","Frontier_Conference","Independents","Golden_State_Athletic_Conference","America_East_Conference","Atlantic_10_Conference","Atlantic_Coast_Conference","Atlantic_Soccer_Conference","Atlantic_Sun_Conference","Big_12_Conference","Big_East_Conference","Big_Sky_Conference","Big_South_Conference","Big_Ten_Conference","Big_West_Conference","Colonial_Athletic_Association","Conference_USA","Horizon_League","Independents","Ivy_League","Metro_Atlantic_Athletic_Conference","Mid-American_Conference","Missouri_Valley_Conference","Mountain_Pacific_Sports_Federation","Mountain_West_Conference","Northeast_Conference","Ohio_Valley_Conference","Pacific-10_Conference","Patriot_League","Southeastern_Conference","Southern_Conference","Southland_Conference","Southwestern_Athletic_Conference","Sun_Belt_Conference","United_Soccer_Conference","West_Coast_Conference","Western_Athletic_Conference","Summit_League","Great_Lakes_Valley_Conference","Gulf_South_Conference","New_York_Collegiate_Athletic_Conference","North_Central_Intercollegiate_Athletic_Conference","Northeast-10_Conference","West_Virginia_Intercollegiate_Athletic_Conference","Conference_Carolinas","American_Southwest_Conference","USA_South_Athletic_Conference","Great_Northeast_Athletic_Conference","Independents","New_England_Small_College_Athletic_Conference","North_Coast_Athletic_Conference","Old_Dominion_Athletic_Conference","Capital_Athletic_Conference","Southern_Collegiate_Athletic_Conference","State_University_of_New_York_Athletic_Conference","University_Athletic_Association","Heartland_Collegiate_Athletic_Conference","Northern_Athletics_Conference","Allegheny_Mountain_Collegiate_Conference","Upper_Midwest_Athletic_Conference","Colonial_States_Athletic_Conference","North_Eastern_Athletic_Conference","AISL","MISL","San_Jose_Earthquakes","Tampa_Bay_Mutiny","Atlanta_Silverbacks","Charleston_Battery","Minnesota_Thunder","Montreal_Impact","Portland_Timbers","Puerto_Rico_Islanders","Rochester_Rhinos","Seattle_Sounders","Toronto_Lynx","Vancouver_Whitecaps","Virginia_Beach_Mariners","Calgary_Mustangs","BYU_Cougars","California_Gold","Central_Florida_Kraze","Des_Moines_Menace","El_Paso_Patriots","Kalamazoo_Kingdom","New_Jersey_Stallions","Northern_Virginia_Royals","Vermont_Voltage","West_Michigan_Edge","Westchester_Flames","Charlotte_Eagles","Cincinnati_Kings","Harrisburg_City_Islanders","Long_Island_Rough_Riders","New_Hampshire_Phantoms","Pittsburgh_Riverhounds","Richmond_Kickers","Western_Mass_Pioneers","Wilmington_Hammerheads","Washington_Freedom","Boston_Breakers","New_York_Power","Philadelphia_Charge","San_Jose_Cyber_Rays","Alabama","Alaska","Arizona","Arkansas","California","Colorado","Connecticut","Delaware","Florida","Georgia","Hawaii","Idaho","Illinois","Indiana","Iowa","Kansas","Kentucky","Louisiana","Maine","Maryland","Massachusetts","Michigan","Minnesota","Mississippi","Missouri","Montana","Nebraska","Nevada","New_Hampshire","New_Jersey","New_Mexico","New_York","North_Carolina","North_Dakota","Ohio","Oklahoma","Oregon","Pennsylvania","Rhode_Island","South_Carolina","South_Dakota","Tennessee","Texas","Utah","Vermont","Virginia","Washington","Washington,_DC","West_Virginia","Wisconsin","Wyoming","Finalists","Finalists","AFC_Aldermaston","AXA","Abbey_Hey","Abingdon_Town","Abingdon_United","Accrington_Stanley","Aldershot_Town","Alfreton_Town","Almondsbury","Almondsbury_Town","Alphington_AFC","Alresford_Colne_Rangers","Alresford_Town","Alsager_Town","Alton_Town","Askern_Villa","Alvechurch","Alveston","Amersham_Town","Amesbury_Town","Ampthill_Town","Andover","Andover_New_Street","Anstey_Nomads","Appleby_Frodingham","Appledore","Arlesey_Athletic","Arlesey_Town","Arnold_Town","Arsenal","Arundel","Ascot_United","Ash_United","Ashbourne_United","Ashford_Town","Ashford_Town_-_Middlesex","Ashton_Athletic","Ashington_AFC","Ashton_Town","Ashton_United","Aston_Clinton","Aston_Villa","Atherstone_Town","Atherton_Laburnum_Rovers","Atherton_Town","Aveley","Axminster_Town","Aylesbury_United","Aylesbury_Vale","Aylestone_Park","Altrincham","AFC_Bournemouth","BRNESC","Backwell_United","Bacup_Borough","Badshot_Lea","Bamber_Bridge","Banbury_United","Banstead_Athletic","Barking","Barkingside","Barnet","Barnham","Barnoldswick_Town","Barnsley","Barnstaple_Town","Barnt_Green_Spartak","Barrow_AFC","Barrow_Town","Barton_Rovers","Barton_Town_Old_Boys","Barwell","Bashley_FC","Basildon_United","Basingstoke_Town","Bath_City","Beaconsfield_SYCOB","Bearsted","Beaumont_Athletic","Beccles_Town","Beckenham_Town","Bedfont","Bedfont_Green","Bedfont_Sports_Club","Bedford","Bedford_Town","Bedlington_Terriers","Bedmond","Bedworth_United","Belper_Town","Bemerton_Heath_Harlequins","Benfleet","Berkhamsted_Town","Berkshire_County_Sports","Bethnal_Green_United","Bewdley_Town","Bexhill_United","Bicester_Town","Biddestone","Biddulph_Victoria","Bideford_AFC","Bracknell_Town","Biggleswade_Town","Biggleswade_United","Bilborough_Pelican","Billericay_Town","Billingham_Synthonia","Billingham_Town","Binfield","Birmingham_City","Bishop's_Cleeve","Bishop's_Stortford","Bishop_Auckland","Bishop_Sutton_AFC","Bisley","Bitton_AFC","Blaby_and_Whetstone_Athletic","Blackburn_Rovers","Blackfield_and_Langley","Blackpool","Blackpool_Mechanics","Blackpool_Wren_Rovers","Blackstones","Blackwell_Miners_Welfare","Blacon_Youth","Blandford_United","Blewbury","Blofield_United","Blyth_Spartans","Blyth_Town","Bodmin_Town","Bognor_Regis_Town","Boldmere_St._Michaels","Bolehall_Swifts","Bolton_Wanderers","Bookham","Bootle","Boreham_Wood","Borrowash_Victoria_AFC","Bosham","Boston_Town","Boston_United","Bottesford_Town","Bournemouth_FC","Bowers_and_Pitsea","Brache_Sparta","Brackley_Town","Bradford_City","Bradford_Park_Avenue","Bradford_Town","Brading_Town","Braintree_Town","Brandon_Town","Brandon_United","Brantham_Athletic","Brazilian","Brentford","Brentwood_Town","Bridgnorth_Town","Bridgwater_Town_FC_1984","Bridlington_Town","Bridport","Brigg_Town","Brightlingsea_Regent","Brighton_and_Hove_Albion","Brimsdown_Rovers","Brislington","Bristol_City","Bristol_Manor_Farm","Bristol_Rovers","Broadbridge_Heath","Brockenhurst","Brocton","Brodsworth_Welfare","Bromham","Bromley","Bromley_Green","Bromsgrove_Rovers","Bromyard_Town","Broxbourne_Borough_V&amp;E","Buckfastleigh_Rangers","Buckingham_Athletic","Buckingham_Town","Buckland_Athletic","Budleigh_Salterton","Bugbrooke_St_Michaels","Buntingford_Town","Burgess_Hill_Town","Burnham_FC","Burnham_Ramblers","Burnham_United","Burnley","Burscough_FC","Burton_Albion","Bury","Bury_Town","Bustleholme","Buxton","Team_Bath_FC","Brighton_Electricity","BT_Trimley","Bishops_Waltham_Town","Brierley_Hill_and_Withymoor","Cadbury_Heath","Caddington","Calne_Town","Camberley_Town","Cambridge_City","Cambridge_United","Cambridge_University_Press","Cammell_Laird","Canning_Town","Canvey_Island","Cardiff_City","Carlisle_United","Carlton_Town","Carshalton_Athletic","Carterton","Castle_Cary","Castle_Vale","Castleton_Gabriels","Causeway_United","Chadderton","Chalfont_Wasps","Chard_Town","Charlton_Athletic","Charnock_Richard","Chasetown","Chatham_Town","Cheadle_Town","Chelmsford_City","Chelsea","Cheltenham_Saracens","Cheltenham_Town","Chertsey_Town","Chesham_United","Cheshunt","Chessington_and_Hook_United","Chester-le-Street_Town","Chester_City","Chesterfield","Chichester_City_United","Chinnor","Chippenham_Town","Chipstead","Chobham","Chorley_FC","Christchurch","Cinderford_Town","Cirencester_Town","Cirencester_United","Clanfield","Clapton","Cleator_Moor_Celtic","Clevedon_Town","Clevedon_United","Clitheroe","Clymping","Coalville_Town","Cobham_FC","Cobham_Sports","Cockfosters","Codicote","Cogenhoe_United","Colchester_United","Colden_Common","Coleshill_Town","Coleshill_United","Colliers_Wood_United","Colne","Colney_Heath","Concord_Rangers","Coney_Hall","Congleton_Town","Consett_AFC","Cookham_Dean","Corby_Town","Corinthian-Casuals","Cornard_United","Corsham_Town","Coulsdon_United","Cove_FC","Coventry_City","Coventry_Copsewood","Coventry_Sphinx","Cowes_Sports","Cradley_Town","Cramlington_Town","Cranfield_United","Crawley_Down","Crawley_Green","Crawley_Town","Cray_Wanderers","Crediton_United","Crescent_Rovers","Cresswell_Wanderers","Crewe_Alexandra","Crockenhill","Crook_Town","Crowborough_Athletic","Crowland_Town","Croydon","Croydon_Athletic","Crystal_Palace","Cuckfield_Town","Cullompton_Rangers","Curzon_Ashton","FC_Clacton","AFC_Dunstable","Dagenham_and_Redbridge","Daisy_Hill","Dalton_United","Darlington","Darlington_Railway_Athletic","Dartford","Dartmouth","Darwen","Daventry_Town","Daventry_United","Dawlish_Town","Deal_Town","Debenham_LC","Dedham_Old_Boys","Deeping_Rangers","Derby_County","Dereham_Town","Dersingham_Rovers","Desborough_Town","Devizes_Town","Didcot_Town","Dinnington_Town","Diss_Town","Doncaster_Rovers","Dorchester_Town","Dorking","Dover_Athletic","Downham_Town","Downton","Droitwich_Spa","Droylsden","Dudley_Town","Dudley_United","Dulwich_Hamlet","Dunkirk","Dunstable_Town","Durham_City","AFC_Emley","Eagley","Earls_Colne","Easington_Colliery_AFC","Easington_Sports","East_Cowes_Victoria_Athletic","East_Dean","East_Grinstead_Town","East_Manchester","East_Preston","East_Thurrock_United","East_Villa","Eastbourne_Borough","Eastbourne_Town","Eastbourne_United_Association","Eastleigh","Eastwood_Town","Ebbsfleet_United","Eccleshall","Eccleshill_United","Edgware_Town","Egham_Town","Elburton_Villa","Ellesmere_Rangers","Ellistown","Elmore","Ely_City","Enfield_Town","Enfield_[1893]","Epping","Epsom_and_Ewell","Erith_Town","Erith_and_Belvedere","Esh_Winning","Eton_Manor","Eton_Wick","Euxton_Villa","Evergreen","Everton","Evesham_United","Exeter_City","Eynesbury_Rovers","Exmouth_Town","FC_United_of_Manchester","Fairford_Town","Fakenham_Town","Falmouth_Town_AFC","Fareham_Town","Farleigh_Rovers","Farnborough","Farnborough_North_End","Farnham_Town","Farsley_Celtic","Faversham_Town","Fawley","Feckenham","Felixstowe_and_Walton_United","Feltham","Finchampstead","Fisher_Athletic_London","Flackwell_Heath","Fleet_Spurs","Fleet_Town","Fleetlands","Fleetwood_Town","Flixton","Foley","Folkestone_Invicta","Forest","Forest_Green_Rovers","Forest_Old_Boys","Frenford_Senior","Friar_Lane_and_Epworth","Frickley_Athletic","Frimley_Green","Frome_Town","Fry_Club","Fulham","GSK_Phoenix","Gainsborough_Trinity","Galleywood","Gamesley","Garforth_Town","Garswood_United","Gateshead","Gedling_Miners_Welfare","Gedling_Town","Gillford_Park","Gillingham","Gillingham_Town","Glapwell","Glasshoughton_Welfare_AFC","Glastonbury_Town","Glossop_North_End","Gloucester_City","Godalming_Town","Godmanchester_Rovers","Goodrich","Goole_AFC","Gorleston","Gornal_Athletic","Gosport_Borough","Graham_Street_Prims","Grantham_Town","Grays_Athletic","Great_Wakering_Rovers","Great_Yarmouth_Town","Greenwich_Borough","Greenwood_Meadows","Gregorians","Gresley_Rovers","Grimsby_Borough","Grimsby_Town","Guildford_City","Guisborough_Town","Guiseley_AFC","AFC_Hayes","AFC_Hornchurch","Haddenham_United","Hadleigh_United","Hailsham_Town","Halesowen_Town","Halifax_Town","Hall_Road_Rangers","Hallam","Hallen","Halstead_Town","Hamble_ASSC","Hampton_and_Richmond_Borough","Hamworthy_Recreation","Hamworthy_United","Hanley_Town","Hanwell_Town","Hardwicke_AFC","Harefield_United","Haringey_Borough","Harlow_Town","Harold_Wood_Athletic","Harpenden_Town","Harrogate_Railway_Athletic","Harrogate_Town","Harrow_Borough","Harrow_Hill","Hartlepool_United","Hartley_Wintney","Harwich_and_Parkeston","Hassocks","Hastings_United","Hatfield_Town","Havant_and_Waterlooville","Haverhill_Rovers","Hayes_and_Yeading_United","Hayle","Hayling_United","Haywards_Heath_Town","Headington_Amateurs","Heanor_Town","Heath_Hayes","Heather_St_Johns","Hebburn_Town","Heddon","Hednesford_Town","Hemel_Hempstead_Town","Hempnall","Henbury_Old_Boys","Hendon","Henley_Town","Hereford_United","Herne_Bay","Hertford_Town","Heswall","Heybridge_Swifts","Highgate_United","Highmoor_Ibis","Hillingdon_Borough","Hinckley_Downes","Hinckley_United","Hinton","Histon","Hitchin_Town","Hoddesdon_Town","Holbeach_United","Holbrook_Miners_Welfare","Holker_Old_Boys","Holland_Sports","Hollands_and_Blair","Hollinwood","Holmer_Green","Holmesdale","Holsworthy","Holt_United","Holwell_Sports","Holyport","Horley_Town","Horndean","Horsham","Horsham_YMCA","Hucknall_Town","Huddersfield_Town","Hull_City","Huntingdon_Town","Hurstpierpoint","Hyde_United","Hythe_Town","Hythe_and_Dibden","Ibstock_United","Ifield_Edwards","Ilford","Ilfracombe_Town","Ilkeston_Town","Ipswich_Town","Ipswich_Wanderers","Irchester_United","Irlam","Ivybridge_Town","Jarrow_Roofing_Boldon_CA","Jarrow","AFC_Kempston_Rovers","Kelvedon_Hatch","Kendal_Town","Kentish_Town","Kettering_Town","Kidderminster_Harriers","Kidlington","Kidsgrove_Athletic","Kimberley_Town","King's_Lynn","Kingsbury_Town","Kingstonian","Kintbury_Rangers","Kirby_Muxloe_Sporting_Club","Kirkley_and_Pakefield","Knaphill","Knebworth","Knutsford","Knowle","Kirkham_and_Wesham","Lancaster_City","Lancing","Langford","Larkhall_Athletic","Laverstock_and_Ford","Leamington","Leamington_Hibernian","Leatherhead","Ledbury_Town","Leeds_United","Leek_CSOB","Leek_Town","Leicester_City","Leigh_Athletic","Leighton_Town","Leiston","Letcombe","Leverstock_Green","Lewes","Lewisham_Borough","Leyton","Leyton_Orient","Lincoln_City","Lincoln_Moorlands_Railway","Lincoln_United","Lingfield","Linotype_-_Cheadle_Heath_Nomads","Liskeard_Athletic","Liss_Athletic","Little_Common","Little_Oakley","Littlehampton_Town","Littleton","Liverpool","Locks_Heath","London_APSA","London_Colney","London_Maccabi_Lions","Long_Buckby_AFC","Long_Melford","Lordswood","Loughborough_Dynamo","Lowestoft_Town","Loxwood","Ludlow_Town","Luton_Borough","Luton_Town","Lydney_Town","Lye_Town","Lymington_Town","AFC_Liverpool","Leigh_Genesis","Macclesfield_Town","Maghull","Maidenhead_United","Maidstone_United","Maine_Road","Maldon_Town","Malmesbury_Victoria","Maltby_Main","Malvern_Town","Manchester_City","Manchester_United","Mangotsfield_United","Mansfield_Town","March_Town_United","Marcham","Maresfield_Village","Margate","Marine","Market_Drayton_Town","Marlborough_Town","Marlow","Marlow_United","Marske_United","Massey_Ferguson","Matlock_Town","Mattishall","Meir_KA","Melksham_Town","Merstham","Merthyr_Tydfil","Metropolitan_Police","Metropolitan_Police_Bushey","Mickleover_Sports","Middlesbrough","Middlewich_Town","Midhurst_and_Easebourne","Mildenhall_Town","Mile_Oak","Mile_Oak_Rovers","Millwall","Milton_Keynes_Dons","Minehead_Town","Molesey","Moneyfields","Morecambe","Morpeth_Town","Mossley_AFC","Mursley_United","Montpelier_Villa","Nailsea_United","Nantwich_Town","Needham_Market","Nelson","Nettleham","New_Brighton_AFC","New_Mills_AFC","New_Milton_Town","Nuneaton_Town","Newcastle_Blue_Star","Newcastle_Town","Newcastle_United","Newhaven","Newport_County","Newport_IOW","Newport_Pagnell_Town","Newquay_AFC","Newton_Abbot_Spurs","North_Ferriby_United","North_Leigh","North_Shields","Northallerton_Town","Northampton_Sileby_Rangers","Northampton_Spencer","Northampton_Town","Northbank_Football_Club_Carlisle","Northwich_Victoria","Northwood","Norton_and_Stockton_Ancients","Norwich_City","Norwich_United","Nostell_Miners_Welfare","Nottingham_Forest","Notts_County","Nuneaton_Griff","New_Marske_Sports_Club","Newcastle_Benfield","Oadby_Town","Oakwood","Odd_Down","Okehampton_Argyle","Old_Woodstock_Town","Oldbury_United","Oldham_Athletic","Oldham_Town","Olney_Town","Orpington","Ossett_Albion","Ossett_Town_AFC","Ottery_St_Mary","Over_Sports","Oxford_City","Oxford_United","Oxhey_Jets","AFC_Portchester","Pagham","Paulton_Rovers","Peacehaven_and_Telscombe","Pease_Pottage_Village","Pegasus_Juniors","Penn_and_Tylers_Green","Pennington","Penrith","Penryn_Athletic","Penzance_AFC","Pershore_Town","Peterborough_United","Petersfield_Town","Pewsey_Vale","Pickering_Town","Pilkington_XXX","Pinxton","Pitstone_and_Ivinghoe","Plymouth_Argyle","Plymouth_Parkway","Pontefract_Collieries","Poole_Borough","Poole_Town","Port_Vale","Porthleven_AFC","Portishead_AFC","Portland_United","Portsmouth","Potters_Bar_Town","Potton_United","Poulton_Victoria","Poynton","Prescot_Cables","Preston_North_End","Prestwich_Heys_AFC","Prestwood","Prudhoe_Town","Purton","Queens_Park_Rangers","Quorn","Radcliffe_Borough","Radcliffe_Olympic","Radford","Radstock_Town","Rainworth_Miners_Welfare","Ramsbottom_United","Ramsgate","Ratby_Sports","Raunds_Town","Raynes_Park_Vale","Reading","Reading_YMCA","Redbridge","Redditch_United","Redgate_Clayton","Redhill","Retford_United","Ringmer","Ringwood_Town","Rocester_FC","Rochdale","Rolls_Royce_Leisure","Romford","Romsey_Town","Romulus","Ross_Town","Rossendale_United","Rossington_Main","Rotherham_United","Rothwell_Corinthians","Rothwell_Town","Rottingdean_Village","Roydon","Royston_Town","Royton_Town","Rugby_Town","Runcorn_Linnets","Runcorn_Town","Rushall_Olympic","Rushden_and_Diamonds","Rusthall","Rustington","Rye_United","Ryton","AFC_Sudbury","Saffron_Walden_Town","Salford_City","Salisbury_City","Saltdean_United","Sandhurst_Town","Sawbridgeworth_Town","Scarborough_Athletic","Scunthorpe_United","Seaford_Town","Seaham_Red_Star","Selby_Town","Selsey","Sevenoaks_Town","Shaftesbury_-_Dorset","Shawbury_United","Sheerness_East","Sheffield_FC","Sheffield_United","Sheffield_Wednesday","Shell_Club_Corringham","Shenstone_Pathfinder","Shepshed_Dynamo","Shepton_Mallet","Sherborne_Town","Sheringham","Shifnal_Town","Shildon_AFC","Shirebrook_Town","Shirehampton","Shoreham","Shrewsbury_Town","Shrewton_United","Shrivenham","Sidlesham","Sidley_United","Silsden","Sittingbourne","Skelmersdale_United","Slade_Green","Sleaford_Town","Slimbridge","Slough_Town","Soham_Town_Rangers","Solihull_Moors","South_Liverpool","South_Park","South_Shields","Southall","Southam_United","Southampton","Southend_Manor","Southend_United","Southport","Southwell_City","Southwick","Spalding_United","Spennymoor_Town","Sport_London_e_Benfica","Sporting_Bengal_United","Sporting_Khalsa","Squires_Gate","St._Albans_City","St._Helens_Town","St._Neots_Town","St_Austell","St_Blazey_AFC","St_Francis_Rangers","St_Ives_Town","St_Margaretsbury","Stafford_Rangers","Stafford_Town_2006","Staines_Lammas","Staines_Town","Stalybridge_Celtic","Stamford_AFC","Standon_and_Puckeridge","Stanway_Rovers","Staveley_Miners_Welfare","Stevenage_Borough","Stewarts_and_Lloyds_Corby","Steyning_Town","Stockbridge","Stockingford_AA","Stockport_County","Stockport_Georgians","Stocksbridge_Park_Steels","Stoke_City","Stoke_Gabriel","Stokesley_Sports_Club","Stone_Dominoes","Stonham_Aspal","Storrington","Stotfold","Stourbridge","Stourport_Swifts","Stowmarket_Town","Stratford_Town","Street","Studley","Sturminster_Marshall","Sturminster_Newton_United","Styal","Sun_Postal_Sports","Sunderland","Sunderland_Nissan","Sunderland_RCA","Sutton_Coldfield_Town","Sutton_United","Swaffham_Town","Swanage_Town_and_Herston","Swansea_City","Swindon_Supermarine","Swindon_Town","AFC_Telford_United","AFC_Totton","Tadcaster_Albion","Tadley_Calleva","Tamworth","Taunton_Town","Tavistock_AFC","Teversal","Thame_United","Thamesmead_Town","Thatcham_Town","Thetford_Town","Thimblemill_Recreation","Thornaby","Thrapston_Town","Three_Bridges","Thurmaston_Town","Thurnby_Rangers","Thurrock","Tilbury","Tipton_Town","Tiptree_United","Tiverton_Town","Tividale","Tonbridge_Angels","Tooting_and_Mitcham_United","Torpoint_Athletic","Torquay_United","Torrington","Tottenham_Hotspur","Totton_and_Eling","Tow_Law_Town","Trafford","Tranmere_Rovers","Tring_Athletic","Trowbridge_Town","Truro_City","Tunbridge_Wells","Turton","Tytherington_Rocks","Thornbury_Town","Uckfield_Town","United_Services_Portsmouth","Upper_Beeding","Uxbridge","VCD_Athletic","VT_FC","Vauxhall_Motors","Verwood_Town","Vospers_Oak_Villa","AFC_Wallingford","AFC_Wimbledon","AFC_Wulfrunians","Wadebridge_Town","Walsall","Walsham-le-Willows","Walshaw_Sports","Waltham_Abbey","Waltham_Forest","Walton_Casuals","Walton_and_Hersham","Wantage_Town","Ware","Warlingham","Warminster_Town","Warrington_Town","Warstones_Wanderers","Washington","Watford","Wealden","Wealdstone","Wednesfield","Welling_United","Wellingborough_Town_Football_Club_2004","Wellington","Wellington_-_Herefords","Wellow","Wells_City","Welton_Rovers","Wembley_FC","Wendron_United","West_Allotment_Celtic","West_Auckland_Town","West_Bergholt","West_Bromwich_Albion","West_Ham_United","West_Kirby","West_Midlands_Police","Westbury_United","Westfield_FC","Westfield_FC_-_East_Sussex","Westfields","Weston-super-Mare","Weymouth","Whickham","Whitby_Town_FC","Whitefield_Norpol","Whitehawk","Whitley_Bay","Whitstable_Town","Whitton_United","Whitworths","Whyteleafe","Wick","Wigan_Athletic","Wigan_Robin_Park","Willand_Rovers","Willenhall_Town","Wimborne_Town","Winchester_City","Windsor_and_Eton","Wingate_and_Finchley","Winscombe_AFC","Winsford_United","Winslow_United","Winterbourne_United","Winterton_Rangers","Wisbech_Town","Witham_Town","Witheridge","Witney_United","Witton_Albion","Wivenhoe_Town","Woking","Wolverhampton_Casuals","Wolverhampton_Wanderers","Woodbridge_Town","Woodcote_-_Stoke_Row","Woodford_United","Woodley_Sports","Wootton_Bassett_Town","Wootton_Blue_Cross","Wootton_and_Dry_Sandford","Worcester_City","Worcester_Park","Workington_AFC","Worksop_Town","Worsbrough_Bridge_Miners'_Welfare_and_Athletic","Worthing","Worthing_United","Wotton_Rovers","Wrexham","Wroxham","Wycombe_Wanderers","Wakefield","Wolviston","Yate_Town","Yaxley","Yeovil_Town","York_City","Amateur_Football_Combination","Arthurian_League","London_Football_League","London_Legal","Midland_Amateur_Alliance","Southern_Amateur_League","Stock_Exchange","Premier_Division","Premier_Division","Premier_Division","Essex_Business_Houses","Premier_Division","Supreme_Division","Division_One","Division_One","Premier_Division","Premier_Division","First_Division","Premier_Division","Premier_Division","Division_One","Premier_Division","Division_One","Division_Two","Premier","Premier_Division","Northern","Premier","Southern","Premier_Division","Division_One","Division_One_East","Division_One_West","Premier_Division","Premier_Division","Premier_Division","Premier_Division","Premier_Division","Premier_Division","A","B","C","D","E","F","G","H","I","J","K","L","M","N","O","P","Q","R","S","T","U","V","W","X","Y","Z","Premier_Division","Premier_Division","Premier_Division","Division_One","Premier_Division","Division_One","Division_One","Premier_Division","Premier_Division","Premier_Division","Division_One","Premier_Division","Premier_Division","Division_One","Division_Two","Premier_Division","Premier_Division","Senior_Division","Division_One_North","Division_One_South","Premier_Division","Premier_Division","Division_One_East","Division_One_West","Premier_Division","Division_One_Midlands","Division_One_South_and_West","Premier_Division","Division_One","Division_Two","Premier_Division","Premier_Division","Senior_Division","Division_One","Division_Three","Division_Two","Division_One_North","Division_One_South","Premier_Division","Division_One","Premier_Division","Division_One","Premier_Division","Division_One","Premier_Division","Division_One","Premier_Division","Premier_Division","Division_One","Premier_Division","Premier_Division","Premier_Division","Army","Bedfordshire","Berks_and_Bucks","Birmingham","Cambridge_University","Cambridgeshire","Cheshire","Cornwall","Cumberland","Derbyshire","Devon","Dorset","Durham","East_Riding","Essex","Gloucestershire","Guernsey","Hampshire","Herefordshire","Hertfordshire","Huntingdonshire","Isle_of_Man","Jersey","Kent","Lancashire","Leicestershire_and_Rutland","Lincolnshire","Liverpool","London","Manchester","Middlesex","Norfolk","North_Riding","Northamptonshire","Northumberland","Nottinghamshire","Oxford_University","Oxfordshire","Royal_Air_Force","Royal_Navy","Sheffield_and_Hallamshire","Shropshire","Somerset","Staffordshire","Suffolk","Surrey","Sussex","West_Riding","Westmorland","Wiltshire","Women's_Football_Conference","Worcestershire","Accrington","Accrington_Stanley_[1891]","Chats_and_Forums","Supporter_Clubs","Aberdeen","Airdrie_United_FC","Albion_Rovers_F.C.","Alloa_Athletic_F.C.","Arbroath_F.C.","Ayr_United_F.C.","Annan_Athletic","Berwick_Rangers_F.C.","Brechin_City_F.C.","Celtic_F.C.","Clyde_F.C.","Cowdenbeath_F.C.","Dumbarton_F.C.","Dundee_F.C.","Dundee_United","Dunfermline_Athletic_F.C.","East_Fife_F.C.","East_Stirlingshire_F.C.","Elgin_City_F.C.","Falkirk","Forfar_Athletic_F.C.","Greenock_Morton_F.C.","Hamilton_Academical_F.C.","Heart_of_Midlothian_F.C.","Hibernian_F.C.","Inverness_Caledonian_Thistle_F.C.","Kilmarnock","Livingston_F.C.","Montrose_F.C.","Motherwell","Partick_Thistle_F.C.","Peterhead_F.C.","Queen's_Park_F.C.","Queen_of_the_South_F.C.","Raith_Rovers_F.C.","Rangers","Ross_County_F.C.","St._Johnstone","St._Mirren_F.C.","Stenhousemuir_F.C.","Stirling_Albion_F.C.","Stranraer_F.C.","East_Region","North_Region","West_Region","East_of_Scotland_League","Highland_Football_League","South_of_Scotland_League","Ali_Sami_Yen","Austin_Peay","Eastern_Illinois","Eastern_Kentucky","Jacksonville_State","Morehead_State","Samford","Southeast_Missouri","Tennessee_Martin","Tennessee_State","Tennessee_Tech","Alabama","Alaska","Arizona","Arkansas","California","Colorado","Connecticut","Delaware","Florida","Georgia","Hawaii","Idaho","Illinois","Indiana","Iowa","Kansas","Kentucky","Louisiana","Maine","Maryland","Massachusetts","Michigan","Minnesota","Mississippi","Missouri","Montana","Nebraska","Nevada","New_Hampshire","New_Jersey","New_Mexico","New_York","North_Carolina","North_Dakota","Ohio","Oklahoma","Oregon","Pennsylvania","Rhode_Island","South_Carolina","South_Dakota","Tennessee","Texas","Utah","Vermont","Virginia","Washington","West_Virginia","Wisconsin","Wyoming","Alabama","Arizona","Arkansas","California","Colorado","Connecticut","Florida","Georgia","Hawaii","Idaho","Illinois","Indiana","Iowa","Kansas","Kentucky","Maryland","Massachusetts","Minnesota","Mississippi","Missouri","Nevada","New_Jersey","New_Mexico","New_York","North_Carolina","North_Dakota","Ohio","Oregon","South_Carolina","South_Dakota","Tennessee","Texas","Virginia","Washington","Wisconsin","America_East_Conference","Atlantic_10_Conference","Atlantic_Coast_Conference","Atlantic_Sun_Conference","Big_12_Conference","Big_East_Conference","Big_Sky_Conference","Big_South_Conference","Big_Ten_Conference","Big_West_Conference","Colonial_Athletic_Association","Conference_USA","Horizon_League","Ivy_League","Metro_Atlantic_Athletic_Conference","Mid-American_Conference","Mid-Eastern_Athletic_Conference","Missouri_Valley_Conference","Mountain_West_Conference","Northeast_Conference","Ohio_Valley_Conference","Pacific-10_Conference","Patriot_League","Southeastern_Conference","Southern_Conference","Southland_Conference","Southwestern_Athletic_Conference","Sun_Belt_Conference","West_Coast_Conference","Western_Athletic_Conference","Summit_League","California_Collegiate_Athletic_Association","Central_Atlantic_Collegiate_Conference","Central_Intercollegiate_Athletic_Association","Great_Lakes_Intercollegiate_Athletic_Conference","Great_Lakes_Valley_Conference","Great_Northwest_Athletic_Conference","Gulf_South_Conference","Heartland_Conference","Lone_Star_Conference","Mid-America_Intercollegiate_Athletics_Association","New_England_Collegiate_Conference","New_York_Collegiate_Athletic_Conference","North_Central_Conference","Northeast-10_Conference","Northern_Sun_Intercollegiate_Conference","Pacific_West_Conference","Peach_Belt_Athletic_Conference","Pennsylvania_State_Athletic_Conference","Rocky_Mountain_Athletic_Conference","South_Atlantic_Conference","Southern_Intercollegiate_Athletic_Conference","Sunshine_State_Conference","West_Virginia_Intercollegiate_Athletic_Conference","Conference_Carolinas","Allegheny_Mountain_Collegiate_Conference","American_Southwest_Conference","Capital_Athletic_Conference","Centennial_Conference","City_University_of_New_York_Athletic_Conference","College_Conference_of_Illinois_and_Wisconsin","Great_Northeast_Athletic_Conference","Heartland_Collegiate_Athletic_Conference","Iowa_Intercollegiate_Athletic_Conference","North_Atlantic_Conference","Middle_Atlantic_Conference","Minnesota_Intercollegiate_Athletic_Conference","New_England_Small_College_Athletic_Conference","New_Jersey_Athletic_Conference","North_Coast_Athletic_Conference","Old_Dominion_Athletic_Conference","Southern_California_Intercollegiate_Athletic_Conference","Southern_Collegiate_Athletic_Conference","State_University_of_New_York_Athletic_Conference","USA_South_Athletic_Conference","University_Athletic_Association","Northern_Athletics_Conference","Presidents'_Athletic_Conference","Colonial_States_Athletic_Conference","Africa","Asia","Caribbean","Central_America","Europe","Middle_East","North_America","Oceania","South_America","Alberta","British_Columbia","Manitoba","New_Brunswick","Newfoundland_and_Labrador","Northwest_Territories","Nova_Scotia","Nunavut","Ontario","Prince_Edward_Island","Quebec","Saskatchewan","Yukon","Alabama","Alaska","Arizona","Arkansas","California","Colorado","Connecticut","Florida","Georgia","Hawaii","Idaho","Illinois","Indiana","Iowa","Kansas","Kentucky","Louisiana","Maine","Maryland","Massachusetts","Michigan","Minnesota","Mississippi","Missouri","Montana","Nevada","New_Hampshire","New_Jersey","New_York","North_Carolina","Ohio","Oklahoma","Oregon","Pennsylvania","Rhode_Island","South_Carolina","Tennessee","Texas","Vermont","Virginia","Washington","West_Virginia","Wisconsin","College_Rowing","California","Florida","Hawaii","North_Carolina","Dependent_Areas","England","Northern_Ireland","Scotland","Wales","Alabama","Alaska","Arizona","California","Colorado","Connecticut","Florida","Georgia","Hawaii","Illinois","Indiana","Iowa","Kansas","Kentucky","Louisiana","Maine","Maryland","Massachusetts","Michigan","Minnesota","Mississippi","Nebraska","Nevada","New_Jersey","New_York","North_Carolina","Ohio","Oregon","Pennsylvania","South_Carolina","Tennessee","Texas","Utah","Vermont","Virginia","Washington","Wisconsin","North_America","Europe","Asia","South_America","Oceania","Africa","Canada","United_States","Canadian_Ski_Patrol_System","National_Ski_Patrol","Alaska","California","Colorado","Connecticut","Idaho","Maine","Massachusetts","Michigan","Montana","Nevada","New_Hampshire","New_Mexico","North_Carolina","Pennsylvania","Utah","Vermont","West_Virginia","Wyoming","Finland","Sweden","Canada","United_States","Australia","New_Zealand","Alabama","Alaska","Arizona","California","Colorado","Connecticut","Hawaii","Idaho","Illinois","Indiana","Iowa","Louisiana","Maine","Maryland","Massachusetts","Michigan","Minnesota","Missouri","Montana","Nevada","New_Hampshire","New_Jersey","New_Mexico","New_York","North_Carolina","North_Dakota","Ohio","Oregon","Pennsylvania","South_Dakota","Utah","Vermont","Virginia","Washington","West_Virginia","Wisconsin","Wyoming","Resorts","Snow_Cams","Snow_Reports","Great_Plains","Mid-Atlantic","Midwest","New_England","Northwest","South_and_Southeast","Southwest","West","Movies","Articles_and_Interviews"
