"Baseball","Basketball","Boxing","Cycling","Football","Track_and_Field","Sponsorships","Boarding","Cycling","Golf","Outdoor","Skiwear","Swimwear","Team_Uniforms","Leagues","0","1","2","3","4","5","6","7","8","9","A","B","C","D","E","F","G","H","Horse_Racing","I","J","K","L","M","N","O","P","Q","R","S","T","U","V","W","X","Y","Z","Dog_Racing","Horse_Racing","Pools","A","B","Baseball","Basketball","C","D","E","F","Football","G","Golf","H","Hockey","I","J","K","L","M","N","O","P","Q","R","S","Soccer","T","U","V","W","X","Y","Z","Play-By-E-Mail","Wrestling","All-Pro_Football_2K8","Arena_Football","FBPro","Blood_Bowl","NCAA_Games","NFL_Games","Playmaker_Football","Tecmo_Bowl_Series","Front_Office_Football_Series","Athens_2004","Mario_&amp;_Sonic_at_the_Olympic_Games","Olympic_CyberGym","Virtua_Athlete_2K","Virtual_Athlete","Beijing_2008","Aaron_vs_Ruth","All-Star_Baseball_Series","Microsoft_Baseball_Series","Hardball_Series","High_Heat_Series","Inside_Pitch_2003","Ken_Griffey_Jr.'s_Slugfest","MLB_Series","MLB_SlugFest_Series","MVP_Baseball_Series","Mario_Superstar_Baseball","Mario_Super_Sluggers","Mike_Piazza's_StrikeZone","RBI_Baseball","Sammy_Sosa_Softball_Slam","Sports_Baseball_2000","Triple_Play_Series","Bottom_of_the_9th_Series","3-on-3_with_Kobe_Bryant","AND_1_Streetball","College_Hoops_'99","FreeStyle_Street_Basketball","Kobe_Bryant_in_NBA_Courtside","Mario_Hoops_3-on-3","NBA_Games","NCAA_Games","One_on_One_Basketball","Street_Hoops","BMX_XXX","Dave_Mirra_Series","Gravity_Games_Bike_-_Street._Vert._Dirt","Le_Tour_De_France","Mat_Hoffman's_Pro_BMX_Series","Toxic_Grind","Backstreet_Billiards","Expert_Pool","Maximum_Pool","Pool_Hustler","Real_Pool_Series","Ultimate_8_Ball","Virtual_Pool_Series","Virtual_Snooker","Pool_Revolution_-_Cue_Sports","Alley_19","Brunswick_Circuit_Pro_Bowling_Series","League_Bowling","Milo's_Astro_Lanes","PBA_Bowling_Series","Pocket_Bowling","High_Velocity_Bowling","RocketBowl","Mike_Tyson_Games","Downloads","Fight_Night_Series","HBO_Boxing","Knockout_Kings_Series","Don_King_Presents_-_Prizefighter","Prince_Naseem_Boxing","Punch-Out","Ready_2_Rumble_Boxing_Series","Rocky","Title_Bout_Championship_Boxing","Victorious_Boxers","Contender_Series","FaceBreaker","Archery","Auto_Racing","Baseball","Basketball","Bowling","Boxing","Darts","Dodgeball","Football","Golf","Hockey","Horse_Racing","Paintball","Pool","Shooting","Skiing","Snowboarding","Soccer","Tennis","Track_and_Field","Volleyball","Browser_Based","Deca_Sporta","ESPN_Extreme_Games","Extreme_Sports_with_The_Berenstain_Bears","Xtreme_Series","Xtreme_Sports","CyberTiger","Golden_Tee_Series","Jack_Nicklaus_Series","Links_Series","Mario_Golf_Series","Microsoft_Golf_Series","Outlaw_Golf","PGA_Championship_Golf","PGA_European_Tour","Super_Swing_Golf_Pangya","Tee_Off","Tiger_Woods_Series","True_Swing_Golf","VR_Golf_97","We_Love_Golf","NHL_Games","Nagano_Olympic_Hockey","Gallop_Racer_Series","Pirates_vs._Ninjas_Dodgeball","High_Impact_Paintball","Lemmings_Paintball","Ultimate_Paintball","ECW_Games","Head-to-Head_Wrestling","Legends_of_Wrestling","Power_Move_Pro_Wrestling","Rumble_Roses_Series","Ultimate_Muscle_Games","WCW_Games","WWE_Games","Wrestle_Kingdom","TNA_Impact","Rugby_2004","Rugby_2005","Summer_Sports_-_Paradise_Island","Razor_Freestyle_Scooter","Airboardin'_USA","Disney's_Extreme_Skate_Adventure","ESPN_X_Games_Skateboarding","Evolution_Skateboarding","Grind_Session","Skate","Skate_and_Destroy","Street_Sk8er","Tony_Hawk_Games","Trickstyle","Whirl_Tour","Yanya_Caballista_-_City_Skater","Aggressive_Inline","Jet_Set_Radio_Series","ESPN_International_Winter_Sports_2002","Jonny_Moseley_Mad_Trix","Salt_Lake_2002","Torino_2006","We_Ski","Ski_and_Shoot","1080_Series","Amped_Series","Big_Air","Boarder_Zone","Cool_Boarders_Series","Dark_Summit","ESPN_X_Games_-_Snowboarding","MTV_Sports_Snowboarding","SSX_Series","Shaun_Palmer's_Pro_Snowboarder","Snowboard_Kids_Series","Twisted_Edge_Snowboarding","Shaun_White_Snowboarding","Stoked","Alexi_Lalas_International_Soccer","Allenatore","Backyard_Soccer_MLS_Edition","Championship_Manager_Series","David_Beckham_Soccer","ESPN_MLS_Gamenight","FA_Premier_League_Football_Manager_Series","FA_Premier_League_Stars","FIFA_Series","Goal","International_Superstar_Soccer_Series","LEGO_Soccer_Mania","Libero_Grande","Mario_Strikers_Charged","RedCard_Soccer_2003","Ronaldo_V-Football","Sega_Soccer_Slam","Sensible_Soccer_Series","Sick_as_a_Parrot","Super_Mario_Strikers","Super_Shot_Soccer","Ultimate_Soccer_Manager","Viva_Football","Viva_Soccer","Winning_Eleven_Series","Rockstar_Games_Presents_Table_Tennis","All_Star_Tennis_Series","Mario_Tennis_Series","Tennis_Masters_Series","Sega_Superstars_Tennis","Virtua_Tennis_Series","WTA_Tour_Tennis","Hot_Shots_Tennis","Top_Spin_Series","Beach_Spikers","Outlaw_Volleyball","Wii_Sports","Wii_Fit","Kelly_Slater's_Pro_Surfer","Splashdown","Surf_Riders","Wakeboarding_Unleashed_Featuring_Shaun_Murray","Wave_Race_Series","Wave_Rally","Leagues","Teams","Coaching","Directories","History","News","Players","Off_Road_Cycling","American","Arena_and_Indoor","Australian_Rules","Canadian","Gaelic","Rugby_League","Rugby_Union","Gymnasts","Field_Hockey","Ice_Hockey","Roller_Hockey","4-H_Clubs","Pony_Clubs","Boitano,_Brian","Fleming,_Peggy","Hamill,_Dorothy","Hughes,_Emily","Kwan,_Michelle","Lipinski,_Tara","Meissner,_Kimmie","Summer_Games","Winter_Games","Teams","Hawk,_Tony","Safety","Coaching","Directories","Events","Futsal","Humor","National_Teams","News","Organizations","Baseball","Basketball","Golf","Hockey","Lacrosse","Soccer","Tennis","Auto_Racing","Baseball","Basketball","Football","Hockey","Auto_Racing","Baseball","Basketball","Colleges","Football","Golf","Hockey","Rodeo","Soccer","Tennis","Supplements","Cards","Bats","Gloves","Training","Footwear","T-Shirts","Uniforms","Videos","Backboards","Floors","Nets","Scoreboards","Whiteboards","Clothing","Longboarding","Parts_and_Accessories","Ramps","Scooters","Accessories","A","B","C","D","E","F","G","H","I","J","K","L","M","N","O","P","Q","R","S","T","U","V","W","X","Y","Z","Trading_Cards","Ground_Equipment","Footwear","Show_Apparel","Photography","Sculpture","Videos","Appointments","Europe","North_America","Alternative_Therapies","Farrier_and_Hoof_Care","Feed_and_Supplements","Awards","Tack","Stall_Plates","Waterers_and_Feeders","Accessories","English","Western","Racing","Football","Abdominal_Exercisers","Flexibility_Accessories","Heart_Monitors","Journals","Pilates_Method","Pilates_Method","Coaching_and_Instruction","Equipment","NFL","Apparel","Books_and_Videos","Collectibles","Equipment","Travel","Bags_and_Travel_Cases","Cart","Powered_Caddies","Women's","Components","Custom","Putters","Used","Mats_and_Nets","Putting","The_Swing","Apparel_and_Memorabilia","Art_and_Photography","Collectibles","Dryers","Equipment","Equipment_Repair","Tape","Training_Aids","Books","Videos","Aikido","Judo","Isshin_Ryu","Shotokan","Tai_Chi","Wing_Chun","Builders","Classifieds","Communication_Products","Fan_Merchandise","Newspapers_and_Magazines","Parts_and_Accessories","Safety_Equipment","Tools,_Pit_and_Team_Needs","Transportation","Varied_Merchandise","Classifieds","Fun_Karts","Racing","Skate_Sharpeners","Goggles","Skiboards","Programmes","Trading_Cards","Outrigger","Paddles_and_Oars","Clothing","Do-It-Yourself_Dive_Equipment_Plans","Masks,_Snorkels_and_Fins","Novelty","Retail","Underwater_Photography","Accessories","Bodyboarding","Books_and_Movies","Skimboarding","Surf_Shops","Surfboards","Wakeboarding","Rings","Videos","Artists","Fashanu,_Justin","American","Rugby","Ice_Hockey","Ice_Skating","Chats_and_Forums","Europe","Events","Fans","North_America","Oceania","Bodybuilding","Powerlifting","Rowing","Swimming_and_Diving","Water_Polo","Windsurfing","Canada","United_States","England","Scotland","Wales","Canada","United_States","Vintage","Fan_Sites","Leagues","Teams","Tournaments","Atlantic_Conference","Ontario_Conference","Ontario_University_Athletics","Northern_Conference","Yankee_Small_College_Conference","American_Mideast_Conference","American_Midwest_Conference","Appalachian_Athletic_Conference","Cascade_Collegiate_Conference","Chicagoland_Collegiate_Athletic_Conference","Dakota_Athletic_Conference","Sunrise_Conference","Florida_Sun_Conference","Midwest_Collegiate_Conference","Golden_State_Athletic_Conference","Great_Plains_Athletic_Conference","Gulf_Coast_Athletic_Conference","Heart_of_America_Athletic_Conference","Independents","Kansas_Collegiate_Athletic_Conference","Kentucky_Intercollegiate_Athletic_Conference","Mid-Central_College_Conference","Mid-South_Conference","Midlands_Collegiate_Athletic_Conference","Red_River_Conference","Sooner_Athletic_Conference","Southern_States_Athletic_Conference","TranSouth_Athletic_Conference","Wolverine-Hoosier_Athletic_Conference","America_East_Conference","Atlantic_10_Conference","Atlantic_Coast_Conference","Atlantic_Sun_Conference","Big_12_Conference","Big_East_Conference","Big_South_Conference","Big_Ten_Conference","Big_West_Conference","Colonial_Athletic_Association","Conference_USA","Horizon_League","Ivy_League","Metro_Atlantic_Athletic_Conference","Mid-American_Conference","Independents","Mid-Eastern_Athletic_Conference","Missouri_Valley_Conference","Mountain_West_Conference","Northeast_Conference","Ohio_Valley_Conference","Pacific-10_Conference","Patriot_League","Southeastern_Conference","Southern_Conference","Southland_Conference","Southwestern_Athletic_Conference","Sun_Belt_Conference","West_Coast_Conference","Western_Athletic_Conference","Summit_League","California_Collegiate_Athletic_Association","Central_Atlantic_Collegiate_Conference","Central_Intercollegiate_Athletic_Association","East_Coast_Conference","Great_Lakes_Intercollegiate_Athletic_Conference","Great_Lakes_Valley_Conference","Great_Northwest_Athletic_Conference","Gulf_South_Conference","Heartland_Conference","Independents","Lone_Star_Conference","Mid-America_Intercollegiate_Athletics_Association","North_Central_Conference","Northeast-10_Conference","Northern_Sun_Intercollegiate_Conference","Pennsylvania_State_Athletic_Conference","Rocky_Mountain_Athletic_Conference","South_Atlantic_Conference","Southern_Intercollegiate_Athletic_Conference","Sunshine_State_Conference","West_Virginia_Intercollegiate_Athletic_Conference","Conference_Carolinas","Peach_Belt_Conference","Allegheny_Mountain_Collegiate_Conference","American_Southwest_Conference","Capital_Athletic_Conference","Centennial_Conference","College_Conference_of_Illinois_and_Wisconsin","Commonwealth_Coast_Conference","Empire_8_Conference","Great_Northeast_Athletic_Conference","Great_South_Athletic_Conference","Heartland_Collegiate_Athletic_Conference","Independents","Iowa_Intercollegiate_Athletic_Conference","Liberty_League","Little_East_Conference","Massachusetts_State_College_Athletic_Conference","Michigan_Intercollegiate_Athletic_Association","Middle_Atlantic_Conference","Midwest_Conference","Minnesota_Intercollegiate_Athletic_Conference","New_England_Small_College_Athletic_Conference","New_England_Women's_and_Men's_Athletic_Conference","New_Jersey_Athletic_Conference","North_Coast_Athletic_Conference","North_Eastern_Athletic_Conference","Northern_Athletics_Conference","Northwest_Conference","Ohio_Athletic_Conference","Old_Dominion_Athletic_Conference","Presidents'_Athletic_Conference","SUNY_Athletic_Conference","Southern_California_Intercollegiate_Athletic_Conference","Southern_Collegiate_Athletic_Conference","USA_South_Athletic_Conference","St._Louis_Intercollegiate_Athletic_Conference","University_Athletic_Association","Colonial_States_Athletic_Conference","Wisconsin_Intercollegiate_Athletic_Conference","North_Atlantic_Conference","Upper_Midwest_Athletic_Conference","Skyline_Conference","CUNY_Athletic_Conference","Landmark_Conference","Division_I","Division_II","Division_III","Alaska_Baseball_League","California_Coastal_League","Cape_Cod_League","Central_Illinois_Collegiate_League","Clark_Griffith_Collegiate_Baseball_League","Coastal_Plain_League","Continental_Amateur_Baseball_Association","Great_Lakes_Summer_Collegiate_League","Mountain_Collegiate_Baseball_League","Northwoods_League","Pacific_Southwest_Baseball_League","Southern_Collegiate_Baseball_League","Southwestern_League","Texas_Collegiate_League","Valley_Baseball_League","Walter_Johnson_League","Western_Semi-Pro_League","Alabama","Alaska","Arizona","Arkansas","California","Colorado","Connecticut","Delaware","Florida","Georgia","Hawaii","Idaho","Illinois","Indiana","Iowa","Kansas","Kentucky","Louisiana","Maine","Maryland","Massachusetts","Michigan","Minnesota","Mississippi","Missouri","Montana","Nebraska","Nevada","New_Hampshire","New_Jersey","New_Mexico","New_York","North_Carolina","North_Dakota","Ohio","Oklahoma","Oregon","Pennsylvania","Rhode_Island","South_Carolina","South_Dakota","Tennessee","Texas","Utah","Vermont","Virginia","Washington","Washington,_DC","West_Virginia","Wisconsin","Wyoming","Cy_Young","Gold_Glove","MVP","Rookie_of_the_Year","Organizations","Arizona_Diamondbacks","Atlanta_Braves","Baltimore_Orioles","Boston_Braves","Boston_Red_Sox","Chicago_Cubs","Chicago_White_Sox","Cincinnati_Red_Stockings","Cincinnati_Reds","Cleveland_Indians","Colorado_Rockies","Detroit_Tigers","Florida_Marlins","Houston_Astros","Houston_Colts","Kansas_City_Royals","Los_Angeles_Angels","Los_Angeles_Dodgers","Milwaukee_Braves","Milwaukee_Brewers","Minnesota_Twins","Montreal_Expos","New_York_Mets","New_York_Yankees","Oakland_Athletics","Philadelphia_Phillies","Pittsburgh_Pirates","San_Diego_Padres","San_Francisco_Giants","Seattle_Mariners","St._Louis_Browns","St._Louis_Cardinals","Texas_Rangers","Toronto_Blue_Jays","Washington_Nationals","Washington_Senators","Tampa_Bay_Rays","A","AA","AAA","Independent","Rookie","Giamatti,_Angelo_Bartlett","Selig,_Bud","Veeck,_Bill","A","B","C","D","E","F","Fan_Pages","G","H","I","J","K","L","M","N","O","P","Photos","Q","R","S","T","U","V","W","X","Y","Z","Amateur_Athletic_Union","American_Legion_Baseball","Babe_Ruth_League","Dizzy_Dean_Baseball","Little_League","Pony_League","Auerbach,_Red","Brown,_Larry","Daly,_Chuck","Doherty,_Matt","Dunleavy,_Mike","Jackson,_Phil","Karl,_George","Knight,_Bobby","Krzyzewski,_Mike","Lavin,_Steve","Pitino,_Rick","Riley,_Pat","Tarkanian,_Jerry","Tomjanovich,_Rudy","Alberta_Colleges_Athletic_Conference","Atlantic_Colleges_Athletic_Association","British_Columbia_Colleges_Athletic_Association","Ontario_Colleges_Athletic_Association","Quebec_Student_Sports_Federation","Atlantic_University_Sport","Canada_West_Universities_Athletic_Association","Ontario_University_Athletics","Quebec_Student_Sports_Federation","A","B","C","Conferences","D","E","F","G","H","I","J","K","L","M","N","O","P","Q","R","S","T","U","V","W","X","Y","Z","American_Midwest_Conference","Frontier_Conference","Golden_State_Athletic_Conference","Central_Atlantic_Collegiate_Conference","Gulf_Coast_Athletic_Conference","Red_River_Athletic_Conference","Sooner_Athletic_Conference","TranSouth_Athletic_Conference","Independents","American_Mideast_Conference","California_Pacific_Conference","Cascade_Collegiate_Conference","Dakota_Athletic_Conference","Florida_Sun_Conference","Great_Plains_Athletic_Conference","Mid-Central_College_Conference","Midwest_Collegiate_Conference","Sunrise_Conference","Mid-South_Conference","Appalachian_Athletic_Conference","Southern_States_Athletic_Conference","Heart_of_America_Athletic_Conference","Kansas_Collegiate_Athletic_Conference","Kentucky_Intercollegiate_Athletic_Conference","Midlands_Collegiate_Athletic_Conference","Wolverine-Hoosier_Athletic_Conference","Chicagoland_Collegiate_Athletic_Conference","America_East_Conference","Atlantic_10_Conference","Atlantic_Coast_Conference","Atlantic_Sun_Conference","Big_12_Conference","Big_East_Conference","Big_Sky_Conference","Big_South_Conference","Big_Ten_Conference","Big_West_Conference","Colonial_Athletic_Association","Conference_USA","Horizon_League","Independents","Ivy_League","Metro_Atlantic_Athletic_Conference","Mid-American_Conference","Mid-Eastern_Athletic_Conference","Missouri_Valley_Conference","Mountain_West_Conference","Northeast_Conference","Ohio_Valley_Conference","Pacific-10_Conference","Patriot_League","Southeastern_Conference","Southern_Conference","Southland_Conference","Southwestern_Athletic_Conference","Statistics","Sun_Belt_Conference","West_Coast_Conference","Western_Athletic_Conference","Summit_League","California_Collegiate_Athletic_Association","Central_Atlantic_Collegiate_Conference","Central_Intercollegiate_Athletic_Association","East_Coast_Conference","Great_Lakes_Intercollegiate_Athletic_Conference","Great_Lakes_Valley_Conference","Great_Northwest_Athletic_Conference","Gulf_South_Conference","Heartland_Conference","Independents","Lone_Star_Conference","Mid-America_Intercollegiate_Athletics_Association","North_Central_Conference","Northeast-10_Conference","Northern_Sun_Intercollegiate_Conference","Pacific_West_Conference","Peach_Belt_Conference","Pennsylvania_State_Athletic_Conference","Rocky_Mountain_Athletic_Conference","South_Atlantic_Conference","Southern_Intercollegiate_Athletic_Conference","Sunshine_State_Conference","West_Virginia_Intercollegiate_Athletic_Conference","Conference_Carolinas","Allegheny_Mountain_Collegiate_Conference","American_Southwest_Conference","Capital_Athletic_Conference","Centennial_Conference","City_University_of_New_York_Athletic_Conference","College_Conference_of_Illinois_and_Wisconsin","Commonwealth_Coast_Conference","Empire_8_Conference","Great_Northeast_Athletic_Conference","Great_South_Athletic_Conference","Heartland_Collegiate_Athletic_Conference","Independents","Iowa_Intercollegiate_Athletic_Conference","Liberty_League","Little_East_Conference","Massachusetts_State_College_Athletic_Conference","Michigan_Intercollegiate_Athletic_Association","Middle_Atlantic_Conference","Midwest_Conference","Minnesota_Intercollegiate_Athletic_Conference","New_England_Small_College_Athletic_Conference","New_England_Women's_and_Men's_Athletic_Conference","New_Jersey_Athletic_Conference","North_Coast_Athletic_Conference","Northern_Athletics_Conference","Northwest_Conference","Ohio_Athletic_Conference","Old_Dominion_Athletic_Conference","Presidents'_Athletic_Conference","Southern_California_Intercollegiate_Athletic_Conference","Southern_Collegiate_Athletic_Conference","USA_South_Athletic_Conference","St._Louis_Intercollegiate_Athletic_Conference","State_University_of_New_York_Athletic_Conference","University_Athletic_Association","Wisconsin_Intercollegiate_Athletic_Conference","North_Atlantic_Conference","Upper_Midwest_Athletic_Conference","Colonial_States_Athletic_Conference","Players","Atlanta_Hawks","Boston_Celtics","Charlotte_Bobcats","Chicago_Bulls","Cleveland_Cavaliers","Dallas_Mavericks","Denver_Nuggets","Detroit_Pistons","Fan_Pages","Golden_State_Warriors","Houston_Rockets","Indiana_Pacers","Los_Angeles_Clippers","Los_Angeles_Lakers","Memphis_Grizzlies","Miami_Heat","Milwaukee_Bucks","Minnesota_Timberwolves","New_Jersey_Nets","New_Orleans_Hornets","New_York_Knicks","News_and_Media","Orlando_Magic","Philadelphia_76ers","Phoenix_Suns","Players","Portland_Trail_Blazers","Sacramento_Kings","San_Antonio_Spurs","Seattle_SuperSonics","Toronto_Raptors","Utah_Jazz","Washington_Wizards","Baton_Rouge","Cleveland_Majic","Rome_Gladiators","Tunica_Gamblers","Twin_City_Gators","ABA_Australian_Basketball_Association","NBL_National_Basketball_League","State_and_Local_Associations_and_Clubs","WABL_Western_Australia_Basketball_League","All_Ages","Facilities","Grade_School","High_School","International","Specialty","Women","Awards","CCAA","CIS","Club_Teams","Junior","NAIA","NCAA_Division_I","NCAA_Division_II","NCAA_Division_III","NCCAA","News_and_Media","Recruiting","Statistics","ABL","NWBL","News_and_Media","Players","WNBA","WNBL-Australia","WSBL","Associations","Club_Teams","High_School_Teams","School_Teams","Boys","Boys","United_Kingdom","United_Kingdom","Canada","United_States","United_States","Europe","North_America","Oceania","Tournaments","Alabama","Arizona","Arkansas","California","Colorado","Connecticut","Delaware","Florida","Georgia","Hawaii","Idaho","Illinois","Indiana","Iowa","Kansas","Kentucky","Louisiana","Maine","Maryland","Massachusetts","Michigan","Minnesota","Mississippi","Missouri","Montana","Nebraska","Nevada","New_Hampshire","New_Jersey","New_Mexico","New_York","North_Carolina","North_Dakota","Ohio","Oklahoma","Oregon","Pennsylvania","Rhode_Island","South_Carolina","South_Dakota","Tennessee","Texas","Utah","Vermont","Virginia","Washington","Washington,_DC","West_Virginia","Wisconsin","Wyoming","Australia","United_States","Australia","Canada","Lithuania","United_Kingdom","United_States","Alabama","Arizona","Arkansas","California","Colorado","Connecticut","Delaware","Florida","Georgia","Illinois","Indiana","Kansas","Kentucky","Louisiana","Maine","Maryland","Massachusetts","Michigan","Minnesota","Mississippi","Nevada","New_Hampshire","New_Jersey","New_York","North_Carolina","Ohio","Oklahoma","Oregon","Pennsylvania","South_Carolina","Tennessee","Texas","Virginia","Washington","Washington,_DC","West_Virginia","Wisconsin","Alberta_Colleges_Athletic_Conference","Atlantic_University_Sport","Canada_West_Universities_Athletic_Association","Ontario_University_Athletics","AUS_North","AUS_South","Alberta_Colleges_Athletic_Conference","Atlantic_Colleges_Athletic_Association","British_Columbia_Colleges'_Athletic_Association","Ontario_Colleges_Athletic_Association","Quebec_Student_Sports_Federation","Atlantic_University_Sport","Canada_West_Universities_Athletic_Association","Ontario_University_Athletics","Quebec_Student_Sports_Federation","American_Mideast_Conference","American_Midwest_Conference","Appalachian_Athletic_Conference","California_Pacific_Conference","Cascade_Collegiate_Conference","Chicagoland_Collegiate_Athletic_Conference","Dakota_Athletic_Conference","Florida_Sun_Conference","Frontier_Conference","Golden_State_Athletic_Conference","Great_Plains_Athletic_Conference","Gulf_Coast_Athletic_Conference","Heart_of_America_Athletic_Conference","Independents","Kansas_Collegiate_Athletic_Conference","Kentucky_Intercollegiate_Athletic_Conference","Mid-Central_College_Conference","Mid-South_Conference","Midlands_Collegiate_Athletic_Conference","Red_River_Athletic_Conference","Sooner_Athletic_Conference","Southern_States_Athletic_Conference","TranSouth_Athletic_Conference","Wolverine-Hoosier_Athletic_Conference","Midwest_Collegiate_Conference","Sunrise_Conference","Division_I","Division_II","Division_III","Eastern_College_Athletic_Conference","Austria","Belgium","Finland","Israel","Namibia","Norway","Sweden","Switzerland","Thailand","Canada","Denmark","Germany","Ireland","Kenya","Malaysia","Nepal","Netherlands","Nigeria","Scotland","Singapore","United_Arab_Emirates","United_States","The_Ashes","Estonia","Poland","Associations","Australia","Bangladesh","Clubs","Coaching","England","India","New_Zealand","Pakistan","Players","South_Africa","Sri_Lanka","West_Indies","Zimbabwe","Cyclists","Ireland","United_Kingdom","Canada","United_States","Australia","New_Zealand","Atlantic_Collegiate_Cycling_Conference","Eastern_Collegiate_Cycling_Conference","Midwest_Collegiate_Cycling_Conference","North_Central_Collegiate_Cycling_Conference","Northwest_Collegiate_Cycling_Conference","Rocky_Mountain_Collegiate_Cycling_Conference","South_Central_Collegiate_Cycling_Conference","Southeastern_Collegiate_Cycling_Conference","Western_Collegiate_Cycling_Conference","Wheels","Ethiopia","Namibia","South_Africa","China","Hong_Kong","India","Indonesia","Japan","Malaysia","Philippines","Thailand","Austria","Croatia","Denmark","Germany","Iceland","Ireland","Italy","Jersey","Netherlands","Russia","Spain","Switzerland","United_Kingdom","Israel","Bermuda","Canada","United_States","Australia","New_Zealand","Armstrong,_Lance","Taylor,_Major","Giro_d'Italia","La_Vuelta_España","Tour_de_France","Camps","Ethiopia","Namibia","South_Africa","China","Hong_Kong","Japan","Malaysia","Singapore","Taiwan","Thailand","Puerto_Rico","Austria","Croatia","Denmark","France","Germany","Iceland","Ireland","Isle_of_Man","Italy","Netherlands","Russia","Spain","Sweden","Switzerland","United_Kingdom","Israel","Bermuda","Canada","Mexico","United_States","Australia","New_Zealand","Africa","Asia","Caribbean","Central_America","Europe","Middle_East","North_America","Oceania","South_America","Africa","Asia","Central_America","Europe","Middle_East","North_America","Oceania","South_America","Cyclists","Teams","Alabama","Alaska","Arizona","California","Colorado","Connecticut","Delaware","Florida","Georgia","Hawaii","Illinois","Indiana","Iowa","Kansas","Kentucky","Louisiana","Maine","Maryland","Massachusetts","Michigan","Minnesota","Mississippi","Missouri","Nebraska","Nevada","New_Hampshire","New_Jersey","New_York","North_Carolina","Ohio","Oregon","Pennsylvania","South_Dakota","Tennessee","Texas","Virginia","Washington","Washington,_DC","Wisconsin","Australia","Canada","United_Kingdom","United_States","Australia","Canada","Hong_Kong","United_States","Quadrilles","Western_Units","Australia","Canada","Ireland","United_Kingdom","United_States","Europe","North_America","Oceania","Associations","Breeders","Associations","Breeders","Associations","Breeders","Chats_and_Forums","Magazines_and_E-zines","Associations","Breeders","Sales","Web_Rings","Associations","Breeders","Chats_and_Forums","Sales","Web_Rings","Associations","Breed_Information","Breeders","Chats_and_Forums","Magazines_and_E-zines","Personal_Pages","Shows","Trainers","Web_Rings","Breeders","Breeders","Breeders","Associations","Breeders","Chats_and_Forums","National_Horse_of_Canada_Act","Associations","Associations","Breeders","Chats_and_Forums","Buckskins_and_Duns","Palomino","Registries","Associations","Breeders","Associations","Breeders","Associations","Breeders","Associations","Spotted_Draft_Horse","Breeders","Associations","Breeders","Sales","Breeders","Associations","Breeders","Chats_and_Forums","Sales","Associations_and_Clubs","Registries","Shows","Web_Rings","Breeders","Personal_Pages","Breeders","Associations","Breeders","Associations","Breeders","Associations","Associations","Breeders","Associations","Breeders","Chats_and_Forums","Rescue","Associations","Breeders","Associations","Breeders","Associations","Breeders","Web_Rings","Associations","Breeders","Magazines_and_E-zines","Personal_Pages","Trainers_and_Facilities","Associations","Breeders","Associations","Breeders","Chats_and_Forums","Associations","Breeders","Chats_and_Forums","Sales","Shows","Associations","Breeders","Chats_and_Forums","Web_Rings","Associations","Breeders","Associations","Breeders","Associations","Breeders","Associations","Breeders","Sales","Shows","Web_Rings","Associations","Breeders","Chats_and_Forums","Sales","Associations","Breeders","Associations","Breeders","Associations","Breeders","Associations","Breeders","Associations","Breeders","Chats_and_Forums","Directories","Personal_Pages","Publications","Sales","Services","Shows","Training_and_Facilities","Web_Rings","Breeders","Associations","Breeders","Breeders","Associations","Breeders","Associations","Associations","Breeders","Sales","Sport_Ponies","Associations","Breeders","Associations","Breeders","Associations","Associations","Breeders","Associations","Breeders","Chats_and_Forums","Sales","Shows","Web_Rings","Breeders","Chats_and_Forums","Famous_Horses","News_and_Media","Web_Rings","Associations","Breeders","Associations","Breeders","Import_and_Sales","Associations","Breeders","Chats_and_Forums","Shows","Web_Rings","New_Zealand","Canada","United_Kingdom","United_States","Australia","North_America","Associations","United_Kingdom","Canada","United_States","Australia","New_Zealand","Europe","North_America","Oceania","Horse_Sales","Training_Guides","Europe","North_America","Oceania","AERA","AERC","EHPS","Saddle_Making_Schools","Europe","North_America","Other","Championship_and_CCI","Regional","Europe","North_America","South_America","Arizona","California","Colorado","Connecticut","Florida","Georgia","Illinois","Kansas","Kentucky","Maine","Maryland","Massachusetts","Michigan","Missouri","New_Hampshire","New_York","North_Carolina","Oregon","Pennsylvania","South_Carolina","Texas","Virginia","Africa","Asia","Caribbean","College_and_University","Europe","Middle_East","North_America","Oceania","South_America","Asia","Europe","North_America","Oceania","Arabian","Affirmed","Barbaro","Funny_Cide","Man_O'War","Phar_Lap","Ruffian","Seabiscuit","Seattle_Slew","Secretariat","Smarty_Jones","Broadcasting_and_Video_Libraries","Chats_and_Forums","Entries,_Programs_and_Results","Equipment_Suppliers","Events","History_and_Memorabilia","Horsemen_and_Horses","News_and_Media","Organizations","Partnerships","Sales_Companies_and_Listings","Stables_and_Training_Centers","Tracks","Magazines","Europe","Middle_East","North_America","Oceania","Associations_and_Clubs","Races","Racetracks","Europe","Oceania","Auctions_and_Sales","Bloodstock_Agencies","Pedigree_Search","Products","Associations_and_Clubs","News_and_Media","Races_and_Racecourses","Trainers_and_Training","Famous_Races","South_Africa","Malaysia","Singapore","Finland","Ireland","United_Kingdom","Canada","Mexico","United_States","Australia","New_Zealand","Europe","Futurities","North_America","Australia","Canada","France","Germany","New_Zealand","United_Kingdom","United_States","Europe","North_America","United_Kingdom","Canada","United_States","Australia","China","India","Mongolia","Turkmenistan","Costa_Rica","Austria","Denmark","France","Greece","Hungary","Iceland","Ireland","Italy","Poland","Portugal","Russia","Spain","Sweden","United_Kingdom","Canada","Mexico","United_States","Australia","New_Zealand","Argentina","Chile","Ecuador","Peru","Venezuela","Associations_and_Clubs","Breeders","Magazines_and_E-zines","Stallions","Training_and_Facilities","Web_Rings","Associations_and_Clubs","Competitions","Web_Rings","Associations_and_Clubs","Breeders","Competitions","Magazines_and_E-zines","Services","Training_and_Facilities","Web_Rings","Associations_and_Clubs","Breeders","Magazines_and_E-zines","Personal_Pages","Sales","Shows_and_Competitions","Associations_and_Clubs","Bobsled","Luge","Skeleton","Atlanta_1996","1936_-_Berlin","1996_-_Atlanta","2000_-_Sydney","2004_-_Athens","2008_-_Beijing","2012_-_London","Olympic_Host_Bids","1994_-_Lillehammer","1998_-_Nagano","2002_-_Salt_Lake_City","2006_-_Torino","2010_-_Vancouver","2014_-_Sochi","2018","Olympic_Host_Bids","Free","Individual_Teams","Private_Leagues","Directories","Graphics","Merchandise","News_and_Media","Player_Rankings_and_Cheatsheets","FHL_Leagues","England","Northern_Ireland","Scotland","Wales","Alabama","Alaska","Arizona","Arkansas","California","Colorado","Connecticut","Delaware","Florida","Georgia","Hawaii","Idaho","Illinois","Indiana","Iowa","Kansas","Kentucky","Louisiana","Maine","Maryland","Massachusetts","Michigan","Minnesota","Mississippi","Missouri","Montana","Nebraska","Nevada","New_Hampshire","New_Jersey","New_Mexico","New_York","North_Carolina","North_Dakota","Ohio","Oklahoma","Oregon","Pennsylvania","Rhode_Island","South_Carolina","Tennessee","Texas","Utah","Vermont","Virginia","Washington","Washington,_DC","Wisconsin","Division_I","Division_II","Division_III","Eastern_College_Athletic_Conference","Independents","England","Divisions","North_America","Europe","Africa","Asia","City_Leagues","Europe","Middle_East","North_America","Oceania","College_and_University","Open","Youth_and_High_School","Africa","Asia","Caribbean","Europe","Middle_East","North_America","Oceania","South_America","Camps","A","Awards","B","Bowls_and_Classics","C","Chats_and_Forums","D","Directories","E","F","G","H","History","I","J","K","L","M","N","NAIA","NCAA_Division_I-A","NCAA_Division_I-AA","NCAA_Division_II","NCAA_Division_III","NJCAA","News_and_Media","O","P","Q","R","Rankings","Recruiting","S","T","U","V","W","X","Y","Z","Leagues_and_Teams","Alabama","Arizona","Arkansas","California","Colorado","Connecticut","Delaware","Florida","Georgia","Illinois","Indiana","Iowa","Kentucky","Louisiana","Maine","Maryland","Massachusetts","Michigan","Minnesota","Missouri","Nevada","New_Hampshire","New_Jersey","New_York","North_Carolina","North_Dakota","Ohio","Oklahoma","Oregon","Pennsylvania","Players","South_Carolina","Tennessee","Texas","Virginia","Washington","West_Virginia","Wisconsin","USFL","WFL","XFL","NFL_Europa","Arizona_Cardinals","Atlanta_Falcons","Baltimore_Ravens","Buffalo_Bills","Carolina_Panthers","Chats_and_Forums","Chicago_Bears","Cincinnati_Bengals","Cleveland_Browns","Dallas_Cowboys","Denver_Broncos","Detroit_Lions","Directories","Fan_Pages","Green_Bay_Packers","History","Houston_Texans","Indianapolis_Colts","Jacksonville_Jaguars","Kansas_City_Chiefs","Miami_Dolphins","Minnesota_Vikings","NFL_Draft","New_England_Patriots","New_Orleans_Saints","New_York_Giants","New_York_Jets","News_and_Media","Oakland_Raiders","Philadelphia_Eagles","Pittsburgh_Steelers","Pro_Bowl","San_Diego_Chargers","San_Francisco_49ers","Seattle_Seahawks","St._Louis_Rams","Stadiums","Statistics","Super_Bowl","Tampa_Bay_Buccaneers","Tennessee_Titans","Washington_Redskins","A","B","C","D","E","F","G","H","I","J","K","L","M","N","O","P","Q","R","S","T","U","V","W","X","Y","Z","Leagues","Teams","Leagues","Alabama","Alaska","Arizona","Arkansas","California","Colorado","Connecticut","Delaware","Florida","Georgia","Hawaii","Idaho","Illinois","Indiana","Iowa","Kansas","Kentucky","Louisiana","Maine","Maryland","Massachusetts","Michigan","Minnesota","Mississippi","Missouri","Montana","Nebraska","Nevada","New_Hampshire","New_Jersey","New_Mexico","New_York","North_Carolina","North_Dakota","Ohio","Oklahoma","Oregon","Pennsylvania","Rhode_Island","South_Carolina","South_Dakota","Tennessee","Texas","Tournaments","Utah","Vermont","Virginia","Washington","Washington,_DC","West_Virginia","Wisconsin","Wyoming","Arizona_Rattlers","Cleveland_Gladiators","Chicago_Rush","Colorado_Crush","Columbus_Destroyers","Dallas_Desperados","New_Orleans_VooDoo","Georgia_Force","Grand_Rapids_Rampage","Kansas_City_Brigade","Los_Angeles_Avengers","Defunct_Teams","New_York_Dragons","Orlando_Predators","Philadelphia_Soul","Players","San_Jose_SaberCats","Tampa_Bay_Storm","Utah_Blaze","Albany_Conquest","Arkansas_Twisters","Bossier-Shreveport_BattleWings","Mahoning_Valley_Thunder","Iowa_Barnstormers","Lexington_Horsemen","Central_Valley_Coyotes","Defunct_Teams","Florida_Firecats","Green_Bay_Blizzard","Daytona_Beach_ThunderBirds","Louisville_Fire","South_Georgia_Wildcats","Manchester_Wolves","Amarillo_Dusters","Oklahoma_City_Yard_Dawgz","Peoria_Pirates","Quad_City_Steamwheelers","Rio_Grande_Valley_Dorados","Lubbock_Renegades","Tennessee_Valley_Vipers","Tulsa_Talons","Corpus_Christi_Sharks","Wilkes-Barre_Scranton_Pioneers","Austin_Wranglers","Texas_Copperheads","Boise_Burn","Spokane_Shock","Stockton_Lightning","Tri-Cities_Fever","AFL_Papua_New_Guinea","AFL_Queensland","Australian_Football_League_Germany","Australian_Rules_Football_League_of_Ireland","British_Australian_Rules_Football_League","Canadian_Australian_Football_Association","Clubs","Dandenong_and_District_Junior_Football_League","Danish_Australian_Football_League","Diamond_Valley_Football_League","Eastern_Football_League","Geelong_Football_League","Great_Northern_Football_League","Greater_Western_Football_Association","Japan_Australian_Football_Association","Mornington_Peninsula_Nepean_Football_League","Nauru_Australian_Football_Association","New_Zealand_Australian_Football_League","Northside_Junior_Australian_Football_Association","Ontario_Australian_Football_League","Riddell_District_Junior_Football_League","Riverina_and_Farrar_Football_Leagues","Samoan_Australian_Rules_Football_Association","South_Australia_Amateur_Football_League","South_Coast_Australian_Football_League","Southern_Football_League","United_States_Australian_Football_Association","Victorian_Amateur_Football_Association","Victorian_Country_Football_League","Victorian_Football_League","Victorian_Women's_Football_League","Western_Region_Football_League","Yarra_Junior_Football_League","Yarra_Valley-Mountain_District_Football_League","Southern_California_Australian_Football_League","BC_Lions","Calgary_Stampeders","Edmonton_Eskimos","Hamilton_Tiger_Cats","Montreal_Alouettes","News_and_Media","Ottawa_Renegades","Saskatchewan_Roughriders","Toronto_Argonauts","Winnipeg_Blue_Bombers","Atlantic_University_Football_Conference","Canada_West_Football_Conference","Ontario_University_Athletics","Quebec_Intercollegiate_Football_Conference","AFL","NFC","Amateur_Clubs","Brisbane_Broncos","Canberra_Raiders","Melbourne_Storm","New_Zealand_Warriors","Newcastle_Knights","North_Queensland_Cowboys","Parramatta_Eels","Penrith_Panthers","Players","Sharks","South_Sydney_Rabbitohs","St._George-Illawarra_Dragons","Sydney_Bulldogs","Sydney_Roosters","Tipping_Competitions","Wests_Tigers","Manly-Warrinagh_Sea_Eagles","England","Scotland","Super_League_and_National_Leagues","Wales","Women","England","Wheelchair","Youth","Veterans","Australia","Belgium","Touch","Canada","College_and_University","New_Zealand","Wales","Hong_Kong","Ireland","Malta","Scotland","South_Africa","Switzerland","United_Arab_Emirates","United_States","Australia","Canada","England","Ireland","New_Zealand","Scotland","South_Africa","United_States","Wales","Australia","England","New_Zealand","United_States","Unions","Players_Associations","Touch_Associations","Wheelchair_Associations","Youth_Associations","England","Australia","New_Zealand","Wales","Six_Nations","Tri_Nations","Super_12","Super_14","Sevens","History","Antrim","Armagh","Carlow","Cavan","Clare","Connacht","Cork","Derry","Donegal","Down","Dublin","Fermanagh","Galway","Kerry","Kildare","Kilkenny","Laois","Leinster","Leitrim","Limerick","Longford","Louth","Mayo","Meath","Monaghan","Munster","Offaly","Roscommon","Sligo","Tipperary","Tyrone","Ulster","Waterford","Westmeath","Wexford","Wicklow","American_Mideast_Conference","American_Midwest_Conference","Frontier_Conference","Great_Plains_Athletic_Conference","Mid-Central_College_Conference","Mid-South_Conference","TranSouth_Athletic_Conference","Wolverine-Hoosier_Athletic_Conference","Midwest_Collegiate_Conference","Appalachian_Athletic_Conference","California_Pacific_Conference","Cascade_Collegiate_Conference","Independents","Dakota_Athletic_Conference","Florida_Sun_Conference","America_East_Conference","Atlantic_10_Conference","Atlantic_Coast_Conference","Atlantic_Sun_Conference","Big_12_Conference","Big_East_Conference","Big_Sky_Conference","Big_South_Conference","Big_Ten_Conference","Big_West_Conference","Colonial_Athletic_Association","Conference_USA","Horizon_League","Independents","Ivy_League","Metro_Atlantic_Athletic_Conference","Mid-American_Conference","Mid-Eastern_Athletic_Conference","Missouri_Valley_Conference","Mountain_West_Conference","Northeast_Conference","Ohio_Valley_Conference","Pacific-10_Conference","Patriot_League","Southeastern_Conference","Southern_Conference","Southland_Conference","Southwestern_Athletic_Conference","Sun_Belt_Conference","West_Coast_Conference","Western_Athletic_Conference","Summit_League","Central_Atlantic_Collegiate_Conference","Great_Lakes_Valley_Conference","Gulf_South_Conference","North_Central_Conference","Northeast-10_Conference","Pacific_West_Conference","West_Virginia_Intercollegiate_Athletic_Conference","Conference_Carolinas","Independents","American_Southwest_Conference","College_Conference_of_Illinois_and_Wisconsin","Heartland_Collegiate_Athletic_Conference","Michigan_Intercollegiate_Athletic_Association","New_England_Small_College_Athletic_Conference","Northwest_Conference","Old_Dominion_Athletic_Conference","Southern_Collegiate_Athletic_Conference","University_Athletic_Association","North_Coast_Athletic_Conference","Northern_Athletics_Conference","Colonial_States_Athletic_Conference","South_Africa","Tunisia","China","Hong_Kong","India","Indonesia","Malaysia","Philippines","Singapore","Thailand","Vietnam","Asia","Europe","North_America","Oceania","Finland","France","Hungary","Ireland","Italy","Spain","Switzerland","United_Kingdom","Estonia","Maintenance","Management_Companies","Software","Systems","Bermuda","Canada","Mexico","United_States","Australia","New_Zealand","Directories","Australia","Canada","Greece","New_Zealand","Sweden","United_States","Amputee","Executive_Women's","Juniors","Lefties","Seniors","Singles","Canadian_Tour","Champions_Tour","European","LPGA","Nationwide_Tour","PGA","Belgium","France","Ireland","Portugal","Spain","United_Kingdom","Canada","Mexico","United_States","Australia","Canada","England","Ireland","New_Zealand","Russia","Singapore","South_Africa","United_States","Clubs_and_Programs","NCAA","National_Collegiate_Gymnastics_Association","Amanar,_Simona","Atler,_Vanessa","Beckerman,_Alyssa","Bergamelli,_Monica","Chow,_Amy","Comaneci,_Nadia","Cox,_Janáe","Dantzscher,_Jamie","Dawes,_Dominique","Former","Galieva,_Roza","Gatson,_Jason","Gogean,_Gina","Grosheva,_Yelena","Gutsu,_Tatiana","Hamm,_Morgan","Hamm,_Paul","Heenan,_Katie","Khorkina,_Svetlana","Kim,_Nellie","Koncak,_Brittney","Kotchetkova,_Dina","Lysenko,_Tatiana","Maloney,_Kristin","Marinescu,_Alexandra","McCain,_Stephen","McLaughlin,_Zeena","Miller,_Shannon","Moceanu,_Dominique","Natalie,_Jamie","Nemov,_Alexei","Phelps,_Jaycie","Podkopayeva,_Lilia","Presecan,_Claudia","Produnova,_Elena","Raducan,_Andreea","Ray,_Elise","Richardson,_Kate","Roethlisberger,_John","Scherbo,_Vitaly","Silivas,_Daniela","Strug,_Kerri","Teft,_Katie","Thornton,_Jay","Townsend,_Sean","Tsavdaridou,_Vasiliki","Ungureanu,_Corina","White,_Morgan","Wilson,_Blaine","Yarosh,_Tatiana","Zamolodchikova,_Elena","Zmeskal,_Kim","Gymnasts","Canada","Greece","Russia","Gymnasts","Australia","Belgium","Canada","South_Africa","Spain","United_Kingdom","United_States","Canada","United_Kingdom","United_States","Africa","Asia","Europe","North_America","Oceania","South_America","Caribbean","North_America","Europe","Caribbean","Africa","Asia","Europe","Middle_East","North_America","Oceania","CIS","NCAA","NFHL","BUCS","Camps","Australia","Belgium","Canada","Finland","France","Germany","Japan","Netherlands","New_Zealand","Norway","Singapore","Slovenia","Sweden","Switzerland","United_Kingdom","United_States","ACHA","CIS","Alberta_Colleges_Athletic_Conference","NCAA","Ontario_Colleges_Athletic_Association","Minor_Leagues","North_America","Summit_Series","Australia","Austria","Belgium","Canada","China","Croatia","Finland","Germany","Greece","Hong_Kong","Hungary","Ireland","Japan","Netherlands","New_Zealand","Norway","Poland","Romania","Russia","Singapore","Slovakia","Slovenia","South_Africa","South_Korea","Spain","Sweden","Switzerland","Thailand","United_Arab_Emirates","United_Kingdom","United_States","Directories","High_School","Junior","Minor_League","National_Hockey_League","Women","Youth","Goaltenders","Ringette_Canada","Organizations","Coaching_Clinics_and_Schools","Leagues","Leagues","United_Kingdom","Canada","United_States","Australia","New_Zealand","NCAA_Division_I","NCAA_Division_II","NCAA_Division_III","NCLL","NJCAA","Open","MCLA","NCAA_Division_I","NCAA_Division_II","NCAA_Division_III","NIRSA","Open","SWLL","WCLL","WWLL","USLIA","Anaheim_Storm","Vancouver_Ravens","Canada","United_States","Canada","United_States","Players","Players","Tae_Bo","Asia","Europe","North_America","Oceania","Africa","Asia","Europe","North_America","Oceania","Daito_Ryu","Ki_Society","Kokikai_Ryu","News_and_Media","Organizations","Personal_Pages","Schools_and_Instruction","Tomiki_Ryu","Gracie_Jiu_Jitsu","Machado_Jiu_Jitsu","Schools_and_Instruction","College_and_University","News_and_Media","Organizations","Schools_and_Instruction","Asia","Europe","Middle_East","North_America","Oceania","Organizations","Schools_and_Instruction","Organizations","Schools_and_Instruction","Organizations","Schools_and_Instruction","Chats_and_Forums","News_and_Media","Asia","Europe","North_America","Oceania","Organizations","People","Schools_and_Instruction","Organizations","Schools_and_Instruction","News_and_Media","Organizations","Schools_and_Instruction","Organizations","Schools_and_Instruction","Chats_and_Forums","Fighters","Organizations","Schools_and_Instruction","Europe","North_America","Oceania","Schools_and_Instruction","Ba_Ji","Baguazhang","Organizations","Schools_and_Instruction","Tai_Chi","Xingyi","Southern_Praying_Mantis","Asia","Europe","North_America","Oceania","Schools_and_Instruction","Organizations","Schools_and_Instruction","Schools_and_Instruction","Magazines_and_E-zines","Belgium","Germany","Ireland","United_Kingdom","Canada","United_States","Australia","New_Zealand","Europe","North_America","Asia","Europe","Middle_East","North_America","Oceania","South_America","Jodo","Kendo_and_Iaido","Kyudo","Naginata","Schools_and_Instruction","Schools_and_Instruction","Schools_and_Instruction","Organizations","Schools_and_Instruction","Schools_and_Instruction","Organizations","Schools_and_Instruction","Bandolero_Legends","Junior_Dragsters","Micro-Hotrods","Quarter_Midgets","Autograss","Bracket_Racing","Chats_and_Forums","Clubs","Directories","Drag_Bikes","Drivers","Events","Exhibition","History","Import_Racing","News_and_Media","Nostalgia","Organizations","Professional","Sand_Drags","Sportsman","Teams","Tracks","Drivers","Events","News_and_Media","Organizations","Teams","Chats_and_Forums","Circuits","Directories","Drivers","History","Humor","News_and_Media","Personal_Pages","Teams","Technical","Drivers","Events","News_and_Media","Teams","Drivers","Teams","Drivers","History","News_and_Media","Organizations","Supermodifieds","Teams","Image_Galleries","Magazines","ARCA","Indy_Racing_League","NASCAR","SCCA","Southern_All_Stars","Car_Preparation,_Rental,_and_Service","Chats_and_Forums","Drivers","Events","Fan_Pages","Gumball_3000","Historic","History","Image_Galleries","News_and_Media","Organizations","Schools","Teams","WRC","Drifting","Drivers","Events","News_and_Media","Organizations","Spec_Miata","Teams","Organizations","Chats_and_Forums","Drivers","History","Micro_and_Mini","News_and_Media","Organizations","Teams","Baby_Grands","Drivers","Enduros","Figure_8","Late_Model","Mini_Cup","News_and_Media","Organizations","Teams","Africa","Central_America","Europe","Middle_East","North_America","Oceania","Drivers","Teams","Drivers","Events","News_and_Media","Organizations","Personal_Pages","Teams","Drivers","News_and_Media","Organizations","Teams","Organizations","Teams","Clubs","Superkart_Chassis_Manufacturers","Chats_and_Forums","Associations","Chats_and_Forums","Circuits_and_Tracks","Freestyle_Motocross","News_and_Media","Personal_Pages","Riders_and_Teams","Schools_and_Instruction","Sidecar","Associations","Chats_and_Forums","Circuits","News_and_Media","Riders_and_Teams","Schools_and_Instruction","News_and_Media","Organizations","Riders","Teams","News_and_Media","Organizations","Riders_and_Teams","Schools_and_Instruction","United_States","Australia","Canada","Guernsey","Ironman","Japan","Netherlands","New_Zealand","Thailand","Turkey","United_Kingdom","United_States","Africa","Asia","Caribbean","Europe","North_America","Oceania","South_America","Camps","Coaching","Events","England","Northern_Ireland","Scotland","Wales","Alabama","Alaska","Arizona","Arkansas","California","Colorado","Connecticut","Delaware","Florida","Georgia","Hawaii","Idaho","Illinois","Indiana","Iowa","Kansas","Kentucky","Louisiana","Maine","Maryland","Massachusetts","Michigan","Minnesota","Mississippi","Missouri","Montana","Nebraska","Nevada","New_Hampshire","New_Jersey","New_Mexico","New_York","North_Carolina","North_Dakota","Ohio","Oklahoma","Oregon","Rhode_Island","Pennsylvania","South_Carolina","South_Dakota","Tennessee","Texas","Utah","Vermont","Virginia","Washington","Washington,_DC","West_Virginia","Wisconsin","Wyoming","William_Shatner's_SPPLAT_Attack","Canada","United_States","Alabama","Alaska","Arizona","Arkansas","California","Colorado","Connecticut","Delaware","Florida","Georgia","Hawaii","Idaho","Illinois","Indiana","Iowa","Kansas","Kentucky","Louisiana","Maine","Maryland","Massachusetts","Michigan","Minnesota","Mississippi","Missouri","Montana","Nebraska","Nevada","New_Hampshire","New_Jersey","New_Mexico","New_York","North_Carolina","North_Dakota","Ohio","Oklahoma","Oregon","Pennsylvania","Rhode_Island","South_Carolina","South_Dakota","Tennessee","Texas","Utah","Vermont","Virginia","Washington","Washington,_DC","West_Virginia","Wisconsin","Wyoming","All_Sports","Football,_American","Technology","Allen,_Mel","Bernstein,_Bonnie","Buck,_Jack","Caray,_Harry","Cherry,_Don","Cosell,_Howard","Costas,_Bob","Hamilton,_Milo","Ledford,_Cawood","Walker,_Murray","Arizona","California","Colorado","Florida","Iowa","Kansas","Missouri","New_Mexico","Oregon","Texas","Washington","Wyoming","South_Africa","Ireland","United_Kingdom","Israel","Canada","United_States","Australia","New_Zealand","Eastern_College_Athletic_Conference","NAIA","BUCS","NCAA_Division_I","NCAA_Division_II","NJCAA","NCAA_Division_III","Egypt","Kenya","Mauritius","Nigeria","South_Africa","Bangladesh","Brunei_Darussalam","Cambodia","China","Hong_Kong","India","Indonesia","Japan","Kazakhstan","Laos","Malaysia","Philippines","Singapore","South_Korea","Sri_Lanka","Taiwan","Thailand","Vietnam","Andorra","Austria","Belgium","Bulgaria","Croatia","Cyprus","Czech_Republic","Denmark","Estonia","Finland","France","Germany","Greece","Hungary","Iceland","Ireland","Isle_of_Man","Italy","Luxembourg","Netherlands","Norway","Portugal","Slovakia","Spain","Sweden","Switzerland","United_Kingdom","Cyprus","Canada","United_States","Australia","New_Zealand","Northern_Mariana_Islands","Papua_New_Guinea","Caribbean","Europe","North_America","Oceania","Events","Personal_Accounts","Training","Events","North_America","International","National_Championships","Professional_Tours_and_Shows","Associations_and_Federations","Abt,_Alexander","Anissina,_Marina_and_Peizerat,_Gwendal","Archambault,_Erica","Aspiring","Baiul,_Oksana","Belbin,_Tanith_and_Agosto,_Benjamin","Berezhnaya,_Elena_and_Sikharulidze,_Anton","Billings,_Amanda","Boitano,_Brian","Bowman,_Christopher","Brauninger,_Jordan","Browning,_Kurt","Buttle,_Jeffrey","Butyrskaya,_Maria","Candeloro,_Philippe","Castile,_Brooke_and_Okolski,_Ben","Chait,_Galit_and_Sakhnovski,_Sergei","Chiper,_Gheorghe","Chouinard,_Josée","Cohen,_Sasha","Contreras,_Humberto","Cousins,_Robin","Cousins,_Steven","Czisny,_Alissa","Delmore,_Derrick","Denkova,_Albena_and_Staviyski,_Maxim","Drobiazko,_Margarita_and_Vanagas,_Povilas","Eldredge,_Todd","Faiella,_Federica_and_Scali,_Massimo","Ferreira,_Ben","Fleming,_Peggy","Fusar-Poli,_Barbara_and_Margaglio,_Maurizio","Galindo,_Rudy","Goebel,_Timothy","Gordeeva,_Ekaterina_and_Grinkov,_Sergei","Gregory,_Melissa_and_Petukhov,_Denis","Griazev,_Andrei","Grishuk,_Pasha","Grossi,_Giuliano","Grushina,_Elena_and_Goncharov,_Ruslan","Hamill,_Dorothy","Hamilton,_Scott","Harding,_Tonya","Hegel,_Idora","Hughes,_Emily","Hughes,_Sarah","Ina,_Kyoko_and_Zimmerman,_John","Joubert,_Brian","Weir,_Johnny","Kerrigan,_Nancy","Kazakova,_Oksana_and_Dmitriev,_Artur","Kirk,_Jennifer","Klimkin,_Ilia","Kostner,_Carolina","Kulik,_Ilia","Kwan,_Michelle","Lambiel,_Stéphane","Lang,_Naomi_and_Tchernyshev,_Peter","Leonova,_Elena_and_Andrei_Khvalko","Leray,_Marie-Pierre_and_Osseland,_Nicolas","Liashenko,_Elena","Lind,_Matthew","Lindemann,_Stefan","Lipinski,_Tara","Mabee,_Christopher","Meier,_Sarah","Meissner,_Kimmie","Meno,_Jenni_and_Sand,_Todd","Navarro,_Kimberly_and_Shmalo,_Robert","Nikodinov,_Angela","Orser,_Brian","Petrenko,_Viktor","Gedevanishvili,_Elene","Plushenko,_Yevgeni","Ronka,_Signe","Sabovcik,_Jozef","Sale,_Jamie_and_Pelletier,_David","Sandhu,_Emanuel","Sargeant,_Kristy_and_Wirtz,_Kris","Sawyer,_Shawn","Schwarz,_Peggy_and_Müller,_Mirko","Shiskova,_Evgenia_and_Naumov,_Vadim","Slutskaya,_Irina","Smith,_Scott","Stojko,_Elvis","Taylor,_Katy","Torvill_and_Dean","Totmianina,_Tatiana_and_Maxim_Marinin","Towler-Green,_Phillipa_and_Poole,_Phillip","Urmanov,_Alexei","Virtue,_Tessa_and_Moir,_Scott","Volchkova,_Viktoria","Weber,_Lindsey","Weiss,_Michael","Wester,_Jennifer_and_Barantsev,_Daniil","Wing,_Megan_and_Lowe,_Aaron","Winkler,_Kati_and_Lohse,_Rene","Wötzel,_Mandy_and_Steuer,_Ingo","Yagudin,_Alexei","Yamaguchi,_Kristi","Zagorodniuk,_Viacheslav","Zivanovic,_Trifun","Davis,_Meryl_and_White,_Charlie","Nagasu,_Mirai","Liang,_Beatrisa","Lysacek,_Evan","Carriere,_Stephen","Ando,_Miki","James,_Vanessa","Lambert,_Melanie_and_Palascak,_Fred","Asia","Europe","North_America","Oceania","Associations_and_Federations","Clubs","Events","Personal_Pages","Skaters","Clubs_and_Teams","College_and_University","Magazines_and_E-zines","Personal_Pages","United_Kingdom","Australia","Canada","France","Germany","Italy","Netherlands","Russia","Singapore","South_Korea","United_Kingdom","United_States","Fan_Pages","Leagues","Organizations","RollerJam","Australia","Canada","United_Kingdom","United_States","Races_and_Series","Teams","Canada","United_States","A-League","Clubs","Futsal","Indoor","Officiating","Organisations","Women","Youth","National_Team","Clubs","Clubs","National_Team","Clubs","National_Team","Futsal","Clubs","Clubs","National_Team","Courses","Courses","Champions_League","Africa_Cup_of_Nations","Clubs","Clubs","National_Team","Clubs","Clubs","Associations","Canadian_Soccer_League","Clubs","College_and_University","Futsal","Indoor","National_Team","News_and_Media","Officiating","Women","Youth","National_Team","National_Team","Amateur","By_Region","By_State","Clubs","Coaching","College_and_University","Futsal","High_School","Indoor","Major_League_Soccer","National_Team","News_and_Media","Officiating","United_Soccer_Leagues","Women","Youth","Clubs","National_Team","Clubs","National_Team","National_Team","AS_Monaco_FC","Clubs","Coaching","Organisations","Youth","Di_Stefano,_Alfredo","Maradona,_Diego_Armando","Carlos_Dunga","Pelé","Ronaldinho_Gaucho","Ronaldo","Laudrup,_Brian","Laudrup,_Michael","Schmeichel,_Peter","Beckham,_David","Rooney,_Wayne","Bergkamp,_Dennis","Eusebio","Ronaldo,_Cristiano","Larsson,_Henrik","Sükür,_Hakan","Hamm,_Mia","Amateur","Clubs","Futsal","National_Team","Clubs","National_Team","Premier_League","Stadiums","Champions_League","European_Championships","Regions'_Cup","Europa_League","Clubs","National_Team","Clubs","Clubs","National_Team","Clubs","National_Team","Clubs","Coaching","College_and_University","Futsal","National_League_System","National_Team","News_and_Media","Non-League","Officiating","Organisations","Premier_League","Schools","Stadiums","The_Football_League","The_Football_Pyramid","Women","Youth","Clubs","Clubs","National_Team","Stadiums","Bundesliga","Clubs","National_Team","News_and_Media","Women","Clubs","National_Team","News_and_Media","Non-League","Officiating","Schoolboys","Women","FAI_League_of_Ireland","Clubs","National_Team","News_and_Media","Clubs","National_Team","News_and_Media","Serie_A","Serie_B","Serie_C","Stadiums","Clubs","Clubs","Clubs","National_Team","Irish_League","Local_Leagues","National_Team","News_and_Media","Officiating","Youth","Clubs","National_Team","Stadiums","Clubs","National_Team","Clubs","National_Team","National_Team","Clubs","Division_1","Division_2","Division_3","Futsal","National_Team","News_and_Media","Non-League","Officiating","Scottish_Premier_League","Small_Sided_Leagues","Stadiums","Women","Youth","Clubs","National_Team","Clubs","National_Team","Primera_División","Segunda_División","Clubs","National_Team","Clubs","Clubs","National_Team","National_Team","Cymru_Alliance","Lower_Divisions","News_and_Media","Welsh_League","Welsh_Premier_League","Women","Youth","Leagues","Teams","NAIA","NCAA_Division_I","NCAA_Division_II","NCAA_Division_III","NJCAA","Leagues","Organizations","Teams","Tournaments","Leagues","Teams","Collegiate,_High_School,_and_Recreational","Professional_and_Olympic","High_School","Professional_and_Olympic","Organizations","Teams","Local_ASA_Districts_and_Chapters","United_States","Leagues","Teams","Leagues","Players","Teams","Leagues","Teams","Leagues","Teams","Leagues","Teams","Body_for_Life","Men","Women","E-zines","A","B","C","D","E","F","G","H","I","J","K","L","M","N","O","P","Q","R","S","T","U","V","W","Women","X","Y","Z","Anabolic_Steroids","Contests","Magazines_and_E-zines","Alberta","British_Columbia","Manitoba","New_Brunswick","Nova_Scotia","Ontario","Prince_Edward_Island","Quebec","Saskatchewan","Alabama","California","Colorado","Florida","Georgia","Kentucky","New_Hampshire","North_Carolina","Ohio","Pennsylvania","South_Carolina","Tennessee","Texas","Virginia","England","Scotland","American_Mideast_Conference","American_Midwest_Conference","Appalachian_Athletic_Conference","Central_Atlantic_Collegiate_Conference","Independents","Eastern_Intercollegiate_Athletic_Conference","Florida_Sun_Conference","Golden_State_Athletic_Conference","Great_Plains_Athletic_Conference","Gulf_Coast_Athletic_Conference","Heart_of_America_Athletic_Conference","Kansas_Collegiate_Athletic_Conference","Kentucky_Intercollegiate_Athletic_Conference","Mid-South_Conference","Sooner_Athletic_Conference","Southern_States_Athletic_Conference","TranSouth_Athletic_Conference","America_East_Conference","Atlantic_10_Conference","Atlantic_Coast_Conference","Atlantic_Sun_Conference","Big_12_Conference","Big_East_Conference","Big_Sky_Conference","Big_South_Conference","Big_Ten_Conference","Big_West_Conference","Colonial_Athletic_Association","Conference_USA","Horizon_League","Ivy_League","Metro_Atlantic_Athletic_Conference","Mid-American_Conference","Independents","Mid-Eastern_Athletic_Conference","Missouri_Valley_Conference","Mountain_West_Conference","Northeast_Conference","Ohio_Valley_Conference","Pacific-10_Conference","Patriot_League","Southeastern_Conference","Southern_Conference","Southland_Conference","Southwestern_Athletic_Conference","Sun_Belt_Conference","West_Coast_Conference","Western_Athletic_Conference","Summit_League","California_Collegiate_Athletic_Association","Peach_Belt_Conference","Central_Intercollegiate_Athletic_Association","East_Coast_Conference","Great_Lakes_Intercollegiate_Athletic_Conference","Great_Lakes_Valley_Conference","Gulf_South_Conference","Heartland_Conference","Lone_Star_Conference","Mid-America_Intercollegiate_Athletics_Association","North_Central_Conference","Northeast-10_Conference","Northern_Sun_Intercollegiate_Conference","Pacific_West_Conference","Pennsylvania_State_Athletic_Conference","Rocky_Mountain_Athletic_Conference","South_Atlantic_Conference","Southern_Intercollegiate_Athletic_Conference","Sunshine_State_Conference","West_Virginia_Intercollegiate_Athletic_Conference","Conference_Carolinas","Allegheny_Mountain_Collegiate_Conference","American_Southwest_Conference","Colonial_States_Athletic_Conference","Capital_Athletic_Conference","Centennial_Conference","City_University_of_New_York_Athletic_Conference","College_Conference_of_Illinois_and_Wisconsin","Commonwealth_Coast_Conference","Empire_8_Conference","Great_Northeast_Athletic_Conference","Heartland_Collegiate_Athletic_Conference","Iowa_Intercollegiate_Athletic_Conference","Little_East_Conference","Michigan_Intercollegiate_Athletic_Association","Middle_Atlantic_Conference","New_England_Small_College_Athletic_Conference","New_England_Women's_and_Men's_Athletic_Conference","Northern_Athletics_Conference","Old_Dominion_Athletic_Conference","State_University_of_New_York_Athletic_Conference","USA_South_Athletic_Conference","University_Athletic_Association","Wisconsin_Intercollegiate_Athletic_Conference","North_Coast_Athletic_Conference","St._Louis_Intercollegiate_Athletic_Conference","Independents","North_Eastern_Athletic_Conference","Appelmans,_Sabine","Barabanschikova,_Olga","Bovina,_Elena","Capriati,_Jennifer","Clijsters,_Kim","Coetzer,_Amanda","Daniilidou,_Eleni","Date,_Kimiko","Davenport,_Lindsay","Dechy,_Nathalie","Dementieva,_Elena","Dokic,_Jelena","Doubles_Partnerships","Evert,_Chris","Gibson,_Althea","Graf,_Steffi","Hantuchova,_Daniela","Harkleroad,_Ashley","Henin-Hardenne,_Justine","Hingis,_Martina","Huber,_Anke","Image_Galleries","Karatantcheva,_Sesil","Kirilenko,_Maria","Kournikova,_Anna","Likhovtseva,_Elena","Lucic,_Mirjana","Maleeva,_Magdalena","Martinez,_Conchita","Mauresmo,_Amelie","Mirza,_Sania","Myskina,_Anastasia","Navratilova,_Martina","Novotna,_Jana","Petrova,_Nadia","Pierce,_Mary","Rubin,_Chanda","Sabatini,_Gabriela","Safina,_Dinara","Sanchez_Vicario,_Arantxa","Schett,_Barbara","Schnyder,_Patty","Seles,_Monica","Serna,_Magüi","Sharapova,_Maria","Sugiyama,_Ai","Tulyaganova,_Iroda","Van_Roost,_Dominique","Williams,_Serena","Williams,_Venus","Zvereva,_Natasha","Zvonareva,_Vera","Spîrlea,_Irina","Agassi,_Andre","Arazi,_Hicham","Ashe,_Arthur","Becker,_Boris","Bhupathi,_Mahesh","Blake,_James","Chang,_Michael","Coria,_Guillermo","Corretja,_Alex","Doubles_Partnerships","Edberg,_Stefan","Enqvist,_Thomas","Federer,_Roger","Ferrero,_Juan_Carlos","Gambill,_Jan-Michael","Haas,_Tommy","Henman,_Tim","Hewitt,_Lleyton","Ivanisevic,_Goran","Kafelnikov,_Yevgeny","Kiefer,_Nicolas","Krajicek,_Richard","Kuerten,_Gustavo","Malisse,_Xavier","McEnroe,_John","Moyà,_Carlos","Murray,_Andy","Nadal,_Rafael","Norman,_Magnus","Paes,_Leander","Philippoussis,_Mark","Rafter,_Patrick","Roddick,_Andy","Rusedski,_Greg","Safin,_Marat","Sampras,_Pete","Srichaphan,_Paradorn","Vilas,_Guillermo","Woodbridge,_Todd","Berdych,_Tomá","Tsonga,_Jo-Wilfried","Baghdatis,_Marcos","ivojinovi?,_Slobodan","Zabaleta,_Mariano","Zimonji?,_Nenad","France","Greece","Ireland","United_Kingdom","Canada","United_States","Australia","New_Zealand","Atlantic_University_Sport","Canada_West_Universities_Athletic_Association","Ontario_University_Athletics","Quebec_Student_Sports_Federation","Bay_Valley_Conference","Central_Valley_Conference","Coast_Conference","Foothill_Conference","Orange_Empire_Conference","Pacific_Coast_Conference","South_Coast_Conference","Western_State_Conference","American_Mideast_Conference","Dakota_Athletic_Conference","Golden_State_Athletic_Conference","Great_Plains_Athletic_Conference","Heart_of_America_Athletic_Conference","Kansas_Collegiate_Athletic_Conference","Mid-Central_Conference","Red_River_Athletic_Conference","Sooner_Athletic_Conference","Wolverine-Hoosier_Athletic_Conference","Appalachian_Athletic_Conference","Independents","Cascade_Collegiate_Conference","Florida_Sun_Conference","Midwest_Collegiate_Conference","America_East_Conference","Atlantic_10_Conference","Atlantic_Coast_Conference","Atlantic_Sun_Conference","Big_12_Conference","Big_East_Conference","Big_Sky_Conference","Big_South_Conference","Big_Ten_Conference","Big_West_Conference","Colonial_Athletic_Association","Conference_USA","Horizon_League","Independents","Ivy_League","Metro_Atlantic_Athletic_Conference","Mid-American_Conference","Mid-Eastern_Athletic_Conference","Missouri_Valley_Conference","Mountain_West_Conference","Northeast_Conference","Ohio_Valley_Conference","Pacific-10_Conference","Patriot_League","Southeastern_Conference","Southern_Conference","Southland_Conference","Southwestern_Athletic_Conference","Sun_Belt_Conference","Summit_League","Western_Athletic_Conference","California_Collegiate_Athletic_Association","Central_Intercollegiate_Athletic_Conference","Great_Lakes_Intercollegiate_Athletic_Conference","Great_Lakes_Valley_Conference","Great_Northwest_Athletic_Conference","Independent","Lone_Star_Conference","Mid-America_Intercollegiate_Athletics_Association","North_Central_Conference","Northeast-10_Conference","Northern_Sun_Intercollegiate_Conference","Pennsylvania_State_Athletic_Conference","Rocky_Mountain_Athletic_Conference","Southern_Intercollegiate_Athletic_Conference","West_Virginia_Intercollegiate_Athletic_Conference","American_Southwest_Conference","Capital_Athletic_Conference","Centennial_Conference","City_University_of_New_York_Athletic_Conference","College_Conference_of_Illinois_and_Wisconsin","Heartland_Collegiate_Athletic_Conference","Independents","Iowa_Intercollegiate_Athletic_Conference","Liberty_League","Little_East_Conference","Massachusetts_State_College_Athletic_Conference","Michigan_Intercollegiate_Athletic_Association","Middle_Atlantic_Conference","Midwest_Conference","Minnesota_Intercollegiate_Athletic_Conference","New_England_Small_College_Athletic_Conference","New_England_Women's_and_Men's_Athletic_Conference","New_Jersey_Athletic_Conference","North_Coast_Athletic_Conference","Northwest_Conference","Ohio_Athletic_Conference","Old_Dominion_Athletic_Conference","Presidents'_Athletic_Conference","Southern_California_Intercollegiate_Athletic_Conference","Southern_Collegiate_Athletic_Conference","State_University_of_New_York_Athletic_Conference","University_Athletic_Association","Wisconsin_Intercollegiate_Athletic_Conference","Northern_Athletics_Conference","Region_I","Region_III","Region_IV","Region_V","Region_VI","Region_XII","Region_XIII","Region_XIX","Region_XVI","Region_XVIII","Region_XX","Region_XXI","Region_XXII","Region_XXIV","Midlands_League","Northern_League","Premiership_League","Scottish_League","South_Eastern_League","Western_League","Alabama","Alaska","Arizona","Arkansas","California","Colorado","Connecticut","Delaware","Florida","Georgia","Hawaii","Idaho","Illinois","Indiana","Iowa","Kansas","Kentucky","Louisiana","Maine","Maryland","Massachusetts","Michigan","Minnesota","Mississippi","Missouri","Montana","Nebraska","Nevada","New_Hampshire","New_Jersey","New_Mexico","New_York","North_Carolina","North_Dakota","Ohio","Oklahoma","Oregon","Pennsylvania","Rhode_Island","South_Carolina","South_Dakota","Tennessee","Texas","Utah","Vermont","Virginia","Washington","Washington,_DC","West_Virginia","Wisconsin","Wyoming","Bubka,_Sergei","CIS","NCAA","NIRSA","Open","CCAA","CIS","NAIA","NCAA","NIRSA","NJCAA","Scotland","USAV","Personal_Pages","Players","Tournaments","Alberta","British_Columbia","New_Brunswick","Ontario","Prince_Edward_Island","Quebec","Scotland","Alabama","Alaska","Arizona","Arkansas","California","Colorado","Connecticut","Delaware","Florida","Georgia","Hawaii","Idaho","Illinois","Indiana","Iowa","Kansas","Kentucky","Louisiana","Maine","Maryland","Massachusetts","Michigan","Minnesota","Mississippi","Missouri","Montana","Nebraska","Nevada","New_Hampshire","New_Jersey","New_Mexico","New_York","North_Carolina","Ohio","Oklahoma","Oregon","Pennsylvania","Rhode_Island","South_Dakota","South_Carolina","Tennessee","Texas","Utah","Vermont","Virginia","Washington","Washington,_DC","West_Virginia","Wisconsin","Wyoming","Guides_and_Outfitters","Organizations","Whitewater","Africa","Asia","Central_America","Europe","Middle_East","North_America","South_America","Kayak_Polo","Sea_Kayaking","Whitewater","Guides_and_Outfitters","Canada","United_Kingdom","United_States","Events","Organizations","Africa","Asia","Central_America","Europe","North_America","Oceania","South_America","Australia","Canada","China","Germany","Hong_Kong","Netherlands","New_Zealand","Philippines","Singapore","United_Kingdom","United_States","Australia","Canada","Germany","Ireland","Italy","New_Zealand","Slovenia","Sweden","Switzerland","United_Kingdom","United_States","Australia","Canada","Finland","Ireland","New_Zealand","Spain","United_Kingdom","United_States","Atlantic_Rowing_Challenge","Australia","Canada","United_Kingdom","United_States","United_Kingdom","Australia","New_Zealand","Caribbean","Central_America","Europe","North_America","Oceania","South_America","Clubs","Women","Africa","Asia","Caribbean","Central_America","Europe","Middle_East","North_America","Oceania","South_America","Africa","Asia","Cams","Central_America","Europe","North_America","Oceania","Slater,_Kelly","Hall,_Gary,_Jr.","Kowal,_Kristy","Krayzelburg,_Lenny","Louganis,_Greg","Malchow,_Tom","Phelps,_Michael","Popov,_Alexander","Quann,_Megan","Thorpe,_Ian","Torres,_Dara","Van_Dyken,_Amy","van_den_Hoogenband,_Pieter","AUS","NAIA","NCAA_Division_I","NCAA_Division_II","NCAA_Division_III","BUCS","Europe","North_America","Oceania","South_America","Africa","Caribbean","Europe","North_America","Oceania","Africa","Asia","Caribbean","Europe","Middle_East","North_America","Oceania","Clubs","College_and_University","Personal_Pages","Australia","Canada","Ireland","New_Zealand","United_Kingdom","United_States","Australia","Brazil","Canada","Ireland","United_Kingdom","United_States","Australia","Canada","Costa_Rica","France","Greece","Italy","Mexico","New_Zealand","Portugal","Singapore","South_Africa","Switzerland","Turkey","United_Kingdom","United_States","Asia","Caribbean","Central_America","Europe","Middle_East","North_America","Oceania","South_America","Canada","United_Kingdom","United_States","Services_and_Promotion","Competition_and_Racing","Freestyle","Publications","Schools_and_Instruction","Clubs","Ski_Patrol","Avalanche","Guides_and_Tours","Instruction","Telemark","Asia","Europe","North_America","South_America","Associations","Expeditions","Nordic_Combined","Races_and_Loppets","Resorts","Ski_Jumping","Australia","Asia","Europe","North_America","Oceania","South_America","Europe","North_America","Oceania","South_America","Iditarod","Camps","Schools","Clubs","Teter,_Hannah","NAIA","Tournaments","Wrestlers","Canada","United_States","El_Santo","Independent_Promotions","Radio_and_Television","Vince_McMahon","Asia","Europe","Extreme_Championship_Wrestling","National_Wrestling_Alliance","North_America","Oceania","Pancrase","Promotions","Women","Asya","Beulah_McGillicutty","Chae","Daffney","Dawn_Marie","Debra","Francine","Gorgeous_George","Kimberly","Kimona_Wannalaya","Miss_Dixie","Miss_Elizabeth","Nancy_Sullivan","Pippa_L'vinn","Sharmell","Sherri_Martel","Spice","Stacy_Keibler","Stephanie_McMahon","Tammy_Sytch","Terri","The_Kat","Tiffani_Monroe","Torrie_Wilson","Tygress","Tylene_Buck","A","B","C","D","E","F","G","H","I","J","K","L","M","N","O","P","Q","R","S","T","U","V","W","X","Y","Z"
