"Cheats_and_Hints","Reviews_and_Previews","Reviews_and_Previews","Reviews_and_Previews","Reviews_and_Previews","Leagues","Reviews_and_Previews","PlayStation_2","Windows","Reviews_and_Previews","Reviews_and_Previews","Cheats_and_Hints","Reviews_and_Previews","Cheats_and_Hints","Reviews_and_Previews","Reviews_and_Previews","Reviews_and_Previews","Reviews_and_Previews","Reviews_and_Previews","Reviews_and_Previews","Cheats_and_Hints","Reviews_and_Previews","Cheats_and_Hints","Reviews_and_Previews","Cheats_and_Hints","Reviews_and_Previews","Cheats_and_Hints","Reviews_and_Previews","Reviews_and_Previews","Reviews_and_Previews","Reviews_and_Previews","Modifications_and_Add-Ons","Cheats_and_Hints","Reviews_and_Previews","Cheats_and_Hints","Reviews_and_Previews","Cheats_and_Hints","Cheats_and_Hints","Reviews_and_Previews","Cheats_and_Hints","Reviews_and_Previews","Reviews_and_Previews","Reviews_and_Previews","GameCube","Game_Boy_Advance","PlayStation_2","Xbox","Ontario","Ontario","British_Columbia","Alaska","Arkansas","California","Colorado","Connecticut","Delaware","Florida","Illinois","Indiana","Iowa","Maryland","Massachusetts","Michigan","Minnesota","Missouri","Nebraska","New_Jersey","New_York","North_Carolina","Ohio","Pennsylvania","Rhode_Island","South_Dakota","Texas","Washington","Wisconsin","Awards","Billiards","Boarding","Archery","Canoes_and_Kayaks","Country_Sports","Cricket","Cycling","Equestrian","Fitness","Football","Golf","Martial_Arts","Memorabilia","Mountain_Sports","Petanque","Sailing_and_Boating","Theme_Merchandise","Water_Sports","Wrestling","Hockey","School","Fixtures_and_Results","Leagues","Organisations","Bracknell_Blazers","Brighton_Buccaneers","Croydon_Pirates","London_Warriors","Richmond_Flames","Worthing_Thunder","Everton_Tigers","Guildford_Heat","Leicester_Riders","Worcester_Wolves","Milton_Keynes_Lions","Newcastle_Eagles","Plymouth_Raiders","Scottish_Rocks","Sheffield_Sharks","London_Capital","Cheshire_Jets","Museums","Associations","Chats_and_Forums","Equipment","Holidays","News_and_Media","Personal_Pages","Web_Rings","Associations","Chats_and_Forums","Personal_Pages","Web_Rings","Associations","Chats_and_Forums","Coarse_Fishing","Directories","Fisheries","Game_Fishing","Guides_and_Charters","News_and_Media","Personal_Pages","Sea_Fishing","Art,_Literature_and_Music","Associations","Chats_and_Forums","Events","Holidays","Museums","News_and_Media","Personal_Pages","Web_Rings","Campaign_Groups","Legislation","News_and_Media","Polls","Associations","Chats_and_Forums","Holidays","News_and_Media","Web_Rings","Clay_Pigeon_Shooting","Deer_Stalking","Associations","Chats_and_Forums","News_and_Media","Web_Rings","Associations","News_and_Media","Associations","Kingfisher_Cycle_Trail","Moor_to_Sea","National_Byway","North_Sea","Pennine_Cycleway","Reivers_Cycle_Route","Sea_to_Sea_Cycle_Route","Tour_Operators","Trans-Pennine_Trail","Walney_to_Wear_Cycle_Route","West_Yorkshire_Cycle_Route","Clubs","Events","News_and_Media","Personal_Pages","Services","Trail_Information","Travel","Cricket","Golf","Football","Rugby","Supporters_Clubs","Basketball","Fencing","Rugby","Sledge_Hockey","News_and_Media","Bloodstock","Famous_Races","News","Quixall_Crossett","Racecourses","Racehorse_Ownership","Trainers","BIPHA","BISHA","Speedway","Clubs","Rinks","Clubs","Charters","Clubs_and_Associations","Directories","Events","Living_Aboard","Marinas","Resources","Sailmakers","Training","Clubs_and_Schools","Camp,_Walter","Pep,_Willie","Fan_Pages","Alabama","Alaska","Arizona","Arkansas","California","Colorado","Florida","Georgia","Idaho","Illinois","Indiana","Iowa","Kansas","Kentucky","Louisiana","Maine","Maryland","Michigan","Minnesota","Mississippi","Missouri","Montana","Nevada","New_Mexico","New_York","North_Carolina","North_Dakota","Ohio","Oklahoma","Oregon","Pennsylvania","South_Carolina","South_Dakota","Tennessee","Texas","Utah","Virginia","Washington","West_Virginia","Wisconsin","Wyoming","Alberta","British_Columbia","New_Brunswick","Ontario","Quebec","Saskatchewan","Alabama","Arizona","Arkansas","California","Colorado","Connecticut","Delaware","Florida","Georgia","Hawaii","Idaho","Illinois","Indiana","Iowa","Kansas","Kentucky","Louisiana","Maine","Maryland","Massachusetts","Michigan","Minnesota","Mississippi","Missouri","Montana","Nebraska","Nevada","New_Hampshire","New_Jersey","New_Mexico","New_York","North_Carolina","North_Dakota","Ohio","Oklahoma","Oregon","Pennsylvania","South_Carolina","Tennessee","Texas","Utah","Vermont","Virginia","Washington","West_Virginia","Wisconsin","Wyoming","Arizona","Arkansas","California","Colorado","Connecticut","Florida","Georgia","Idaho","Illinois","Indiana","Iowa","Kentucky","Louisiana","Maryland","Massachusetts","Michigan","Minnesota","Mississippi","Missouri","Montana","Nebraska","New_Hampshire","New_Jersey","New_Mexico","New_York","North_Carolina","North_Dakota","Ohio","Oklahoma","Oregon","Pennsylvania","South_Carolina","South_Dakota","Tennessee","Texas","Utah","Washington","Virginia","Wisconsin","Wyoming","Alaska","Arizona","California","Colorado","Connecticut","Florida","Georgia","Idaho","Illinois","Indiana","Iowa","Kansas","Kentucky","Maine","Maryland","Massachusetts","Michigan","Minnesota","Missouri","Montana","Nebraska","Nevada","New_Hampshire","New_Jersey","New_York","North_Carolina","Ohio","Oklahoma","Oregon","Pennsylvania","Texas","Vermont","Virginia","Washington","West_Virginia","Wisconsin","Wyoming","Alabama","Alaska","Arizona","Arkansas","California","Colorado","Connecticut","Delaware","Florida","Georgia","Idaho","Illinois","Indiana","Iowa","Kansas","Kentucky","Louisiana","Maine","Maryland","Massachusetts","Michigan","Minnesota","Mississippi","Missouri","Montana","Nebraska","Nevada","New_Hampshire","New_Jersey","New_Mexico","New_York","North_Carolina","North_Dakota","Ohio","Oklahoma","Oregon","Pennsylvania","South_Carolina","South_Dakota","Tennessee","Texas","Utah","Vermont","Virginia","Washington","West_Virginia","Wisconsin","Wyoming","Alberta","British_Columbia","Manitoba","Ontario","Saskatchewan","Alabama","Arizona","Arkansas","California","Colorado","Connecticut","Delaware","Florida","Georgia","Idaho","Illinois","Indiana","Iowa","Kansas","Kentucky","Louisiana","Maine","Maryland","Massachusetts","Michigan","Minnesota","Mississippi","Missouri","Montana","Nebraska","Nevada","New_Hampshire","New_Jersey","New_Mexico","New_York","North_Carolina","North_Dakota","Ohio","Oklahoma","Oregon","Pennsylvania","South_Carolina","South_Dakota","Tennessee","Texas","Utah","Vermont","Virginia","Washington","West_Virginia","Wisconsin","Wyoming","Alabama","California","Colorado","Florida","Illinois","Indiana","Kentucky","Louisiana","Maryland","Michigan","Minnesota","Montana","New_Jersey","New_York","Ohio","Oklahoma","Oregon","Pennsylvania","Texas","Virginia","Washington","West_Virginia","Wisconsin","Arizona","Alabama","Alaska","California","Colorado","Connecticut","Florida","Georgia","Hawaii","Idaho","Illinois","Indiana","Iowa","Kansas","Maryland","Massachusetts","Michigan","Minnesota","Missouri","Montana","Nevada","New_Jersey","New_Mexico","New_York","North_Carolina","Ohio","Oregon","Pennsylvania","Rhode_Island","South_Carolina","Tennessee","Texas","Vermont","Virginia","Washington","Washington,_DC","Wisconsin","Alabama","Arizona","Arkansas","California","Colorado","Connecticut","Florida","Georgia","Idaho","Illinois","Indiana","Iowa","Kansas","Kentucky","Maine","Maryland","Massachusetts","Michigan","Minnesota","Missouri","Montana","Nebraska","New_Hampshire","New_Jersey","New_Mexico","New_York","North_Carolina","Ohio","Oregon","Pennsylvania","Rhode_Island","South_Carolina","South_Dakota","Tennessee","Texas","Utah","Vermont","Virginia","Washington","Washington,_DC","Wisconsin","Wyoming","Arizona","California","Colorado","Connecticut","Florida","Georgia","Idaho","Illinois","Indiana","Iowa","Kentucky","Maine","Maryland","Massachusetts","Michigan","Minnesota","Nebraska","New_Jersey","New_Mexico","New_York","North_Carolina","Ohio","Oregon","Pennsylvania","Tennessee","Texas","Virginia","Washington","Washington,_DC","Wisconsin","Former_Players","Past_Players","Players","Former_Players","Players","Fan_Pages","News_and_Media","Football_Clubs","News_and_Media","Former_Players","Chats_and_Forums","Players","Chats_and_Forums","Fan_Sites","Legends","News_and_Media","Players","News_and_Media","Players","Former_Players","Chats_and_Forums","Fan_Pages","Former_Players","Music","News_and_Media","Ohio_Stadium","Retired_Notables","Chats_and_Forums","Fan_Pages","Music","News_and_Media","Chats_and_Forums","News_and_Media","News_and_Media","Former_Players","Fan_Pages","News_and_Media","Players","Former_Players","Former_Players","Former_Players","News_and_Media","Former_Players","Fan_Pages","News_and_Media","Players","Fan_Pages","Former_Players","News_and_Media","History","Players","Former_Players","Rhode_Island","Penn_State","Alaska-Fairbanks","Michigan","Michigan_State","Nebraska-Omaha","Clarkson","Cornell","Dartmouth","Harvard","Rensselaer","St._Lawrence","Union","Alaska-Anchorage","Colorado_College","Denver","Michigan_Tech","Minnesota","Minnesota-Duluth","Minnesota_State_University,_Mankato","North_Dakota","St._Cloud_State","Wisconsin","ECAC_East","ECAC_West","Minnesota_Intercollegiate_Athletic_Conference","New_England_Small_College_Athletic_Conference","Northern_Collegiate_Hockey_Association","Bracknell_Bees","Dundee_Stars","Edinburgh_Capitals","Fife_Flyers","Guildford_Flames","History","Ayr_Scottish_Eagles","Basingstoke_Bison","Belfast_Giants","Cardiff_Devils","Coventry_Blaze","History","London_Knights","London_Racers","Manchester_Phoenix","Manchester_Storm","Nottingham_Panthers","Sheffield_Steelers","Hull_Stingrays","Newcastle_Vipers","Cape_Breton_Screaming_Eagles","Drakkar_de_Baie-Comeau","Drummondville_Voltigeurs","Halifax_Mooseheads","Hull_Olympiques","Moncton_Wildcats","Océanic_de_Rimouski","Quebec_Remparts","Sherbrooke_Castors","Victoriaville_Tigers","Brandon_Wheat_Kings","Calgary_Hitmen","Kamloops_Blazers","Kelowna_Rockets","Kootenay_Ice","Lethbridge_Hurricanes","Medicine_Hat_Tigers","Moose_Jaw_Warriors","Portland_Winter_Hawks","Prince_Albert_Raiders","Prince_George_Cougars","Red_Deer_Rebels","Regina_Pats","Saskatoon_Blades","Seattle_Thunderbirds","Spokane_Chiefs","Swift_Current_Broncos","Tri-City_Americans","Vancouver_Giants","Albany","Binghamton","Bridgeport","Chicago","Cincinnati","Cleveland","Edmonton","Former_Teams","Grand_Rapids","Hamilton","Hartford","Hershey","Houston","Lowell","Manchester","Manitoba","Milwaukee","Norfolk","Peoria","Philadelphia","Portland","Providence","Rochester","San_Antonio","Springfield","St._John's","Syracuse","Utah","Wilkes-Barre_Scranton","Amarillo","Arizona","Bossier-Shreveport","Colorado","Corpus_Christi","Former_Teams","Mississippi","Laredo","Texas","New_Mexico","Odessa","Oklahoma_City","Rio_Grande_Valley","Rocky_Mountain","Tulsa","Wichita","Rapid_City","Alaska","Augusta","Bakersfield","Charlotte","Columbia","Dayton","Florida","Former_Teams","Fresno","Greenville","Gwinnett","Idaho","Johnstown","Las_Vegas","Long_Beach","Pensacola","Phoenix","Reading","San_Diego","South_Carolina","Stockton","Texas","Toledo","Trenton","Victoria","Utah","Wheeling","Cleveland","Detroit","Kansas_City","Miami","Orlando","Winston-Salem","Adirondack","Danbury","Elmira","Flint","Former_Teams","Fort_Wayne","Kalamazoo","Missouri","Muskegon","Port_Huron","Quad_City","Roanoke","Rockford","Abilene","Central_Texas","Lake_Charles","Waco","Players","Players","Players","Players","Adams,_Craig","Adams,_Kevyn","Aebischer,_David","Afanasenkov,_Dimitry","Afinogenov,_Maxim","Albelin,_Tommy","Alfredsson,_Daniel","Allen,_Bryan","Allison,_Jason","Amonte,_Tony","Anderson,_Craig","Antropov,_Nikolai","Apps,_Syl","Arnott,_Jason","Arvedson,_Magnus","Aubin,_Jean-Sebastien","Aubin,_Serge","Aucoin,_Adrian","Audette,_Donald","Auld,_Alexander","Axelsson,_Per_Johan","Avery,_Sean","Barilko,_Bill","Barnaby,_Matthew","Baron,_Murray","Barrasso,_Tom","Baumgartner,_Ken","Beech,_Kris","Belak,_Wade","Belfour,_Ed","Beliveau,_Jean","Berard,_Bryan","Berezin,_Sergei","Berg,_Aki","Bertuzzi,_Todd","Bierk,_Zac","Blake,_Rob","Bondra,_Peter","Bonvie,_Dennis","Bossy,_Mike","Boucher,_Brian","Boughner,_Bob","Bourque,_Raymond","Bouwmeester,_Jay","Bower,_Johnny","Boyle,_Dan","Boynton,_Nick","Bradley,_Matt","Brewer,_Eric","Brisebois,_Patrice","Brodeur,_Martin","Brylin,_Sergei","Bure,_Pavel","Bure,_Valeri","Burke,_Sean","Byers,_Lyndon","Cajanek,_Petr","Cammalleri,_Mike","Campbell,_Gregory","Carter,_Anson","Cechmanek,_Roman","Chase,_Kelly","Cheechoo,_Jonathan","Chelios,_Chris","Chistov,_Stanislav","Churla,_Shane","Ciccarelli,_Dino","Clark,_Wendel","Cleary,_Daniel","Cloutier,_Dan","Coffey,_Paul","Comrie,_Mike","Cooke,_Matt","Corbet,_Rene","Corson,_Shayne","Crosby,_Sidney","Cross,_Cory","Dafoe,_Byron","Damphousse,_Vincent","Dandenault,_Mathieu","Datsyuk,_Pavel","Deadmarsh,_Adam","Demitra,_Pavol","Denis,_Marc","Desjardins,_Eric","Diduck,_Gerald","Dingman,_Chris","Dionne,_Marcel","Doan,_Shane","Domi,_Tie","Donovan,_Shean","Draper,_Kris","Drury,_Chris","Dupuis,_Pascal","de_Vries,_Greg","Eriksson,_Anders","Esche,_Robert","Esposito,_Phil","Essensa,_Bob","Fedorov,_Sergei","Fedotenko,_Ruslan","Ference,_Andrew","Fernandez,_Manny","Ferraro,_Peter","Fischer,_Jiri","Fleury,_Theo","Focht,_Dan","Foote,_Adam","Forsberg,_Peter","Francis,_Ron","Fuhr,_Grant","Gaborik,_Marian","Gaetz,_Link","Gagné,_Simon","Gariepy,_Ray","Gelinas,_Martin","Giguere,_Jean-Sebastien","Gilmour,_Doug","Girard,_Jonathan","Gomez,_Scott","Gratton,_Chris","Graves,_Adam","Green,_Travis","Gretzky,_Wayne","Gusarov,_Alexei","Hackett,_Jeff","Hall,_Glenn","Halpern,_Jeff","Harlock,_David","Harvey,_Doug","Hasek,_Dominik","Havlat,_Martin","Healy,_Glenn","Hecht,_Jochen","Hedberg,_Johan","Hedican,_Bret","Hejduk,_Milan","Henderson,_Jay","Hextall,_Ron","Hirsch,_Corey","Hoglund,_Jonas","Horcoff,_Shawn","Horton,_Nathan","Horton,_Tim","Howe,_Gordie","Hrkac,_Tony","Hull,_Bobby","Hull,_Brett","Iginla,_Jarome","Irbe,_Arturs","Isbister,_Brad","Jackman,_Richard","Jagr,_Jaromir","Johnson,_Mike","Jokinen,_Olli","Joseph,_Curtis","Jovanovski,_Ed","Kaberle,_Tomas","Kalinin,_Dmitri","Kariya,_Paul","Karpovtsev,_Alexander","Kasparaitis,_Darius","Keon,_Dave","Khabibulin,_Nikolai","Kidd,_Trevor","King,_Kris","Klemm,_Jon","Koivu,_Saku","Kolnik,_Juraj","Kolzig,_Olaf","Konstantinov,_Vladimir","Korolev,_Igor","Kovalev,_Alexei","Kozlov,_Vyacheslav","Kurri,_Jari","Kvasha,_Oleg","Kwiatkowski,_Joel","Lafleur,_Guy","Lalime,_Patrick","Lalonde,_Newsy","Langenbrunner,_Jamie","Laraque,_Georges","Larionov,_Igor","Laus,_Paul","LeClair,_John","Lecavalier,_Vincent","Leetch,_Brian","Legace,_Manny","Lemieux,_Claude","Lemieux,_Mario","Letowski,_Trevor","Lidstrom,_Nicklas","Lind,_Juha","Linden,_Trevor","Lindros,_Eric","Lumme,_Jyrki","Lundmark,_Jamie","Luongo,_Roberto","Lundqvist,_Henrik","MacInnis,_Al","Manson,_Dave","Maracle,_Norm","Marchant,_Todd","Markov,_Danny","Marleau,_Patrick","May,_Brad","McAllister,_Chris","McAuley,_Alyn","McCabe,_Bryan","McCarty,_Darren","McGillis,_Dan","McKay,_Randy","McKee,_Jay","McLaren,_Kyle","McLean,_Kirk","McLennan,_Jamie","Mellanby,_Scott","Messier,_Eric","Messier,_Mark","Miller,_Aaron","Modano,_Mike","Mogilny,_Alexander","Montador,_Steve","Moog,_Andy","Morrison,_Brendan","Muckalt,_Bill","Mullen,_Joe","Nabokov,_Evgeni","Naslund,_Markus","Neely,_Cam","Niedermayer,_Rob","Niedermayer,_Scott","Nieuwendyk,_Joe","Niinimaa,_Janne","Nolan,_Owen","O'Donnell,_Sean","O'Reilly,_Terry","Odgers,_Jeff","Odjick,_Gino","Ohlund,_Mattias","Olesz,_Rostislav","Orr,_Bobby","Osgood,_Chris","Ovechkin,_Alexander","Ozolinsh,_Sandis","Palffy,_Zigmund","Parrish,_Mark","Peca,_Mike","Perreault,_Yanic","Plante,_Jacques","Podein,_Shjon","Poti,_Tom","Potvin,_Felix","Pronger,_Chris","Potvin,_Denis","Rachunek,_Karel","Rasmussen,_Erik","Reasoner,_Marty","Recchi,_Mark","Reichel,_Robert","Reid,_Dave","Renberg,_Mikael","Resch,_Glenn","Rhodes,_Damian","Ricci,_Mike","Richard,_Maurice","Roberts,_Gary","Roenick,_Jeremy","Roy,_Patrick","Ruutu,_Jarkko","Sakic,_Joe","Salei,_Ruslan","Salo,_Tommy","Samsonov,_Sergei","Satan,_Miroslav","Sawchuk,_Terry","Scatchard,_Dave","Schinkel,_Ken","Schwab,_Corey","Sedin,_Daniel","Sedin,_Henrik","Selanne,_Teemu","Shanahan,_Brendan","Shelley,_Jody","Shields,_Steve","Shore,_Eddie","Shtalenkov,_Mikhail","Shvidki,_Denis","Simon,_Chris","Sittler,_Darryl","Skrastins,_Karlis","Skudra,_Peter","Sloan,_Blake","Smith,_Mark","Smyth,_Ryan","Staios,_Steve","Stajan,_Matt","Stevens,_Scott","Stillman,_Cory","Stock,_P._J.","Strudwick,_Jason","Stuart,_Brad","Suave,_Phillipe","Sundin,_Mats","Sundstrom,_Niklas","Sweeney,_Don","Sykora,_Petr","Tanguay,_Alex","Theodore,_Jose","Thibault,_Jocelyn","Thomas,_Steve","Thornton,_Joe","Timofeev,_Denis","Titov,_German","Tkachuk,_Keith","Trottier,_Bryan","Tucker,_Darcy","Tugnutt,_Ron","Turco,_Marty","Turek,_Roman","Twist,_Tony","Valk,_Garry","Vanbiesbrouck,_John","Vilgrain,_Claude","Vokoun,_Tomas","Webb,_Steve","Weekes,_Kevin","Weight,_Doug","Wells,_Chris","Whitney,_Ray","Worrell,_Peter","Wren,_Bob","Yashin,_Alexei","Yelle,_Stephane","Ylonen,_Juha","York,_Mike","Yushkevich,_Dmitry","Yzerman,_Steve","Zetterberg,_Henrik","Zhitnik,_Alexei","Zubov,_Sergei","Chats_and_Forums","Fan_Pages","News_and_Media","Players","Chats_and_Forums","Fan_Pages","News_and_Media","Players","Chats_and_Forums","Fan_Pages","News_and_Media","Players","Chats_and_Forums","Fan_Pages","History","News_and_Media","Players","Chats_and_Forums","Fan_Pages","News_and_Media","Players","Chats_and_Forums","Fan_Pages","News_and_Media","Players","Chats_and_Forums","Fan_Pages","News_and_Media","Players","Chats_and_Forums","Fan_Pages","News_and_Media","Players","Chats_and_Forums","Fan_Pages","News_and_Media","Players","Chats_and_Forums","Fan_Pages","News_and_Media","Players","Chats_and_Forums","Fan_Pages","News_and_Media","Players","Chats_and_Forums","Fan_Pages","News_and_Media","Players","Chats_and_Forums","Fan_Pages","News_and_Media","Players","Chats_and_Forums","Fan_Pages","News_and_Media","Players","Chats_and_Forums","Fan_Pages","News_and_Media","Players","Chats_and_Forums","Fan_Pages","News_and_Media","Players","Chats_and_Forums","Fan_Pages","News_and_Media","Players","Chats_and_Forums","Fan_Pages","News_and_Media","Players","Chats_and_Forums","Fan_Pages","News_and_Media","Players","Chats_and_Forums","Fan_Pages","News_and_Media","Players","Chats_and_Forums","Fan_Pages","News_and_Media","Players","Chats_and_Forums","Fan_Pages","News_and_Media","Players","Chats_and_Forums","Fan_Pages","News_and_Media","Players","Chats_and_Forums","Fan_Pages","News_and_Media","Players","Chats_and_Forums","Fan_Pages","News_and_Media","Players","Chats_and_Forums","Fan_Pages","News_and_Media","Players","Chats_and_Forums","Fan_Pages","News_and_Media","Players","Chats_and_Forums","Fan_Pages","News_and_Media","Players","Chats_and_Forums","Fan_Pages","News_and_Media","Players","Chats_and_Forums","Fan_Pages","News_and_Media","Players","England","Northern_Ireland","Scotland","Wales","Alberta","British_Columbia","Manitoba","Newfoundland","Nova_Scotia","Ontario","Quebec","Alabama","Alaska","Arizona","Arkansas","California","Colorado","Connecticut","Delaware","Florida","Georgia","Hawaii","Idaho","Illinois","Indiana","Iowa","Kansas","Kentucky","Louisiana","Maine","Maryland","Massachusetts","Michigan","Minnesota","Mississippi","Missouri","Montana","Nevada","New_Hampshire","New_Jersey","New_Mexico","New_York","North_Carolina","Ohio","Oklahoma","Oregon","Pennsylvania","Rhode_Island","South_Carolina","Tennessee","Texas","Utah","Vermont","Virginia","Washington","Washington,_DC","West_Virginia","Wisconsin","Wyoming","Alaska","California","Colorado","Connecticut","Florida","Hawaii","Louisiana","Maryland","Massachusetts","Michigan","Nevada","Ohio","Oklahoma","Pennsylvania","Texas","Virginia","Wisconsin","Alaska","Arizona","Arkansas","California","Colorado","Connecticut","Florida","Georgia","Hawaii","Idaho","Illinois","Indiana","Iowa","Kansas","Kentucky","Louisiana","Maryland","Massachusetts","Michigan","Minnesota","Mississippi","Missouri","Montana","Nevada","New_Jersey","New_Mexico","New_York","North_Carolina","Ohio","Oklahoma","Oregon","Pennsylvania","South_Carolina","Texas","Utah","Virginia","Washington","Washington,_DC","West_Virginia","Wisconsin","California","Florida","Georgia","New_Jersey","New_York","England","Northern_Ireland","Scotland","Wales","Alabama","Alaska","Arizona","Arkansas","California","Colorado","Connecticut","Delaware","Florida","Georgia","Hawaii","Idaho","Illinois","Indiana","Iowa","Kansas","Kentucky","Louisiana","Maine","Maryland","Massachusetts","Michigan","Minnesota","Mississippi","Missouri","Nebraska","Nevada","New_Jersey","New_York","North_Carolina","Ohio","Oklahoma","Oregon","Pennsylvania","Rhode_Island","South_Carolina","Texas","Utah","Virginia","Washington","Wisconsin","England","Scotland","United_Kingdom","Canada","Mexico","United_States","California","New_York","Texas","Japan","Singapore","Belgium","Netherlands","Serbia","Sweden","United_Kingdom","Canada","United_States","Australia","Alabama","Alaska","Arizona","Arkansas","California","Colorado","Florida","Georgia","Hawaii","Idaho","Illinois","Indiana","Iowa","Kansas","Kentucky","Louisiana","Maine","Maryland","Michigan","Mississippi","Missouri","Nebraska","New_Hampshire","New_Jersey","New_Mexico","New_York","North_Carolina","North_Dakota","Ohio","Oklahoma","Oregon","Pennsylvania","South_Carolina","South_Dakota","Tennessee","Texas","Virginia","Washington","West_Virginia","Wisconsin","Key_Motorsports","JTG_Daugherty_Racing","Allison,_Davey","Edwards,_Carl","Petty,_Richard","Biffle,_Greg","Burton,_Jeff","Burton,_Ward","Busch,_Kurt","Craven,_Ricky","Earnhardt,_Dale","Earnhardt,_Dale,_Jr.","Elliott,_Bill","Gordon,_Jeff","Gordon,_Robby","Hamlin,_Denny","Harvick,_Kevin","Irvan,_Ernie","Irwin,_Kenny,_Jr.","Jarrett,_Dale","Johnson,_Jimmie","Logano,_Joey","Kahne,_Kasey","Kenseth,_Matt","Labonte,_Bobby","Labonte,_Terry","Lepage,_Kevin","Marcis,_Dave","Marlin,_Sterling","Martin,_Mark","Mayfield,_Jeremy","McMurray,_Jamie","Nadeau,_Jerry","Nemechek,_Joe","Newman,_Ryan","Petty,_Kyle","Rudd,_Ricky","Sadler,_Elliott","Spencer,_Jimmy","Stewart,_Tony","Wallace,_Rusty","Waltrip,_Darrell","Waltrip,_Michael","Busch,_Kyle","Reutimann,_David","Truex_Jr.,_Martin","Ragan,_David","Vickers,_Brian","Mears,_Casey","Bowyer,_Clint","Blaney,_Dave","Menard,_Paul","Roush_Fenway_Racing","Penske_Racing","Richard_Childress_Racing","Joe_Gibbs_Racing","Chip_Ganassi_Racing","Robby_Gordon_Motorsports","Gillett_Evernham_Motorsports","Michael_Waltrip_Racing","Drivers","Teams","Drivers","Teams","Alaska","Arizona","Arkansas","California","Colorado","Connecticut","Florida","Georgia","Hawaii","Illinois","Indiana","Kentucky","Louisiana","Maine","Maryland","Massachusetts","Michigan","Minnesota","Mississippi","Missouri","Nevada","New_Hampshire","New_Jersey","New_Mexico","New_York","North_Carolina","Ohio","Oklahoma","Oregon","Pennsylvania","Rhode_Island","South_Carolina","Tennessee","Texas","Utah","Vermont","Virginia","Washington","Wisconsin","Montana","Alabama","Alaska","Arizona","Arkansas","California","Colorado","Illinois","Indiana","Maryland","Michigan","Minnesota","Mississippi","Montana","Nevada","New_Jersey","New_York","North_Carolina","Ohio","Oregon","Tennessee","Texas","Utah","Vermont","Virginia","Washington","Boston_University","SUNY_-_Albany","SUNY_-_Binghamton","SUNY_-_Stony_Brook","University_of_Hartford","University_of_Maine","University_of_Maryland_-_Baltimore_County","University_of_New_Hampshire","University_of_Vermont","Duquesne_University","Fordham_University","George_Washington_University","La_Salle_University","Saint_Bonaventure_University","Saint_Joseph's_University","St._Louis_University","Temple_University","University_of_Dayton","University_of_Massachusetts","University_of_North_Carolina_-_Charlotte","University_of_Rhode_Island","University_of_Richmond","Xavier_University","Boston_College","Clemson_University","Duke_University","Florida_State_University","North_Carolina_State_University","University_of_Maryland","University_of_Miami","University_of_North_Carolina","University_of_Virginia","Virginia_Tech","Wake_Forest_University","Adelphi_University","Hartwick_College","Howard_University","Longwood_University","New_Jersey_Institute_of_Technology","Philadelphia_University","SUNY_-_Oneonta","Florida_Atlantic_University","Belmont_University","Campbell_University","East_Tennessee_State_University","Gardner-Webb_University","Georgia_State_University","Jacksonville_University","Kennesaw_State_University","Lipscomb_University","Mercer_University","Stetson_University","Baylor_University","Iowa_State_University","Oklahoma_State_University","Texas_A&amp;M_University","Texas_Tech_University","University_of_Colorado","University_of_Kansas","University_of_Missouri","University_of_Nebraska","University_of_Oklahoma","University_of_Texas","DePaul_University","Georgetown_University","Marquette_University","Providence_College","Rutgers_University","Saint_John's_University","Seton_Hall_University","Syracuse_University","University_of_Cincinnati","University_of_Connecticut","University_of_Louisville","University_of_Notre_Dame","University_of_Pittsburgh","University_of_South_Florida","Villanova_University","West_Virginia_University","Eastern_Washington_University","Idaho_State_University","Northern_Arizona_University","Portland_State_University","Sacramento_State_University","University_of_Montana","Weber_State_University","Birmingham_-_Southern_College","Charleston_Southern_University","Coastal_Carolina_University","High_Point_University","Liberty_University","Radford_University","University_of_North_Carolina_-_Asheville","Virginia_Military_Institute","Winthrop_University","Indiana_University","Michigan_State_University","Northwestern_University","Ohio_State_University","Penn_State_University","Purdue_University","University_of_Illinois","University_of_Iowa","University_of_Michigan","University_of_Minnesota","University_of_Wisconsin","Cal_Poly","College_of_William_and_Mary","George_Mason_University","James_Madison_University","Northeastern_University","Old_Dominion_University","University_of_North_Carolina_-_Wilmington","Virginia_Commonwealth_University","Florida_International_University","University_of_Alabama_-_Birmingham","University_of_Central_Florida","Colorado_College","Francis_Marion_University","Indiana-Purdue-Fort_Wayne","North_Dakota_State_University","South_Dakota_State_University","University_of_Northern_Colorado","Delaware_State_University","South_Carolina_State_University","Utah_Valley_State_College","Bridgewater_College","Eastern_Mennonite_University","Guilford_College","Hampden_-_Sydney_College","Hollins_University","Lynchburg_College","Randolph-Macon_Women's_College","Border_Stars","Cincinnati_Excite","Massachusetts_Twisters","Baltimore_Blast","Chicago_Storm","History","Milwaukee_Wave","Philadelphia_Kixx","Chats_and_Forums","Fan_Pages","Supporter_Clubs","Fan_Pages","Fan_Pages","Stamford_Bridge","Chats_and_Forums","Supporter_Clubs","Chats_and_Forums","Supporter_Clubs","City_of_Manchester_Stadium","Chats_and_Forums","Fan_Pages","Old_Trafford","Supporter_Clubs","Chats_and_Forums","Fan_Pages","St._James'_Park","Supporter_Clubs","Fan_Pages","Fan_Pages","Supporter_Clubs","Chats_and_Forums","Supporter_Clubs","Fan_Pages","Fanzines","Supporter_Clubs","Supporter_Clubs","Accrington_Combination","Aldershot_and_District","Aldershot_and_District_Sunday","Alfreton_and_District_Sunday","Alliance_Football_League","Altrincham_Sunday","Altrincham_and_District_Amateur","Andover_and_District_Saturday","Andover_and_District_Sunday","Ashton_and_District_Sunday","Asian_Football_League","Association_of_Provincial_Football_Supporters'_Clubs_in_London","Aylesbury_District","Aylesbury_Sunday_Football_Combination","Ashford_and_District","Banbury_District_and_Lord_Jersey","Banbury_and_District_Sunday_Morning","Barking_and_District_Sunday","Barnet_Sunday","Basildon_Sunday","Basingstoke_and_District_Saturday","Basingstoke_and_District_Sunday","Bath_and_District_League","Beacon_Football_League","Beckett","Bedford_and_District_Sunday","Berkhamsted_Sunday","Birkenhead_Sunday","Birmingham_Alliance","Birmingham_Amateur_Football_Association_League","Birmingham_Festival_Sunday","Blackburn_Sunday","Blackmore_Vale_Sunday","Blackpool_and_Fylde_Sunday_Football_Alliance","Blades_Super_Draw_Sunday_Sports_League","Blyth_and_Wansbeck_Sunday","Bolton_Pioneer","Bolton_Sunday","Boston_and_District","Bournemouth","Bracknell_and_District_Sunday","Bradford","Bradford_Sunday_Alliance","Braintree_and_North_Essex_Sunday","Breckland_and_District_Sunday","Brentwood_Sunday","Bridgwater_Sunday","Brighouse_and_District_Sunday","Bristol_Downs","Bristol_Premier_Combination","Bristol_Regional_Sunday","Bristol_and_Avon","Bristol_and_District","Bristol_and_District_Sunday","Bristol_and_Suburban","Bristol_and_Wessex_Sunday","Bromley_and_District","Bromsgrove_and_District","Burnley_and_District_Sunday","Burton_and_District_Football_Association","Burton_and_District_Sunday","Bury_and_District","Bury_and_District_Sunday_-_Manchester","Bury_and_District_Sunday_-_Suffolk","The_Bishop's_Stortford,_Stansted_and_District_Football_League","Camberley_and_District_Sunday","Cambridge_Alliance_Sunday","Cambridge_Sunday","Cambridge_and_District_Friendly","Camden_Sunday","Cannock_Chase","Canterbury_and_District","Carlisle_City_Sunday","Castleford_and_District_Sunday","Central_and_South_Norfolk","Charnwood_Sunday","Chelmsford_Invitation_League","Chelmsford_and_District_Sunday_Social","Cheltenham_Association_Football_League","Cheltenham_Sunday","Chesham_Sunday","Cheshire_and_Manchester_Sunday","Chester_and_District","Chester_and_District_Sunday","Chesterfield_and_District_Amateur","Chesterfield_and_District_Sunday","Chichester_and_West_Sussex_Sunday","Chippenham_and_District_Sunday","Chiswick_and_District_Sunday","Chorley_and_District_Alliance","Cirencester_and_District","City_Traders_League","City_of_Portsmouth_Sunday","City_of_Southampton_Sunday","Clacton_and_District_Sunday","Claro_Sunday","Colchester_and_District_Sunday","Colchester_and_East_Essex","Consett_and_District_Sunday","Cornish_Mining_Division","Cornwall_Combination","Coronation_Football_League_and_Alliance","Coventry_Alliance","Coventry_Sunday","Craven_and_District","Cramlington_Sunday","Crewe_and_District","Croydon_Municipal_Sunday","Croydon_Sunday","Community_Champions","Dagenham_and_District_Sunday","Darlington_Sunday_Invitation","Dartford_and_District","Daventry_and_District_Sunday","Deal_and_District","Derby_City","Derby_Taverners_Senior","Devon_and_Exeter","Doncaster_and_District_Senior","Doncaster_and_District_Sunday_Alliance","Dorset_Saturday","Dorset_Sunday","Dover_Sunday","Driffield_and_District","Duchy_League","Dudley_and_Cradley_Heath","Durham_Alliance_Football_League","Durham_and_District_Sunday","EMPAL","East_Cheshire","East_Cheshire_Sunday","East_Cornwall","East_Herts_Corinthian_Sunday","East_Lancashire","East_Lincs_Combination","East_London_Sunday","East_Midlands_Alliance","East_Midlands_Senior","East_Riding_Amateur","East_Riding_County","East_of_the_Reading_Sunday","Eastbourne_and_District","Eccles_Sunday","Edmonton_and_District_Sunday","Eltham_and_District_Sunday","Emergency_Services","Essex_Herts_and_Bordering_Counties_Combination","Essex_Sunday_Corinthian","Essex_Sunday_Football_Combination","Evesham_Sunday","Exeter_and_District_Sunday","Falmouth_and_Helston_Football_League","Farnham_Sunday","Ford_Sunday","Forest_and_District","Formers_League","Frome_and_District_Sunday","Furness_Premier","Gainsborough_and_District","Gainsborough_and_District_Sunday","Gateshead_and_District_Sunday","Gloucester_Northern_Senior","Gloucester_and_District_Sunday","Goole_and_District_Sunday","Grantham_and_District_Premier","Gravesend","Great_Yarmouth_Sunday","Great_Yarmouth_and_District","Greater_Manchester_Ability_Counts","Grimsby,_Cleethorpes_and_District_Sunday","Guernsey_Football_Association_Leagues","Guildford_and_Woking_Alliance","Hackney_and_Leyton","Halifax_Saturday","Halifax_Sunday","Hallamshire_Nomads_Sunday","Hambleton_Football_Combination","Hampshire_League_2004","Harlow_and_District","Harrogate_and_District","Harrow_Sunday_Challenge","Hartlepool_Sunday","Hastings_and_East_Sussex_Sunday","Havant_Sunday","Hayes_and_District_Sunday","Heavy_Woollen_Gate_Sunday_Alliance","Hendon_and_District_Sunday","Herefordshire","Herefordshire_Sunday","Herne_Bay_and_Whitstable_Sunday","Hertford_and_District","Hexham_and_District_Sunday","High_Wycombe_Sunday_Football_Combination","Hinckley_and_District_Sunday","Hitchin_Sunday","Hope_Valley_League","Huddersfield_Works_League","Huddersfield_and_District","Huddersfield_and_District_Sunday","Hull_Sunday","Humber_Premier","Hyde_and_District_Sunday","I_Zingari_Football_Combination","Ilford_and_District","Independent_Sunday","Inner_London_Amateur_Football_League","Ipswich_Sunday","Ipswich_and_District_Licensed_Trades","Ironbridge_Sunday","Isle_of_Man_Football_League","Isle_of_Wight_Saturday","Jersey_Football_Combination","KOPA","Keighley_and_Aire_Valley_Sunday_Football_Alliance","Keighley_and_District","Kent_Suburban","Kettering_Area_Sunday","Kidderminster_and_District","Kingston_and_District","Lancashire_Amateur_Football_League","Lancashire_Football_League","Lancashire_Sunday","Lancashire_and_Cheshire_Amateur_League","Lancaster_and_Morecambe_Grassroots_Sunday","Langbaurgh_Sunday","Leamington_and_District_Sunday","Leatherhead_and_District_Sunday","Leeds_Combination","Leeds_Red_Triangle","Leeds_Sunday","Leeds_Sunday_Alliance","Leek_and_District_Sunday","Leicester_City_Football_League","Leicester_Sunday","Leicester_and_District","Leicestershire_Combination","Leighton_and_District","Lewes_and_District_Sunday","Lichfield_and_District","Lincoln_Football_League","Lincoln_and_District_Sunday","Lincolnshire_Intermediate","Lincolnshire_League","Liverpool_Old_Boys","London_Accountants","London_City_Airport_Sunday","London_Commercial","London_Communities","London_Football_League_Weekend","London_and_Kent_Border_Sunday","London_and_South_East_Ability_Counts","Long_Eaton_Sunday","Lowestoft_Sunday","Lowestoft_and_District","Luton_District_and_South_Beds","Luton_Sunday","Macclesfield_and_District_Sunday","Maidstone_and_District","Maidstone_and_Mid_Kent_Sunday","Manchester_Amateur_Sunday_League","Manchester_Publicity_Sunday","Manchester_Saturday_Morning","Mansfield_Sunday","Matlock_and_District_Saturday","Medway_Sunday","Memorial_Sunday","Meon_Valley","Metropolitan_Sunday","Mexborough_and_District_Sunday","Mid-Somerset","Mid_Cheshire_Sunday","Mid_Essex","Middlesbrough_and_District_Sunday_PM","Middleton_and_District_Sunday","Midland_Police","Midlands_Regional_Alliance","Milton_Keynes_Sunday","Mitcham_and_District_Sunday","Morden_and_District_Sunday","Morpeth_Sunday","Newark_Football_Alliance","Newbury_and_District_Sunday","Newcastle_Central_Sunday_Afternoon","Newcastle_Corinthians","North_Birmingham_Sunday","North_Bucks","North_Devon","North_East_Norfolk","North_East_Sunday","North_Gloucestershire","North_Hillingdon_and_District_Sunday","North_Kent_Sunday","North_Lancashire_and_District","North_Leicestershire","North_Northumberland","North_West_Essex_Sunday","North_West_Norfolk","North_Western_Senior","North_and_Mid-Herts","Northampton_Bangladeshi_Association","Northamptonshire_Sunday_Combination","Northants_Sunday_Conference","Norwich_and_District_Sunday","Notts_Amateur_Alliance","Notts_Combination","Notts_Sunday","Nuneaton_and_District_Sunday","Observer_Industrial","Oldham_Sunday","Olympian_Sunday","Ormskirk_Sunday","Orpington_and_Bromley_District_Sunday","Oxford_Sunday","Perry_Street_and_District","Peterborough_Sunday","Peterborough_Sunday_Afternoon","Peterborough_Sunday_Morning","Peterlee_and_District_Sunday","Plymouth_and_West_Devon_Combination","Pope_and_Smith_Chelmsford_Sunday","Portsmouth_League","Preston_and_District","Reading_and_District_Sunday","Redcar_and_District","Redditch_and_South_Warwickshire_Combination","Redhill_and_District","Regional_Alliance_Sunday","Review_and_Observer_Sunday","Rochester_and_District","Romford_and_District","Rotherham_and_District_Sunday","Runcorn_Sunday","Rushden_and_District_Sunday","Salisbury_and_District_[Saturday]","Salisbury_and_District_[Sunday]","Scarborough_Sunday","Sceptre_League","Scunthorpe_Sunday","Scunthorpe_and_District","Selby_and_District","Sevenoaks_and_District","Severside_League","Sheffield_Imperial_Sunday","Sheffield_Meadowhall_Sunday","Sheffield_and_District_Fair_Play_League","Sheffield_and_Hallamshire_County_Senior","Sheppey_Sunday","Shrewsbury_Sunday","Shropshire_Alliance","Shropshire_County_Premier","Skelmersdale_and_District_Sunday","Solent","Solihull_and_District_Oakbourne","South_Beds_Sunday","South_Birmingham_Sunday_Premier","South_Devon","South_East_Essex_Sunday","South_Essex_Sunday","South_Lancashire_Counties","South_London_Football_Alliance","South_Norfolk","South_Shields_Sunday_Morning","South_Thameside_Sunday","South_Wirral","South_Yorkshire","Southampton_League","Southampton_and_District_Sunday","Southend_Borough_Combination","Southend_Sunday","Southend_and_District","Southern_Sunday","Southport_and_District","Spen_Valley_and_District","Spennymoor_Sunday","Sportsmans_Senior_Sunday","St._Neots_and_District_Sunday","St_Helens_and_District_Combination","Stafford_and_District_Sunday","Stevenage_Sunday","Stockport_and_Cheadle_Sunday","Stockport_and_District_Sunday","Stockton_Sunday","Stokesley_and_District","Stratford-upon-Avon_Football_Alliance","Stroud_and_District","Sudbury_and_District_Sunday","Sunday_Super_League","Sunderland_Sunday","Surrey_Intermediate","Surrey_South_Eastern_Combination","Surrey_and_Hants_Border","Sussex_Sunday","Sutton_and_District","Sutton_and_District_Sunday","Swindon_Sunday","Swindon_and_District","Tameside_Sunday","Tamworth_and_District_Sunday","Taunton_Sunday","Taunton_and_District_Saturday","Teesborough","Teesside_League","Telford_Combination","Telford_Sunday","Thames","Thames_Valley","Thanet_Sunday","Thanet_and_District","Thurrock_Sunday","Tonbridge","Torbay_Combination_Sunday","Torbay_Sunday","Trowbridge_and_District","Turkish_Community_Football_Federation","Tyne_and_Wear","Tyneside_Amateur_League","Tyneside_Sunday","Upper_Thames_Valley_League","Uttoxeter_and_District","Wakefield_and_District","Wakefield_and_District_Sunday","Walsall_and_District_Sunday","Waltham_Sunday","Warley_Sunday","Warrington_Sunday","Warrington_and_District","Watford_Sunday","Watnall_Premier","Wearside_Combination","Welwyn_Hatfield_Sunday","Wensleydale_Creamery","West_Cornwall_Sunday","West_End","West_End_[London]_Amateur_League","West_Fulham_Sunday","West_Herts_Saturday","West_Kent_Sunday","West_London_Millennium","West_Middlesex_Sunday","West_Riding_Amateur","West_Yorkshire","Westmorland","Weston-super-Mare","Weymouth_Sunday","Wigan_and_District_Amateur","Wharfedale_Triangle","Wimbledon_and_District","Winchester_and_District","Wirral_Sunday","Witney_and_District","Wolverhampton_Sunday","Woolwich_and_District","Woolwich_and_Eltham_Sunday_Football_Alliance","Worcester_and_District_Sunday","Worthing_and_Horsham_District_Sunday","Wycombe_and_District","Wythenshawe_and_District_Sunday","Yeovil_Sunday","Yeovil_and_District","York_Leeper_Hare_Football_League","York_and_District_Sunday_Afternoon","Yorkshire_Old_Boys","Yorkshire_Services","Chats_and_Forums","Fan_Pages","Supporter_Clubs","Supporter_Clubs","Canada","Mexico","United_States","Australia","New_Zealand","Channel_Islands","Alabama","Alaska","Arizona","Arkansas","California","Colorado","Connecticut","Delaware","Florida","Georgia","Hawaii","Idaho","Illinois","Indiana","Iowa","Kansas","Kentucky","Louisiana","Maine","Maryland","Massachusetts","Michigan","Minnesota","Mississippi","Missouri","Montana","Nebraska","Nevada","New_Hampshire","New_Jersey","New_Mexico","New_York","North_Carolina","North_Dakota","Ohio","Oklahoma","Oregon","Pennsylvania","Rhode_Island","South_Carolina","South_Dakota","Tennessee","Texas","Utah","Vermont","Virginia","Washington","Washington,_DC","West_Virginia","Wisconsin","Wyoming","Alberta","British_Columbia","Ontario","Quebec","Arizona","California","Colorado","Connecticut","Idaho","Maine","Maryland","Massachusetts","Michigan","Minnesota","Montana","New_Hampshire","New_Jersey","New_Mexico","New_York","Oregon","Pennsylvania","South_Dakota","Utah","Vermont","Washington","West_Virginia","Wisconsin","Wyoming","Resorts","Resorts"
